युक्रेन-रुस युद्धः चेचन्यादेखि एलेप्पो अनि युक्रेनसम्म प्रतिरोधको सामना गर्ने पुटिनको रणनीति	मैले यो लेखिरहँदा किएभको केन्द्र र यसका धेरै उपनगरहरू अछुतै छन्। साइरन र चेतावनीहरू भने बारम्बार आइरहन्छन्। यहाँका हरेक व्यक्तिलाई थाहा छ- यो अवस्थामा जुनसुकै बेला परिवर्तन हुनसक्छ। त्यस्तो परिवर्...	https://l.hamropatro.com/r/https://www.bbc.com/nepali/news-60643742?xtor=AL-73-[partner]-[hamro.patro]-[headline]-[nepali]-[bizdev]-[isapi]	popular	L
११ वर्षीय बालिकालाई पनि ‘विष’ खुवाएर किन गरे परिवारका सबै सदस्यले आत्महत्या प्रयास ?	काठमाडौं । ‘सुसाइड’ नोट लखेर आत्महत्याको प्रयास गर्ने काठमाडौंमा एकै परिवारका पाँचजनाबारे प्रहरी अनुसन्धान जारी छ । पाँचमध्ये एकजनाको मृत्यु भएको छ । चारजनाको अचेत अवस्थामा स्वयम्भूस्थित मनमोहन मेम...	https://l.hamropatro.com/r/https://baahrakhari.com/news-details/343622	popular	L
युक्रेन-रुस युद्धः रुसको चेतावनीअनुसार तेलको मूल्य कति पुग्न सक्छ	पश्चिमा देशहरूले रुसी तेलमाथि प्रतिबन्ध लगाए तेलको मूल्यमा व्यापक वृद्धि हुने मस्कोले चेतावनी दिएको छ। अन्तर्राष्ट्रिय बजारमा प्रतिब्यारल तेलको मूल्य तीन सय डलरसम्म पुग्न सक्ने उसको चेतावनी छ। प्...	https://l.hamropatro.com/r/https://www.bbc.com/nepali/news-60657087?xtor=AL-73-[partner]-[hamro.patro]-[headline]-[nepali]-[bizdev]-[isapi]	popular	L
ललितपुरमा एकै परिवारका ५ जनाको मृत्यु हुनुको कारण के हो ?	ललितपुरको कोन्ज्योसोम गाउँपालिका–४ स्थित नल्लुमा २ दिनअघि शिशुको जन्म भएपछि स्याङ्तान परिवारमा खुसी छाएको थियो तर त्यो खुसी लामो समयसम्म टिक्न सकेन । स्याङ्तान परिवारमा खुसी छर्ने शिशु र खुसी मनाउ...	https://l.hamropatro.com/r/https://lokaantar.com/story/174855/2022/3/8/press/death	popular	L
भक्तपुरमा अर्धनग्न अवस्थामा मृत भेटिएकी महिला गर्थिन् मजदुरी, पहिचान खुल्यो	काठमाडौं । भक्तपुरमा मृतावस्थामा फेलापरेकी महिलाको पहिचान खुलेको छ । गए राति चाँगुनारायण नगरपालिका–७, बागरेस्थित तरकारी खेती हुँदै आएको जग्गामा टिनको कच्ची टहराभित्र महिलाको शव फेलापरेको थियो । मृ...	https://l.hamropatro.com/r/https://baahrakhari.com/news-details/343624	popular	L
माओवादी केन्द्र र नेकपा (एकीकृत समाजवादी) ले मन्त्रीहरु परिवर्तन गर्दै, को-को हट्दैछन् ?	काठमाडौं, २४ फागुन । नेकपा (माओवादी केन्द्र) र नेकपा (एकीकृत समाजवादी) ले पार्टीबाट सरकारमा सहभागी केही मन्त्रीहरुलाई फिर्ता बोलाउने तयारी गरेका छन् । प्रधानमन्त्री शेरबहादुर देउवासँगको छलफल र सहमत...	https://l.hamropatro.com/r/https://www.reportersnepal.com/2022/03/657717	popular	L
युक्रेनले यी शर्त मानेमा रुसले तत्काल रोक्नेछ युद्ध	रुसले युद्ध रोक्नका लागि युक्रेनका अगाडि चारवटा शर्त राखेको छ ।  पहिलो, युक्रेनले तत्कालै सैन्य कारवाही रोक्नुपर्छ । दोस्रो, युक्रेनले संविधन संशोधन गरेर आफूलाई कुनै पनि गठबन्धनमा रहन दिनुहुँदैन ...	https://l.hamropatro.com/r/https://lokaantar.com/story/174915/2022/3/8/international/ukraine-invasion	popular	L
रुसले यसरी अप्ठ्यारोमा पारिरहेको छ युक्रेनी सेनालाई	युक्रेनमाथि रुसले आक्रमण गरेको १३औं दिनमा आइपुग्दा युक्रेनी सेनामाथि रुसी सेना हावी हुँदै गएको छ ।  डोनबास क्षेत्रको डोनेत्स्क र लुहान्स्कमा युक्रेनी सेनालाई रुसी सेनाले घेराबन्दी गरेर च्यापेको छ ...	https://l.hamropatro.com/r/https://lokaantar.com/story/174899/2022/3/8/international/russia-ukraine	popular	L
नेटो कायर संस्था हो : जेलेन्स्की	युक्रेनका राष्ट्रपति भोलोदीमीर जेलेन्स्कीले पश्चिमी सैन्य गठबन्धन नेटो कायर संस्था भएको बताएका छन् ।  रुसले युक्रेनमाथि आक्रमण गरेपछि नेटोले युक्रेनलाई सार्थक सहयोग नगरेकाले जेलेन्स्की आक्रोशित भए...	https://l.hamropatro.com/r/https://lokaantar.com/story/174919/2022/3/8/international/Zelensky-on-NATO	popular	L
युक्रेनको प्रतिरक्षाका लागि पुगे विभिन्न देशका स्वयंसेवी सैनिक	रुसको आक्रमणबाट युक्रेनको प्रतिरक्षाका लागि भन्दै गठन गरिएको इन्टरनेसनल लिजन अफ टेरिटोरियल डिफेन्स अफ युक्रेनका स्वयंसेवी सैनिकहरू किएभ बाहिर पुगेका छन् ।  अमेरिका, बेलायत, स्विडेन, लिथुएनिया, मेक...	https://l.hamropatro.com/r/https://lokaantar.com/story/174906/2022/3/8/international/ukraine-invasion	popular	L
रामकोट घटनाका परिवारले लेखेको नोट फेला, घटनाको कारण खोतल्दै प्रहरी	काठमाडौंको नागार्जुन नगरपालिका–६ रामकोटस्थित डाँडापौवामा सोमबार राति विष पिएको परिवारका ५ जनामध्ये ४ जनाको गम्भीर अवस्थमा उपचार भइरहेको छ । ६२ वर्षीया इन्दिरामाया प्रधान सहित विष पिएका ४ जनाको स्वय...	https://l.hamropatro.com/r/https://ratopati.com/story/225163/2022/3/8/ramkot-ghatana-	popular	L
पुटिनले दिएको आणविक हतियार उपयोगको धम्कीलाई पश्चिमले कसरी लिन्छ ?	अघिल्लो साता रुसका राष्ट्रपति भ्लादिमिर पुटिनले पश्चिमी राष्ट्रहरूबाट लगातार धम्की आइरहेकाले आफ्नो आणविक हतियार इकाइलाई तयारी अवस्थामा रहन निर्देशन दिएका छन् ।  आणविक हतियारको उपयोगले पृथ्वी नै ध्...	https://l.hamropatro.com/r/https://lokaantar.com/story/174925/2022/3/8/international/nuclear-bombs	popular	L
फाइनान्सले जागिरबाट निकाल्यो, प्रहरीमा लगेर थुनायो अनि परिवारले नै विष पिए	फाइनान्सकै कारण उजाडियो परिवार काठमाडौंको रामकोटमा एकै परिवारका ५ जनाले एकसाथ विष पिएको घटनामा गोरखा फाइनान्स जोडिएको छ।  गोरखा फाइनान्सले झुटो आरोप लगाउँदै मुद्दा दर्ता गरेपछि आत्महत्याको निर्णय...	https://l.hamropatro.com/r/https://nepalkhabar.com/society/122982-2022-3-8-16-6-48	popular	L
एमाले प्रवेश गर्ने भएपछि रंगेलीका मेयर बगडियालाई माओवादीले गर्‍यो पार्टीबाटै निष्कासन	मोरङको रंगेली नगरपालिकाका मेयर दिलिप बगडिया (अग्रवाल) एमाले प्रवेश गर्ने भएपछि नेकपा (माओवादी केन्द्र)ले उनलाई कारबाही गरेको छ ।  मेयर बगडियालाई बुधवार एमाले अध्यक्ष केपी शर्मा ओलीले रंगेलीमा एक क...	https://l.hamropatro.com/r/https://lokaantar.com/story/174896/2022/3/8/politics/uml-moist-	popular	L
भक्तपुरमा मृत फेला परेकी महिलाको पहिचान खुल्यो	भक्तपुरमा मृत भेटिएकी महिलाको पहिचान खुलेको छ । जिल्लाको चाँगुनारायण नगरपालिका वडा नम्बर ७ मा सोमबार साँझ एक महिलाको शव भेटिएको थियो । मृतक महिला करिब २८ वर्षकी जेनिसा नगरकोटी रहेको महानगरीय प्रहरी...	https://l.hamropatro.com/r/https://ratopati.com/story/225190/2022/3/8/crime-	popular	L
‘सुसाइट नोट’ लेखेर एकै परिवारका पाँचजनाले गरे विष सेवन, एकको मृत्यु	काठमाडौं, फागुन २४। काठमाडौंको नागार्जुन नगरपालिका वडा नम्बर ६ डाडापौवामा एकै परिवारका पाँच जनाले विष सेवन सामूहिक आत्महत्याको प्रयास गरेका छन् । सुसाइट नोट लेखेर विष सेवन गरेका पाँच जना मध्ये एक ज...	https://l.hamropatro.com/r/https://www.reportersnepal.com/2022/03/657322	popular	L
अर्धनग्न अवस्थामा भेटियो महिलाको शव	भक्तपुर : चागुँनारायण नगरपालिकाको बागरेमा अर्धनग्न अवस्थामा महिलाको शव फेला परेको छ। परालले छोपेको अवस्थमा शव फेला परेको भक्तपुर प्रहरीले जनाएको छ। महिलाको घाँटी र अन्य भागमा गम्भीर चोट लागेको छ। ...	https://l.hamropatro.com/r/https://annapurnapost.com/news/197956	popular	L
युक्रेन युद्धः 'न साइरन न बम, यहाँ सबै कुरा राम्रो छ' - पोल्यान्डमा युक्रेनी शरणार्थी	युक्रेनमा रुसले आक्रमण थालेपछि भागेर एउटा परिवारका केही सदस्यहरू छिमेकी देश पोल्यान्ड पुगेका छन्। बम पड्किरहेको र साइरन बजिरहेको ठाउँबाट त्यहाँ पुग्दा फरक अनुभूति भएको उनीहरूको भनाइ छ। युक्रेनबाट ...	https://l.hamropatro.com/r/https://www.bbc.com/nepali/news-60657807?xtor=AL-73-[partner]-[hamro.patro]-[headline]-[nepali]-[bizdev]-[isapi]	popular	L
‘चीनबाट आएको ९ करोड छाता कहाँ गयो ?’	२४ फागुन, विराटनगर । विराटनगरका उद्योगी महेश जाजुले सुपारी आयात खुला गर्दा नेपाललाई नै फाइदा हुने बताएका छन् । पछिल्लो समय सरकारले २५ हजार टन सुपारी आयातको लाइसेन्स खुला गर्ने तयारी गरेपछि जाजुले ...	https://l.hamropatro.com/r/https://www.onlinekhabar.com/2022/03/1090518	popular	L
भक्तपुरमा टहराभित्र भेटिएको शव जेनिशा नगरकोटीको	भक्तपुरमा हत्या गरेको अवस्थामा भेटिएकी महिलाको सनाखत भएको छ। ती महिला काभ्रे जिल्ला नमोबुद्ध नगरपालिका-९ की २८ वर्षीया जेनिशा नगरकोटी भएको पुष्टि भएको हो। महानगरीय प्रहरी परिसर भक्तपुरका अनुसार उ...	https://l.hamropatro.com/r/https://www.setopati.com/social/264067	popular	L
भीममानको ‘सुसाइड नोट’– डिप्रेसन र आर्थिक संकटले पूरै परिवारले आत्महत्याको बाटो रोज्यौँ	काठमाडौं । काठमाडौंको रामकोटमा एकै परिवारका पाँचजनाले सामूहिक आत्महत्याको प्रयास गरेको घटनाको प्रहरी अनुसन्धान जारी छ । प्रहरीले घटनास्थलमा १५/१६ पृष्ठभन्दा लामो ‘सुसाइड नोट’ फेलापारेको छ । सुसाइड ...	https://l.hamropatro.com/r/https://baahrakhari.com/news-details/343659	popular	L
जेलेन्स्कीले किएभस्थित कार्यालयमा खिचे भिडियो सेल्फी, कसैसँग नडराउने दाबी	युक्रेनका राष्ट्रपति भोलोदीमीर जेलेन्स्कीले राजधानी किएभमा रहेको आफ्नो कार्यालयमा खिचेको सेल्फी भिडियो सार्वजनिक गरेका छन् ।  रुसले युक्रेनमाथि आक्रमण गरेपछि पहिलोपटक त्यस कार्यालयमा जेलेन्स्कीले ...	https://l.hamropatro.com/r/https://lokaantar.com/story/174917/2022/3/8/international/zelensky	popular	L
युक्रेनको दाबी : रुसी सेनाका एक ठूला अधिकारी खारकिभको लडाईँमा मारिए	युक्रेनी सेनाको सैन्य गुप्तचर सेवाले खारकिभको नजिकै भएको लडाईंका बेला एक रुसी सेनाका शीर्ष कमान्डरको मृत्यु भएको दाबी गरेको छ । बीबीसीले यो दाबीलाई स्वतन्त्र रुपमा पुष्टि नगरेको बतायो । रुसी अधिका...	https://l.hamropatro.com/r/https://ratopati.com/story/225169/2022/3/8/ukraine-russia	popular	L
कांग्रेसलाई टाउको दुखाइ बन्दै चुनावी तालमेल, केन्द्रबाट हस्तक्षेप नहोस् भन्ने मत बलियो	स्थानीय तहको निर्वाचन आउन अब ६५ दिन बाँकी छ । राजनीतिक दलहरूमा विस्तारै राजनीतिक सरगर्मी बढिरहेको छ ।  दलहरूले स्थानीय तह केन्द्रित कार्यक्रम बनाइरहेका छन् । तथ्यांक संकलन, विश्लेषण, चुनावी योजना ...	https://l.hamropatro.com/r/https://lokaantar.com/story/174889/2022/3/8/tippani/nepali-congress	popular	L
आफूमाथि प्रतिबन्ध लगाएमा तेलको मूल्य बढ्ने रुसको चेतावनी	अमेरिका र युरोपले रुसको कच्चा तेल आयातमा प्रतिबनध लगाएमा त्यसको मूल्य अन्तर्राष्ट्रिय बजारमा ३०० डलर प्रतिब्यारलसम्म पुग्न सक्ने आकलन गरिएको छ ।  रुसका उपप्रधानमन्त्री अलेक्जेन्डर नोभाकले सोमवार य...	https://l.hamropatro.com/r/https://lokaantar.com/story/174887/2022/3/8/international/crude-oil	popular	L
ओलेना जेलेन्स्का : युक्रेनी राष्ट्रपतिकी पत्नी, जो पर्दा पछाडि मुख्य भूमिका खेल्दै	काठमाडौं । युक्रेनमाथि रुसले हमला गरेपछि राष्ट्रपति भोलोदिमिर जेलेन्स्कीलाई देश छोड्न कथित प्रस्ताव आयो । तर, उनले एक भिडियो सन्देश जारी गरी सिधा जवाफ दिए, “मलाई हतियार चाहिएको छ, सवारी होइन ।” उन...	https://l.hamropatro.com/r/https://baahrakhari.com/news-details/343662	popular	L
‘सुसाइड’ नोट लेखेर आत्महत्या प्रयास गरेका चारजना अझै अचेत, एकको मृत्यु	काठमाडौं । ‘सुसाइड’ नोट लखेर आत्महत्याको प्रयास गर्ने काठमाडौंमा एकै परिवारका पाँच जनाको पहिचान खुलेको छ । जसमध्ये एकजनाको मृत्यु भएको छ । काठमाडौंको नागर्जुन नगरपालिका–६, रामकोटमा हिजो साँझ एकै प...	https://l.hamropatro.com/r/https://baahrakhari.com/news-details/343607	popular	L
अनुसन्धानका लागि पल शाहलाई तनहुँबाट गैँडाकोट पुर्‍याइयो	एक नाबालिगलाई जबर्जस्ती गरेको आरोपमा पक्राउ परेका अभिनेता पल शाहलाई तनहुँबाट मंगलवार गैँडाकोट पुर्‍याइएको छ ।  जिल्ला प्रहरी कार्यालय नवलपरासी (पूर्व)का सूचना अधिकारी डीएसपी दिलिप गिरीले गैँडाकोटम...	https://l.hamropatro.com/r/https://lokaantar.com/story/174923/2022/3/8/politics/paul-shah-	popular	L
युक्रेन युद्धः अग्रमोर्चामा खटिएका स्वयंसेवक सैनिक जोडीले गरे बिहे	युक्रेनको राजधानी किएभनजिकै युद्धको अग्रमोर्चामा खटिएका स्वयंसेवक सैनिक जोडीले बिहे गरेका छन्। एउटा सैनिक जाँचचौकीमा उनीहरूको सैन्य शैलीमा विवाह सम्पन्न भयो। किएभका नगरप्रमुख तथा हेभीवेट बक्सिङका...	https://l.hamropatro.com/r/https://www.bbc.com/nepali/news-60657810?xtor=AL-73-[partner]-[hamro.patro]-[headline]-[nepali]-[bizdev]-[isapi]	popular	L
चिनियाँ नागरिक लीमाथि आरोप : अभिभावकसँग नजिकिएर छोरीलाई ‘बलात्कार’ !	२४ फागुन, पोखरा । चटपट बेच्ने आमा र छोरीसँग नजिक हुँदै प्रलोभनमा पारेर बलात्कार गरेको आरोपमा पक्राउ परेका एक चिनियाँ नागरिक पुर्पक्षका लागि जेल चलान भएका छन् । एक वर्ष अगाडि नै भिजिट भिसामा नेपाल आ...	https://l.hamropatro.com/r/https://www.onlinekhabar.com/2022/03/1090546	popular	L
हरियो सरियो चुनाव चिन्ह हुँदैन : केपी ओली	नेकपा एमालेका अध्यक्ष केपी शर्मा ओलीले चुनाव चिन्ह हरियो बनाउने आयोगको निर्णय अमान्य हुने बताएका छन् । मंगलबार काठमाडौंमा अन्र्तराष्ट्रिय नारी दिवसका अवसरमा गरिएको कार्यक्रममा बोल्दै उनले के का लाग...	https://l.hamropatro.com/r/https://ratopati.com/story/225225/2022/3/8/kp-oli	popular	L
नेपाली सेनाकी एकमात्र महिला पाइलट (भिडिओ)	निरु ढुंगाना सानैदेखि आकाशमा उड्न चाहान्थिन्। त्यसका लागि उनलाई पाइलट नै बन्नु थियो। उनका शिक्षक बुवाले पनि निरुको चाहाना पछ्याउन भरपुर साथ दिए। उनी पाइलट पढ्नका लागि अमेरिकाको टेक्सास स्थित डेल्...	https://l.hamropatro.com/r/https://www.setopati.com/multimedia/264063	popular	L
अण्डा खाने सही तरिका	अण्डालाई पौष्टिक खानेकुराको श्रेणीमा समावेश गरिएको छ । अण्डालाई प्रोटिनको उत्कृष्ट स्रोत मानिन्छ। प्रोटिनका अलावा अण्डामा भिटामिन बी १२, भिटामिन ए, एमिनो एसिड, आइरन, फोलेट, बायोटिन, भिटामिन डी, सोड...	https://l.hamropatro.com/r/https://ratopati.com/story/225153/2022/3/8/egg-	popular	L
विमला खत्री वली : राजनीतिमा महिला हिंसाको एउटा दृष्टान्त	२४ फागुन, दाङ । नेपाल कम्युनिस्ट पार्टी (नेकपा) को फुटपछि शंकर पोखरेल नेतृत्वको लुम्बिनी सरकार अल्पमतमा पर्‍यो । त्यहीबेला सांसद विमला वली कहिले एमाले प्रवेश गरेको त कहिले माओवादीमै फर्किएको विषयले...	https://l.hamropatro.com/r/https://www.onlinekhabar.com/2022/03/1090748	popular	L
महिलाले पुरुषलाई यी ५ कुरा कहिल्यै नभन्दैनन्	एजेन्सी, २४ फागुन । भनिन्छ, महिलाको जीवनमा धेरै रहस्यहरू हुन्छन् । महिलाको जीवन रहस्यको पर्यायवाची हो । केटीहरूको मनमा के चल्छ पढ्न गाह्रो छ। यी कुराचाही महिलाले कहिल्यै पनि भन्न चाहादैनन् । प्रेम...	https://l.hamropatro.com/r/https://www.reportersnepal.com/2022/03/657445	popular	L
मह विष नबनोस् : यी पाँच चिजसँग सेवन गर्दा हानी	स्वास्थ्यका लागि महका थुप्रै फाइदा छन् । यसले छालालाई जवान बनाइराख्नुका साथै चम्किलो बनाउँछ । स्वास्थ्यका लागि पनि महले अमृतले झैँ काम गर्छ । यद्यपि, यसलाई सही तरिकाले प्रयोग गर्न आवश्यक छ । थुप्रै...	https://l.hamropatro.com/r/https://ratopati.com/story/225178/2022/3/8/do-harm-with-these-5-hot-things-do-not-take-it-with-tea-coffee-or-chili	popular	L
इतिहासकै कमजोर बन्यो नेपाली मुद्रा	२४ फागुन, काठमाडौं । नेपाली रुपैयाँ इतिहासकै कमजोर बनेको छ । अमेरिकी डलरको भाउँ उच्च हुँदा नेपाली रुपैयाँ हालसम्मकै कमजोर देखिएको हो । मंगलबार नेपाल राष्ठ्र बैंकले अमेरिकी डलरको खरिददर १२२ रुपैयाँ ...	https://l.hamropatro.com/r/https://www.onlinekhabar.com/2022/03/1090589	popular	L
‘हामी स्विट्जरल्यान्ड, सिङ्गापुर घुम्न गइरहेका छौँ तर त्यो प्राकृतिक होइन, आफ्नै ठाउँकाे विकास गराैँ’	काठमाण्डौ – संस्कृति, पर्यटन तथा नागरिक उड्डयन मन्त्री प्रेमबहादुर आलेले सुदूरपश्चिमको चार जिल्ला– बझाङ, बाजुरा, अछाम र डोटीको सङ्गम स्थल खप्तड प्रकृतिको अनुपम उपहार भएको बताउनुभएको छ । खप्तड पर्य...	https://l.hamropatro.com/r/https://ujyaaloonline.com/story/66185/2022/3/8/Minister-Ale-about-development-of-Khaptad	national	L
न्यायाधीशहरूले संविधान हेर्न छाडेको ओलीको टिप्पणी	काठमाडौँ– नेकपा एमालेका अध्यक्ष केपीशर्मा ओलीले न्यायाधीशहरूले संविधान हेर्न छोडेको टिप्पणी गरेका छन् ।	https://l.hamropatro.com/r/https://www.khabarhub.com/2022/08/358987/	national	L
बारमा एमाले भर्सेस सत्ता गठबन्धन, २५ पदका लागि ८३ उम्मेदवार (सूचीसहित)	काठमाडौं । नेपाल बार एशोसियशनको २६ औं केन्द्रीय कार्य समितिको निर्वाचनमा २५ पदका लागि ८३ उम्मेदवार मैदानमा उत्रिएका छन् । निर्वाचन समितिले मंगलबार साँझ सबै उम्मेदवारहरूको दोस्रो नामावली प्रकाशन गरे...	https://l.hamropatro.com/r/https://www.nepalpress.com/2022/03/08/163393/	national	L
हत्यामा संलग्न व्यक्ति बहराइनबाट पक्राउ	२४ फागुन, काठमाडौं । कास्की लेखनाथमा मजदुरी काम गरी बस्ने सुनसरीका २० वर्षीय रोजन राईको हत्यामा संलग्न कास्की लेखनाथ सातमुहाने ठेगाना भएका ४६ वर्षीय अशोक गुरूङ पक्राउ परेका छन् । २०६३ वैशाख २९ गते...	https://l.hamropatro.com/r/https://www.onlinekhabar.com/2022/03/1090822	national	L
सिरहा कांग्रेसको सभापतिमा यादव निर्वाचित	सिराहा कांग्रेसको सभापतिमा रामचन्द्र यादव पुनः निर्वाचित भएका छन् ।  उनले प्रत्यासी रामसुन्दर चौधरीलाई पराजित गर्दै सभापतिमा निर्वाचित भएका हुन् ।  यादवले एक हजार ४२६ मत ल्याएका थिए भने चौधरीले ८...	https://l.hamropatro.com/r/https://lokaantar.com/story/174939/2022/3/8/politics/siraha-congress-	national	L
न्यायाधीशहरूले संविधान हेर्न छाडे : केपी ओली	काठमाडौं । एमाले अध्यक्ष केपी ओलीले न्यायाधीशहरूले संविधान हेर्न छोडेको आरोप लगाएका छन् । अन्तर्राष्ट्रिय श्रमिक महिला दिवसको अवसरमा मंगलबार बसन्तपुरमा एमालेनिकट भ्रातृ संगठनले गरेको कार्यक्रमलाई...	https://l.hamropatro.com/r/https://rajdhanidaily.com/id/57764/	national	L
धर्मप्रतिको आस्था घट्दै गएकाले अमानवीय क्रियाकलाप बढ्यो- कमल थापा	राप्रपा नेपालका अध्यक्ष कमल थापाले महिलाको हकहित र अधिकारको रक्षा गर्न राप्रपा नेपाल प्रतिबद्ध रहेको बताएका छन् ।  अन्तर्राष्ट्रिय नारी दिवस तथा राष्ट्रिय प्रजातान्त्रिक महिला संगठन नेपालको घोषणा ...	https://l.hamropatro.com/r/https://lokaantar.com/story/174938/2022/3/8/politics/kamal-thapa-	national	L
सिरहा कांग्रेस सभापतिमा रामचन्द्र यादव निर्वाचित	२४ फागुन, जनकपुरधाम । नेपाली कांग्रेस सिरहाको सभापतिमा रामचन्द्र यादव निर्वाचित भएका छन् । उनी लगातार दोस्रो पटक पार्टीको जिल्ला सभापति बनेका हुन् । यादव एक हजार ४२६ मत ल्याएर दोस्रो पटक सभापतिमा ...	https://l.hamropatro.com/r/https://www.onlinekhabar.com/2022/03/1090816	national	L
घरदैलो अभियानको प्रक्रिया नै गलत भयो, नारा पनि ठिक भएन : नैनसिंह महर	काठमाडौं । फागुन २९ गतेदेखि नेपाली कांग्रेसले सुरु गर्न लागेको स्थानीय निर्वाचन केन्द्रित घरदैलो अभियानमा पार्टीकै केन्द्रीय सदस्यले असन्तुष्टि जनाएका छन् । पार्टीको मंगलबार भएको बैठकमा केन्द्रीय ...	https://l.hamropatro.com/r/https://baahrakhari.com/news-details/343670	national	L
सभामुख, सरकार, निर्वाचन आयोग सबै एमाले विरुद्ध लागेः केपी ओली	काठमाडौँ। नेकपा एमालेका अध्यक्ष केपी शर्मा ओलीले सभामुख, सरकार, निर्वाचन आयोग सबै एमाले विरुद्ध लागेको आरोप लगाएका छन्। मंगलबार काठमाडौँमा भएको अन्तर्राष्ट्रिय नारी दिवसका अवसरमा अखिल नेपाल महिलासं...	https://l.hamropatro.com/r/https://www.nepalipatra.com/news/kp-sharma-oli/90374	national	L
‘माओवादीमा प्रचण्ड न डिक्टेटर बन्न सके, न त विधिअनुसार नै चल्न सके’	सोमबार दिउँसो बत्तीसपुतलीस्थित एउटा ब्यांक्वेटमा नेकपा (माओवादी केन्द्र) को बैठक चलिरहेको थियो। बैठक चले पनि केन्द्रीय सदस्यहरू भित्र-बाहिर गरिरहेका थिए। त्यहीबेला बाहिर निस्किएका एक केन्द्रीय सदस...	https://l.hamropatro.com/r/https://www.setopati.com/politics/264096	national	L
कांग्रेस केन्द्रीय सदस्य महरको प्रश्न– केन्द्रीय समितिको बैठक नबोलाइ अभियानको स्वामित्व र प्रभावकारिकता कसरी हुन्छ?	काठमाडौं– नेपाली कांग्रेसका केन्द्रीय सदस्य नैनसिंह महरले पार्टीको पछिल्लो निर्णयप्रति असहमति जनाएका छन्। उनले केन्द्रीय समितिको बैठक नै नबोलाइ, आगामी अभियान र रणनीति तय गर्न केन्द्रीय सदस्यहरुलाई ...	https://l.hamropatro.com/r/https://nepallive.com/story/274822	national	L
१५ वर्षअघि भएको हत्याका आरोपी अशोक गुरुङलाई बहराइनबाट नेपाल ल्याइयो	१५ वर्षअघि कास्कीको पोखरामा भएको एक हत्याकाण्डका आरोपीलाई बहराइनमा पक्राउ गरी नेपाल ल्याइएको छ । नेपाल प्रहरीको इन्टरपोल शाखाको पहलमा हत्या आरोपी अशोक गुरुङलाई बहराइनबाट नेपाल ल्याइएको हो ।  १५ वर...	https://l.hamropatro.com/r/https://ratopati.com/story/225254/2022/3/8/arrested	national	L
नीर शाहलाई राष्ट्रियसभा सदस्यमा मनोनित गर्ने तयारी !	काठमाडौं । वरिष्ठ अभिनेता एवं निर्देशक नीर शाहलाई राष्ट्रियसभा सदस्यमा मनोनित गर्ने तयारी गरिएको छ । सरकारको सिफारिसमा राष्ट्रपतिले मनोनित गर्ने तीनजनामध्ये एक रिक्त पदमा शाहलाई मनोनित गर्ने तयारी ...	https://l.hamropatro.com/r/https://www.onlinekhabar.com/2022/03/1090812	national	L
मोरङको रंगेली नगरपालिका  प्रमुख दिलिप वगडिया पार्टीबाट निष्कासित 	मोरङको रंगेली नगरपालिका प्रमुख दिलीप बगडियालाई नेकपा माओवादी केन्द्रले पार्टीबाट निष्कासन गरेको छ। पटक–पटक सचेत गराउँदा पनि पार्टी हितविपरीत कार्य गरेको भन्दै  नेपाल माओवादी केन्द्रले रंगेली नगरपाल...	https://l.hamropatro.com/r/https://nayapatrikadaily.com/feed-detail.php?nid=82080	national	L
यी हुन् काठमाडौं महानगरमा माओवादी केन्द्रबाट मेयरका आकांक्षीहरू	सरकारले २०८९ वैशाख ३० गते देशभर एकै चरणमा स्थानीय तहको निर्वाचन गर्ने घोषणा गरेको छ । त्यससँगै विभिन्न राजनीतिक दल र स्वतन्त्रबाट समेत उम्मेदवारी दिनेहरूको चर्चा चुलिएको छ । गाउँपालिका, नगरपालिका ह...	https://l.hamropatro.com/r/https://www.lokpath.com/story/506987	national	L
राप्रपा नेपालको महिला संगठनमा कुरुङवाङ	काठमाडौं : राप्रपा नेपालनिकट राष्ट्रिय प्रजातान्त्रिक महिला संगठन नेपालको अध्यक्षमा सुनिता कुरुङवाङ चुनिएकी छन्। मंगलबार सुकेधारामा आयोजित घोषणासभामा निवर्तमान अध्यक्ष ममता राईले कुरुङवाङलाई अध्यक...	https://l.hamropatro.com/r/https://annapurnapost.com/news/197992	national	L
अस्ट्रेलियामा बाढीले ८ को मृत्यु, हजारौंलाई घर छाड्न आग्रह	अस्ट्रेलिया — लगातारको वर्षाका कारण आएको बाढीले अस्ट्रेलियाको न्यु साउथ वेल्स राज्यमा अहिलेसम्म ८ जनाको मृत्यु भएको छ । राज्यका प्रिमियरले ४० हजारभन्दा बढी स्थानीयवासीलाई घर छाड्न आदेश जारी गरेका छ...	https://l.hamropatro.com/r/https://ekantipur.com/world/2022/03/08/164673880089018177.html	national	L
कांग्रेस नेता, कार्यकर्तालाई प्रधानमन्त्री देउवाको निर्देशन– सत्ता गठबन्धनको विरोध नगर्नू  	काठमाडौं– प्रधानमन्त्री एवं नेपाली कांग्रेसका सभापति शेरबहादुर देउवाले वर्तमान सत्ता गठबन्धनको विरोध नगर्न नेता, कार्यकर्ताहरूलाई निर्देशन दिएका छन्। मंगलबार आज कांग्रेस केन्द्रीय कार्यालय सानेपाम...	https://l.hamropatro.com/r/https://nepallive.com/story/274821	national	L
माओवादीबाट निर्वाचित गाउँपालिका उपाध्यक्षसहित बैतडीमा १०५ जना एमाले प्रवेश	‌कैलाली । बैतडीको दोगडाकेदार गाउँपालिका कमिटी उपाध्यक्ष नरेन्द्र कार्कीसहित विभिन्न पार्टीका १०५ जना एमाले प्रवेश गरेका छन् । कार्की माओवादी केन्द्र जिल्ला कमिटी सदस्यसमेत हुन् । नेकपा एमाले दोगडा...	https://l.hamropatro.com/r/https://www.nepalpress.com/2022/03/08/163371/	national	L
समानताको अधिकारका निम्ति खबरदारी गर्न जरुरीः मन्त्री झाँक्री	काठमाडौं, २४ फागुन । सहरी विकासमन्त्री रामकुमारी झाँक्रीले महिला सहभागिताको सुनिश्चितता र सामाजिक न्यायसहितको समानताको अधिकारका निम्ति खबरदारी गर्न जरुरी रहेको धारणा राखेकी छिन् । आज ११२औं अन्तर्र...	https://l.hamropatro.com/r/https://www.reportersnepal.com/2022/03/657759	national	L
श्रमिक महिला दिवस: : बसन्तपुरमा जे देखियो (फोटो फिचर)	न्युज अफ नेपाल, काठमाडौं । महिला दिवसको अवसरमा मंगलबार एमालेनिकट भ्रातृ संगठनले काठमाडौंको हनुमान ढोकास्थित बसन्तपुरमा ‘सामाजिक न्याय र लैंगिक समानता:  दिगो विकासको सुनिश्चितता’ नाराका साथ आज ११२औ...	https://l.hamropatro.com/r/https://www.newsofnepal.com/2022/03/08/479716/	national	L
नेकपा एकीकृत समाजवादीले केन्द्रीय समिति बैठक बोलायो	नेकपा एकीकृत समाजवादीको केन्द्रीय समिति बैठक भोलि र पर्सि काठमाडौमा बस्ने भएको छ । बबरमहलस्थित कार्की ब्याङ्क्वेटमा भोलि बिहान ११ बजेदेखि बैठक शुरु हुने बताइएको छ । बैठकमा अमेरिकी सहयोग परियोजना ए...	https://l.hamropatro.com/r/https://www.janaaastha.com/archives/81919	national	L
राज्यका सबै तहमा महिला र पुरुषको बराबर हैसियत आवश्यक : मन्त्री रेग्मी	महिला, बालबालिका तथा ज्येष्ठ नागरिकमन्त्री उमा रेग्मीले राज्यको नीति निर्माण र नेतृत्वको तहमा महिलाहरूलाई पुर्‍याउनुपर्ने बताएकी छिन्। राज्यको सबै तहमा महिला र पुरुषको बराबरी हैसियत भए मात्र मुलुकक...	https://l.hamropatro.com/r/https://nayapatrikadaily.com/feed-detail.php?nid=82076	national	L
विद्यालयलाई दिएपछि स्थानियले गरे भव्य सम्मान	सर्लाही । सर्लाहीका जगरनाथ साह र राजकुमारी साहले गोडैता नगरपालिकामा रहेको सामुदायिक विद्यालयलाई जग्गा दान दिएका छन् । जग्गा दान दिएपछि उनीहरुलाई स्थानियहरुले भव्य स्वागत गरेका छन् । मंगलवार एक कार...	https://l.hamropatro.com/r/https://rajdhanidaily.com/id/57760/	national	L
ओलीको दाबी- पण्डितहरूले ४ सय श्लोक थपेर मनुस्मृति र शास्त्रकै बदनाम गराए	काठमाडौं । नेकपा एमालेका अध्यक्ष तथा पूर्वप्रधानमन्त्री केपी शर्मा ओलीले मनुले लेखेको मनुस्मृतिमा छट्टु पण्डितहरूले ४ सय श्लोकहरू थपेर विकृत बनाएको दाबी गरेका छन् । अन्तर्राष्ट्रिय नारी दिवसको अवस...	https://l.hamropatro.com/r/https://www.nepalpress.com/2022/03/08/163366/	national	L
राष्ट्रिय प्याब्सनमा अध्यक्ष र सहअध्यक्ष सर्वसम्मत	न्युज अफ नेपाल, काठमाडौं ।  राष्ट्रिय निजी तथा आवासीय विद्यालय एसोसिएसन नेपाल (राष्ट्रिय प्याब्सन)को सातौँ महाधिवेशनले आलोपालो अध्यक्ष र सहअध्यक्षले आलोपाले अध्यक्षता गर्ने गरी सर्वसम्मत पदाधिकारी...	https://l.hamropatro.com/r/https://www.newsofnepal.com/2022/03/08/479730/	national	L
पन्जाबमा पनि आम आदमी पार्टीले सरकार बनाउने सम्भावना	भारतको राजधानी दिल्लीमा सरकार चलाइरहेको आम आदमी पार्टी (आप) ले अर्को राज्य पन्जाबमा पनि सरकार बनाउने सम्भावना देखिएको छ। पन्जाब विधान सभाका लागि फेब्रुअरी २० मा भएको चुनावमा आपले बहुमत ल्याउने विभ...	https://l.hamropatro.com/r/https://www.setopati.com/politics/264091	national	L
एमसीसी स्वीकार गर्दैमा अमेरिकी प्राधिकरण नेपालमा लागू हुँदैन : मन्त्री झाँक्री	२४ फागुन, काठमाडौं । सहरी विकासमन्त्री रामकुमारी झाँक्रीले एमसीसी स्वीकार गर्दैमा अमेरिकी प्राधिकरण नेपालमा लागू नहुने बताएकी छिन् । मन्त्री झाँक्रीले अरु धेरै देशले सो सम्झौंता स्वीकार गरेको स्मर...	https://l.hamropatro.com/r/https://www.onlinekhabar.com/2022/03/1090795	national	L
चुनाव चिह्नमा हरियो रङ स्वीकार्य छैन : ओली	२४ फागुन, काठमाडौं । नेकपा एमालेका अध्यक्ष केपी शर्मा ओलीले स्थानीय तह निर्वाचनको मतपत्रमा दलहरुको चुनाव चिह्न हरियो रङले छपाइ गर्ने निर्वाचन आयोगको निर्णयको विरोध गरेका छन् । मंगलबार काठमाडौंमा आ...	https://l.hamropatro.com/r/https://www.onlinekhabar.com/2022/03/1090791	national	L
घरभित्र महिलामाथि हुने विभेद र असमानताको जरो उखेल्नुपर्छ : मन्त्री उमा रेग्मी	काठमाडौं : महिला, बालबालिका तथा ज्येष्ठ नागरिकमन्त्री उमा रेग्मीले राज्यको नीति निर्माण र नेतृत्वको तहमा महिलाहरुलाई पुर्‍याउनुपर्ने बताएकी छिन्। ११२ औँ अन्तर्राष्ट्रिय महिला दिवसको अवसरमा आज आयोजि...	https://l.hamropatro.com/r/https://pahilopost.com/content/20220308165142.html	national	L
Škoda’s new showroom in Pokhara	POKHARA: MARCH. 8 – In Naya Bazar of Pokhara, Škoda Nepal has opened a well-equipped showroom. MAW Enterprises, the official dealer of the European leading brand Škoda, recently appointed SSL Motor...	https://l.hamropatro.com/r/https://english.makalukhabar.com/2022/03/49058/	national	L
महिला दिवसको अवशरमा सांग्रिला बुक्स र बुद्ध एयरको तर्फबाट २५ सय यात्रुलाई पुस्तर उपहार	काठमाडौँ– विश्वव्यापी मनाईरहिएको ११२ औँ अन्तराष्ट्रिय श्रमिक महिला दिवसका अवसरमा सांग्रिला बुक्स र बुद्ध एयरको सहकार्यमा काठमाडौंबाट बुद्ध एयरबाट यात्रा गर्ने पहिलो २५०० यात्रुलाई पुस्तक उपहार दिइए...	https://l.hamropatro.com/r/https://deshsanchar.com/2022/03/08/621904/	literature	L
महिला दिवस : सांग्रिला बुक्स र बुद्ध एयरले २५०० यात्रुलाई दियो पुस्तक उपहार	काठमाडौं । अन्तर्राष्ट्रिय (श्रमिक) महिला दिवसका अवसरमा सांग्रिला बुक्स र बुद्ध एयरको सहकार्यमा काठमाडौँबाट बुद्ध एयरबाट यात्रा गर्ने पहिलो २५०० यात्रुलाई पुस्तक उपहार दिइएको छ ।  सांग्रिला बुक्सल...	https://l.hamropatro.com/r/https://hamrakura.com/news-details/118915/2022-03-08	literature	L
काठमाडौंबाट बुद्ध एयरमा यात्रा गर्ने पहिलो २५०० यात्रुलाई पुस्तक उपहार	काठमाडौं– अन्तर्राष्ट्रिय श्रमिक महिला दिवसका अवसरमा सांग्रिला बुक्स र बुद्ध एयरको सहकार्यमा काठमाडौंबाट बुद्ध एयरमा यात्रा गर्ने पहिलो २५०० यात्रुलाई पुस्तक उपहार दिइएको छ। सांग्रिला बुक्सले प्रक...	https://l.hamropatro.com/r/https://nepallive.com/story/274805	literature	L
धरानले प्रकाशन गरेको कविता कृति ‘कचहरी’ माथि खोटामा विमर्श	रामधन राई, खोटाङ । धरान प्रज्ञा प्रतिष्ठान धरान उपमहानगरपालिकाले प्रकाशन गरेको कविता कृति ‘कचहरी’माथि खोटाङमा विमर्श गरिएको छ । दिक्तेल रुपाकोट मझुवागढी नगरपालिका–११ खार्मीमा जन्मनुभएका युवा साहित...	https://l.hamropatro.com/r/https://www.newsofnepal.com/2022/03/08/479676/	literature	L
ध्रुवचन्द्रको ‘ह्याङ्गरमा झुण्डिएको आकाश’ विमोचन	काठमाडौँ — आख्यानकार ध्रुवचन्द्र गौतमको पहिलो कवितासंग्रह ‘ह्याङ्गरमा झुण्डिएको आकाश’को विमोचन गरिएको छ । आइतबार धनगढीमा आयोजित सुदूरपश्चिम साहित्य महोत्सवको अवसरमा कवितासंग्रह विमोचन गरिएको हो । ...	https://l.hamropatro.com/r/https://ekantipur.com/literature/2022/03/07/164663105531323886.html	literature	L
अभिवन्द्य : रोदनको रचनात्मक लेखनशैली	नेपाली निबन्ध, नियात्रा, लघुकथा विधालाई पृथक लेखनशैली र शिल्पले सिँगार्दै आएका श्रीओम श्रेष्ठ ‘रोदन’ व्यक्तिचित्र उतार्नमा पनि उत्तिकै दख्खल राख्छन्। यसको सप्रमाण उनको सद्यः प्रकाशित कृति ‘अभिवन्द्...	https://l.hamropatro.com/r/https://www.nepalviews.com/2022/03/05/45065/	literature	L
सबैलाई सँगै घुमाउने ‘आँखाभरि देश मनभरि परिवेश’ 	साहित्यिक पत्रकार नवराज रिजालको नियात्रासंग्रह ‘आँखाभरि देश मनभरि परिवेश’ एउटा महत्त्वपूर्ण नियात्राकृति हो । साहित्यिक पत्रकारितामा निरन्तर क्रियाशील नवराजले साहित्यजगत्मा आफ्नो स्थान बनाउँदै आएका...	https://l.hamropatro.com/r/https://baahrakhari.com/news-details/343330	literature	L
यसरी बन्न सक्छौँ फूलमा आत्मनिर्भर	फूललाई विषय बनाएर यसको सौन्दर्यतामाथि धेरै कुराहरू लेखिएका छन् । चाहे त्यो गीतमा होस् वा साहित्यमा । यस मानेमा फूलको आयतन निकै फराकिलो देखिन्छ । आमनेपालीको जीवनशैलीमा फूलको साइनो जन्मदेखि मृत्युसम्...	https://l.hamropatro.com/r/https://www.merolifestyle.com/archives/30868	literature	L
उमङ्ग लघुकथा सङ्ग्रह विमोचन	सत्या अधिकारीद्वारा लिखित उमङ्ग लघुकथा सङ्ग्रह विमोचन गरिएको छ । अक्षर धाम नेपालले प्रकाशन गरेको यस कृतिको विमोचन लघुकथा समाज नेपालका केन्द्रीय अध्यक्ष तथा प्रमुख अतिथि श्रीओम श्रेष्ठ रोदन, वरिष्ठ ...	https://l.hamropatro.com/r/https://ratopati.com/story/223858/2022/3/1/umanga-	literature	L
लेखनाथ पोखरेलको हाँस्य-निबन्ध ‘चिबे नकटो’ बजारमा	काठमाडौं । स्रष्टा लेखनाथ पोखरेलको हाँस्य-निबन्ध ‘चिबे नकटो’ पाठकमाझ आएको छ । केही समयअघि नियात्रासंग्रह ‘फकलीको गाउँ’ र कथासंग्रह ‘मार्बल हाउसकी शालिनी’ पाठकमाझ ल्याउनुभएका पोखरेलको तेस्रो कृति ‘च...	https://l.hamropatro.com/r/https://www.nepalpress.com/2022/02/28/161053/	literature	L
भीष्मराज फुलाराको उपन्यास ‘वासुदेव’ सार्वजनिक	१६ फागुन, काठमाडौं । कानुन व्यवसायी वासुदेव फुलाराको संघर्ष कथामा आधारित उपन्यास ‘वासुदेव’ सार्वजनिक गरिएको छ । उपन्यासलाई साहित्यकार भीष्मराज फुलाराले लेखेका हुन् । उनी वासुदेवका भाइसमेत हुन् । अ...	https://l.hamropatro.com/r/https://www.onlinekhabar.com/2022/02/1086521	literature	L
तीन साहित्यिक स्रष्टालाई वडाको सम्मान	काठमाडौं । काठमाडौं महानगरपालिका, वडा नं. ४ ले सोही वडामा बसोबास गर्ने नेपाली भाषा, साहित्य, संस्कृतिमा योगदान दिने तीन स्रष्टालाई सम्मान गरेको छ । वडाले कवि बैरागी काँइला, आख्यानकार डा. ध्रुवचन्द्...	https://l.hamropatro.com/r/https://baahrakhari.com/news-details/342777	literature	L
निबन्ध संग्रह ‘आकाशमुखी’ सार्वजनिक	काठमाडौँ — विश्वका चर्चित निबन्धहरूको नेपालीमा अनुवादित संग्रह ‘आकाशमुखी’ सार्वजनिक भएको छ । पत्रकार तथा लेखक मोहन मैनालीले अनुवाद गरेको कृतिमा १५ वटा निबन्ध संग्रहित छन् । बुकर टी. वासिङ्टन, जर्ज ...	https://l.hamropatro.com/r/https://ekantipur.com/news/2022/02/27/164592713956615828.html	literature	L
कविता सङ्ग्रह  ‘समयको कठघरा’ लोकार्पण	कविता सङ्ग्रह ‘समयको कठघरा’ सार्वजनिक गरिएको छ । कवि जुनु खड्काद्वारा लिखित कविता सङ्ग्रहको शनिबार लोकार्पण गरिएको हो । शुक्लागण्डकी नगरपालिका–१० ढोरमुलकोट दरबारको फेदीमा आयोजित कार्यक्रममा कवि भूप...	https://l.hamropatro.com/r/https://ratopati.com/story/223273/2022/2/26/poem	literature	L
पाभेल : प्रिय र अविस्मरणीय पात्र	रूसी साहित्यमा, विशेष गरी रूसी आख्यानमा अधिक प्रयोग हुने पात्रहरूका नाममध्ये एउटा हो- पाभेल। रूसका केही ठूला साहित्यकारहरूले ‘पाभेल’ नामको पात्रलाई आफ्ना रचनाको प्रमुख पात्र बनाएको पाइन्छ। कतिपयले ...	https://l.hamropatro.com/r/https://www.nepalviews.com/2022/02/26/43175/	literature	L
जोन्छेँका दुई पुस्तक विमोचित	भक्तपुर । अक्षरमार्ग प्रकाशन र सिर्जना अभियान समाजको संयुक्त आयोजनामा सम्पन्न कार्यक्रममा साहित्यकार ध्रुवनारायण जोन्छेँका दुई पुस्तक सार्वजनिक गरिएका छन् । जोन्छेँका ‘जीवन एक यात्रा अनेक’ (कवितासं...	https://l.hamropatro.com/r/https://baahrakhari.com/news-details/342701	literature	L
कलकत्ते काईंयो र टेबलमा ऐना छ, तर जयनन्द छैनन्	काठमाडौं–रत्नराज्य कलेजमा पंक्तिकार पत्रकारिता पढदै गर्दा छेउमै रहेको ललितकला क्याम्पसमा पढने मित्रहरु डेस्क ठटाउँदै एउटा गीत खुबै गाउँथे,	https://l.hamropatro.com/r/https://www.khabarhub.com/2022/23/353793/	literature	L
८७ वर्षमा पनि लेखनमा सक्रिय कायस्थ	भक्तपुरका लेखक तिलकप्रकाश कायस्थको नयाँ पुस्तक सार्वजनिक छ । उनी हाल उमेरले ८७ वर्षको भइसकेका छन् । यो उमेरमा पनि कायस्थ दैनिक १० घण्टा भन्दा बढी अध्ययन र लेखनमा सक्रिय छन् ।  उनले हालसम्म १३ वटा प...	https://l.hamropatro.com/r/https://ratopati.com/story/222256/2022/2/21/tilakprakash-kyastha	literature	L
‘विश्व आर्थिक क्रान्ति’ किताबको कोपनहेगनमा परिचर्चा	कोपनहेगन, फागुन ९ आर्थिक इतिहासका अध्येता कृष्ण पौडेलले लेखेको ‘विश्व आर्थिक क्रान्ति : सुमेरदेखि सिलिकन भ्यालीसम्म’ किताबको विमोचन र परिचर्चा कोपनहेगनमा भएको छ। अन्तर्राष्ट्रिय नेपाली साहित्य सम...	https://l.hamropatro.com/r/https://www.setopati.com/global/denmark/262742	literature	L
‘वासुदा’ उपन्यास लिएर आए भीष्मराज फुलारा	काठमाडौं। युवा उपन्यासकार भीष्मराज फुलाराको कृति ‘वासुदा’ सार्वजनिक भएको छ । साहित्यमार्फत न्याय, समानता र परिवर्तनका लागि विद्यार्थी कालदेखि नै कलम चलाउँदै आएका फुलाराको उपन्यासलाई राजधानीमा आइतबा...	https://l.hamropatro.com/r/https://www.dcnepal.com/2022/02/332270/	literature	L
सङ्घर्षशील युवाको कथा ‘वासुदा’ लोकार्पण	युवा स्रष्टा भीष्मराज फुलाराको नविनतम् कृति ‘वासुदा’को एक कार्यक्रम बीच आइतबार राजधानीमा विमोचन भएको छ । डा. नवराज लम्सालको प्रमुख आतिथ्यमा सम्पन्न कार्यक्रममा विशेष अतिथिमा एटर्नी एट ल. अमेरिकाका ...	https://l.hamropatro.com/r/https://ratopati.com/story/222189/2022/2/21/basuda-	literature	L
भीष्मराज फुलाराको चौँथो कृति ‘वासुदा’ सार्वजनिक	काठमाडौं । युवा साहित्यकार भीष्मराज फुलाराको चौँथो कृति ‘वासुदा’ उपन्यास सार्वजनिक भएको छ । साहित्यकार नवराज लम्साल, समालोचक ज्ञाननिष्ठ ज्ञवाली, लेखक फुलारा र उनका दाजु वासुदेव फुलाराले आज राजधानीम...	https://l.hamropatro.com/r/https://www.dcnepal.com/2022/02/332204/	literature	L
उपत्यकामै ‘जब सेन्टर’ खोलेर ठगी, नौ जना  पक्राउ	काठमाडौं उपत्यकाका विभिन्न ठाउँमा केही व्यक्तिले ‘जब सेन्टर’ खोलेर ठगी गरेका छन् । उनीहरूले जब प्लेसमेन्ट कम्पनी दर्ता गर्ने र उक्त कम्पनीका सामाजिक सञ्जाल, पत्रपत्रिका, प्रचार पम्पलेटका माध्यमबाट ...	https://l.hamropatro.com/r/https://ratopati.com/story/225259/2022/3/8/arrested	health	L
अनुहार सुन्दर बनाउने केही घरेलु उपाय	हामी आफ्नो अनुहार लाई लिएर निकै चिन्तित हुने गर्दछौँ । क्रिम, पाउडर आदि लगाएर सधैँ प्रयास सुन्दर गोरो र चम्किलो अनुहार बनाउने प्रयास पनि गर्छौं । तर, अनुहार चम्किलो र सफा बनाउन सक्ने घरेलु उपाय...	https://l.hamropatro.com/r/https://www.merolifestyle.com/archives/31715	health	L
थप १९४ जनामा कोरोनाभाइरस संक्रमण, ३४८ जना निको भए	पछिल्लो २४ घन्टामा नेपालमा थप एक सय ९४ जनामा कोरोना भाइरस संक्रमण पुष्टि भएको छ। ६ हजार तीन सय ९४ जनामा परीक्षण गर्दा सो संख्यामा संक्रमित थपिएका स्वास्थ्य तथा जनसंख्या मन्त्रालयले जनाएको छ। पिसिआर...	https://l.hamropatro.com/r/https://nayapatrikadaily.com/feed-detail.php?nid=82081	health	L
कोरोना अपडेटः थप १ सय ९४ जनामा सङ्क्रमण पुष्टि, एकको मृत्यु	काठमाडौँ / देशभर थप १९४ जनामा कोरोना भाइरसको संक्रमण पुष्टि भएको छ। स्वास्थ्य तथा जनसंख्या मन्त्रालयका अनुसार मंगलबार थप १९४ जनामा संक्रमण पुष्टि भएको हो।  स्वास्थ्य तथा जनसङ्ख्या मन्त्रालयको अनुस...	https://l.hamropatro.com/r/https://arthadabali.com/2022/03/08/21902	health	L
देशभर थपिए १९४ कोरोना संक्रमित, १ जनाको मृत्यु	नेपालमा पछिल्लो २४ घण्टाको अवधिमा थप १९४ जनामा कोरोना भाइरसको संक्रमण पुष्टि भएको छ।  स्वास्थ्य तथा जनसंख्या मन्त्रालयका अनुसार देशभर ६ हजार ३९४ नमुनाको एन्टिजेन र पीसीआर विधिबाट परीक्षण हुँदा सो ...	https://l.hamropatro.com/r/https://farakdhar.com/story/77629	health	L
१९४ संक्रमित थपिए, ३४८	काठमाडौं । नेपालमा थप १९४ जनामा कोरोना संक्रमण पुष्टि भएको छ । पछिल्लो २४ घण्टामा तीन हजार ६३८ वटा स्वाब नमुनाको पीसीआर परीक्षण गर्दा ७४ र दुई हजार ७५८ नमुनाको एन्टिजेन विधिबाट परीक्षण गर्दा १२० ज...	https://l.hamropatro.com/r/https://baahrakhari.com/news-details/343666	health	L
स्वास्थ्य सेवा सक्षम बनाउन एक पायला फाउन्डेसनसँग सहकार्य	काठमाडौं । अन्तर्राष्ट्रिय महिला दिवसको अवसरमा जानकी टेक्नोलोजी SPARROW SMS ले आफ्नो संस्थागत सामाजिक उत्तरदायित्व CSR अन्तर्गत  गतिविधिहरुका लागि एक एक पाइला फाउन्डेसनसँग सम्झौता गरेको छ । एक एक प...	http://l.hamropatro.com/r/http://aarthiknews.com/news/50934	health	L
थप १९४ जनामा कोरोना संक्रमण, १ जनाको मृत्‍यु	२४ फागुन, काठमाडौं । पछिल्लो २४ घण्टामा थप १९४ जनामा कोरोना भाइरस संक्रमण पुष्टि भएको छ भने १ जनाको मृत्‍यु भएको छ । स्वास्थ्य तथा जनसंख्या मन्त्रालयका अनुसार ३ हजार ६३८ जनाको पीसीआर परीक्षण गर्दा...	https://l.hamropatro.com/r/https://www.onlinekhabar.com/2022/03/1090784	health	L
थप १ सय ९४ जनामा सङ्क्रमण पुष्टि	देशभर थप १ सय ९४ जनामा कोरोनाभाइरसको सङ्क्रमण पुष्टि भएको छ । ६ हजार ३९४ जनाको कोरोना परीक्षण गर्दा पीसीआर विधिबाट ७४ तथा एन्टिजेन विधिबाट १२० जनामा सङ्क्रमण पुष्टि भएको स्वास्थ्य तथा जनसङ्ख्या मन्...	https://l.hamropatro.com/r/https://ratopati.com/story/225243/2022/3/8/corona-update-	health	L
थप १९४ जनामा कोरोना संक्रमण, ३४८ जना निको	काठमाडौँ — नेपालमा २४ घण्टामा ६ हजार ३९४ परीक्षण हुँदा १९४ जनामा कोरोना संक्रमण देखिएको छ । स्वास्थ्य तथा जनसंख्या मन्त्रालयले मंगलबार दिएको जानकारीअनुसार देशभर ३ हजार ६३८ पीसीआर परीक्षणमा ७४ र २ ह...	https://l.hamropatro.com/r/https://ekantipur.com/news/2022/03/08/164673535765039703.html	health	L
२४ घण्टामा थपिए १९४ संक्रमित, एक जनाको मृत्यु	पछिल्लो २४ घण्टामा १९४ जनामा संक्रमण पुष्टि भएको छ ।  स्वास्थ्य तथा जनसंख्या मन्त्रालयका अनुसार ६ हजार ३९४ नमूना परीक्षणमध्ये ७४ पीसीआर र १२० जनामा एन्टिजेन पोजिटिभ देखिएको हो ।  यस्तै पछिल्लो २४...	https://l.hamropatro.com/r/https://lokaantar.com/story/174924/2022/3/8/main-news/corona-update-	health	L
११२ औं अन्तराष्ट्रिय महिला दिवसका अवसरमा हिमालपारि गुञ्जियो महिला आवाज	जोमसोम : ११२ औं अन्तराष्ट्रिय महिला दिवसका अवसरमा मंगलबार हिमालपारी मुस्ताङमा महिला आवाज गुञ्जिएको छ। पुरुष जस्तै समान पहुँच र अधिकार नेपाली महिलाहरुले पनि पाउनुपर्ने भन्दै  मुस्ताङका महिलाहरुले वि...	https://l.hamropatro.com/r/https://annapurnapost.com/news/197983	health	L
कामकाजी महिलाका लागि ७ स्वास्थ्य टिप्स	–मानसिक र शारीरिक रूपमा खट्नुपर्ने भएकाले क्याल्सियम र आइरन पाइने खाना प्रशस्त खाने।  –झोल खाना र सलाद बढी खाँदा दिनभरि ताजा महसुस गरिन्छ । –चिल्लो, पिरो र मसलादार खाना कम खाने ।  –चिया र कफी कम...	https://l.hamropatro.com/r/https://swasthyakhabar.com/story/45169	health	L
विदेश त घुम्न जाने मात्रै हो, काम त आफ्नै देशमा गर्नुपर्छः युवा उद्यमी खुशी पाठक (भिडिओसहित)	काठमाडौं, २४ फागुन । आज ११२ औं अन्तर्राष्ट्रिय नारी दिवस हो । विभिन्न कार्यक्रमको आयोजना गरी नेपालमा पनि यो दिवस मनाइदै छ । पुरुष मात्र घर बाहिर काममा हिड्ने हाम्रो पुरानो मान्यतालाई अहिलेका महिलाह...	https://l.hamropatro.com/r/https://www.reportersnepal.com/2022/03/657647	health	L
महिला निर्देशकका ११ राम्रा नेपाली छोटा फिल्म, हेर्नुहोस् युट्युबमा	नेपाली समाजभित्रका विभिन्न समुदायले घरेलु हिंसा, सामाजिक हिंसा, प्राकृतिक प्रकोप, आर्थिक समस्या, द्वन्द्वदेखि प्राकृतिक प्रकोपसम्मका समस्यालाई आ-आफ्नै हिसाबले भोग्दै आएका छन्। यस्ता तमाम समस्याले ...	https://l.hamropatro.com/r/https://www.setopati.com/art/art-activity/264071	health	L
कोरोना महामारीले बालिका थप जोखिममा: युनिसेफ	कोभिड-१९ को महामारीले बालिकालाई थप जोखिममा पारेको युनिसेफले जनाएको छ। अन्तर्राष्ट्रिय महिला दिवसको अवसरमा युनिसेफकी कार्यकारी निर्देशक क्याथरिन रसेलले वक्तव्य जारी गरी कोडिभ-१९ का कारण विद्यालय बन...	https://l.hamropatro.com/r/https://www.himalkhabar.com/news/128726	health	L
'कार चढेर मकै खान आउनेले ५ रुपैयाँमा मोलमोलाइ गर्छन्'	काठमाडौँ — ६८ वर्षीया मिठू रिजाल १६ वर्षदेखि काठमाडौंको बानेश्वर-बत्तीसपुतली सडकखण्डमा मकै पोलेर गुजारा चलाउँदै आएकी छिन् । तीनकुने र कालीमाटीबाट मकैका घोगा ल्याएर उनले सडकछेउमै बेच्दै आएकी छन् । ...	https://l.hamropatro.com/r/https://ekantipur.com/feature/2022/03/08/164666362818921632.html	health	L
मलेसिया जाने कामदारको मेडिकल शुल्क वृद्धि	नेपालबाट वैदेशिक रोजगारीको लागि मलेसिया जाने कामदारको मेडिकल शुल्क वृद्धि भएको छ । अब कामदारले मेडिकल परीक्षणबापत ७ हजार ६६४ रुपैयाँ तिर्नुपर्ने नेपालस्थित मलेसिया राजदूतावासले विज्ञप्ति जारी गर्दै...	https://l.hamropatro.com/r/https://farakdhar.com/story/77608	health	L
श्रमिक महिला दिवसको औचित्य	विश्वमा पुँजीवादको उदयपछि ठूला–ठूला उद्योग, कलकारखाना खुल्न थाले । त्यहाँ ठूलो मात्रामा मजदुरको आवश्यकता पर्न थाल्यो । त्यो समयमा महिलाहरू चुलोचौकामा सीमित भई घरभित्रको दास जीवन बिताइरहेका थिए । उद...	https://l.hamropatro.com/r/https://ratopati.com/story/225184/2022/3/8/kalpana-dhamala-	health	L
विपन्न बालबालिकालाई आर्थिक सहयोग	डोटी । वागेश्वरी असल शासन कल्ब बास नेपालले डोटीका चार जना असहाय तथा विपन्न बालबालिकालाई आर्थिक सहयोग गरेको छ । आमाबुबा नभएका परिवारको आर्थिक अवस्था कमजोर भएका तथा पठनपाठनमा समस्यामा परेका बालबालिक...	https://l.hamropatro.com/r/https://www.newsofnepal.com/2022/03/08/479625/	health	L
मह विष नबनोस् : यी पाँच चिजसँग सेवन गर्दा हानी	स्वास्थ्यका लागि महका थुप्रै फाइदा छन् । यसले छालालाई जवान बनाइराख्नुका साथै चम्किलो बनाउँछ । स्वास्थ्यका लागि पनि महले अमृतले झैँ काम गर्छ । यद्यपि, यसलाई सही तरिकाले प्रयोग गर्न आवश्यक छ । थुप्रै...	https://l.hamropatro.com/r/https://ratopati.com/story/225178/2022/3/8/do-harm-with-these-5-hot-things-do-not-take-it-with-tea-coffee-or-chili	health	L
महिला दिवस हरेक दिन यसरी आओस्	महिला दिवस ८ मार्च मात्र नआओस् महिला दिवस महिलालाई मात्र पनि नआओस् महिला दिवस हरेक दिन यसरी आओस् कि महिलाले गरेको काममा पुरुषले सघाओस् पुरुषले थालेको काम महिलाले टुंग्याओस् महिला दिवस हरेक दिन...	https://l.hamropatro.com/r/https://kathmandupress.com/news/59796	health	L
दाङमा १२ औँ पटक हात्तीपाइले विरुद्धको औषधि खुवाइँदै	दाङ – जिल्लामा १२औं पटक हात्तीपाइले विरुद्धको औषधि खुवाइने भएको छ । पटक–पटक औषधि खुवाए पनि सबैले औषधि नखाएको कारण रोगको जोखिम भएकाले औषधि खुवाउन थालेको जिल्ला स्वास्थ्य कार्यालय दाङले जानकारी दिएक...	https://l.hamropatro.com/r/https://www.karobardaily.com/news/177216	health	L
एक दिन त भान्सा दिवस भए पाे !	‘एइ केटी आइज कफी पिउन’ भन्दै फोन गरी उही चन्चले झापाली झरनाले ।  जो केही वर्षअघि मेरी साथी बनेकी थिई ।  म त छ्क्क परेँ । यतिका दिनपछि फोन आयो । खुसी हुँदै  गएँ ।  कफी टेबुलमा आइपुग्यो । वेटर आँखा ...	https://l.hamropatro.com/r/https://baahrakhari.com/news-details/343621	health	L
अन्तर्राष्ट्रिय महिला दिवस: ‘सबैभन्दा डर चार वर्षकी छोरीलाई कोरोना सार्छु कि भन्ने थियो’	नेपालमा कोभिड महामारीका बेला अग्रपङ्क्तिमा खटिनेमध्ये नर्सहरू पनि छन्। कोभिड महामारी सुरु हुँदा संसारभरि त्रासपूर्ण स्थिति थियो। कोभिडबारे धेरै जानकारी उपलब्ध नभएका बखत अस्पताल भर्ना हुन आइपुग्ने ...	https://l.hamropatro.com/r/https://www.bbc.com/nepali/news-60647088?xtor=AL-73-[partner]-[hamro.patro]-[headline]-[nepali]-[bizdev]-[isapi]	health	L
जग्गा एउटाको भोग चलन अर्कैको	काठमाडौं -दाङको तुलसीपुर उपमहानगरपालिका वडा नं.१९ स्थित भित्री स्यालापानी र बाहिरी स्यालापानीमा नापी कार्यालयले नापी गर्दा भोग चलन गर्ने र जग्गा धनि प्रमाण पुर्जा फरकरफरक व्यक्तिको परेको क्षेत्र  ।...	http://l.hamropatro.com/r/http://ajakoartha.com/story/69040	health	L
सवारीसाधनको समस्या र बुद्धिको सदुपयोग	रमेशकेशरी वैद्य एकपल्ट गल्ती भयो भने सहनु, आँखा चिम्लनु, माफ गर्नु हाम्रो दायित्व हो । तर बारम्बार मानिसले गल्ती दोहोर्याइरहन्छ भने त्यसको समाधान खोज्नु जरुरी हुन्छ । थाहा छैन, देश हाँक्नेहरु कुन ...	https://l.hamropatro.com/r/https://www.newsofnepal.com/2022/03/08/479551/	health	L
आयुर्वेद औषधालयमा बिरामीको चासो र विश्वास बढ्दै	पूर्वजहरूले प्रयोग गर्दै आएको आयुर्वेद अहिलेको पुस्तासम्म आइपुग्दा प्रयोगमा निकै कमी आएको छ । अस्पताल स्थापनाभन्दा पहिले सञ्चालनमा आएका अधिक आयुर्वेद औषधालय वर्षौँदेखि प्रयोगविहीन अवस्थामा पुगेका ...	https://l.hamropatro.com/r/https://lokaantar.com/story/174874/2022/3/8/health/ayurvedic	health	L
महाकाली अस्पतालमा डायलासिस सेवा सञ्चालन हुने	कञ्चनपुरको महेन्द्रनगरस्थित महाकाली प्रादेशिक अस्पतालमा मिर्गौलाका बिरामीलाई लक्ष्य गरी डायलासिस सेवा सञ्चालन हुने भएको छ । अस्पतालमा आगामी असारदेखि डायलासिस सेवा शुरू गर्ने लक्ष्य राखेर कार्य अघि...	https://l.hamropatro.com/r/https://lokaantar.com/story/174870/2022/3/8/current-affairs/mahakali-hospital	health	L
'A diverse workforce ensures you have the best talent’	I feel a gender-equal world is one where gender is not a consideration in any form or fashion, and we are still some way away from that goal. A little over three decades ago, Zarin Daruwala first ...	https://l.hamropatro.com/r/https://kathmandupost.com/money/2022/03/07/a-diverse-workforce-ensures-you-have-the-best-talent	health	L
अण्डा खाने सही तरिका	अण्डालाई पौष्टिक खानेकुराको श्रेणीमा समावेश गरिएको छ । अण्डालाई प्रोटिनको उत्कृष्ट स्रोत मानिन्छ। प्रोटिनका अलावा अण्डामा भिटामिन बी १२, भिटामिन ए, एमिनो एसिड, आइरन, फोलेट, बायोटिन, भिटामिन डी, सोड...	https://l.hamropatro.com/r/https://ratopati.com/story/225153/2022/3/8/egg-	health	L
जग्गा एउटाको पुर्जा अर्कैको भएपछि तनाव	जग्गा एउटाको नाममा छ, भोगचलन अर्कैले गरिरहेको छ । यही कारण अहिले दाङको एउटा गाउँ निकै तनावमा छ । तुलसीपुर उपमहानगरपालिका–१९ को भित्री स्यालापानी र बाहिरी स्यालापानीका ४० घरजति नागरिकको जग्गामा नापी...	https://l.hamropatro.com/r/https://ratopati.com/story/225152/2022/3/8/purja-	health	L
ईसेवा वालेटबाट अब शुन्य शुल्कमा रेमिट्यान्स पठाउन सकिने	काठमाडौं । ईसेवा मनी ट्रान्सफरको रेमिट्यान्स सेवा प्रयोग गर्दै आएका ग्राहकले अब ईसेवा वालेटबाट शुन्य शुल्कमा रेमिट्यान्स पठाउन सक्ने भएका छन् । यो सुविधाका लागि एफवान सफ्ट ग्रुप अन्तर्गतका यी दुई ...	https://l.hamropatro.com/r/https://www.techpana.com/2022/120835/	technology	L
इन्फर्मेटिक्स कलेजले मनायो १२ औं वार्षिकोत्सव	इन्फर्मेटिक्स कलेज पोखराले आफ्नो १२औं वार्षिकोत्सव विभिन्न कार्यक्रम गरी मनाएको छ । कलेजले विजनेश र आइटी कोर्ष अन्र्तगत रहेर बीआइटी तथा बीबीए प्रोग्राम राखेको छ । साथै, डिजिटल विजनेश म्यानेजमेन्ट र...	https://l.hamropatro.com/r/https://ratopati.com/story/225247/2022/3/8/informetices-collage-12-annual-day	technology	L
रूसमा आईफोन बिक्री बन्द गर्दा दैनिक ३७ करोड गुमाउँदै एप्पल	काठमाडौं । एप्पलले रुसमा आईफोन बिक्री बन्द गर्ने निर्णय गरेको छ । यो निर्णयले कम्पनीलाई दैनिक ३७ करोडभन्दा बढी नोक्सान हुने एक अध्ययनले देखाएको छ । फोनका लागि कभर बनाउने कम्पनी ‘बुर्गा’ ले गरेको ए...	https://l.hamropatro.com/r/https://www.techpana.com/2022/120830/	technology	L
पब्जी मोबाइल र पब्जी न्यू स्टेटमा के छ फरक ?	गणेश सुवेदी /- काठमाडौं । अहिले मोबाइलका लागि धेरै ब्याटल रोयल गेम आइसकेका छन् । पब्जी, फ्री फायर, सीओडी यसका केही उदाहरण हुन् । ब्याटल रोयल गेममध्ये पब्जी मोबाइल सबैभन्दा चलेको गेम हो । २०१८ मा...	https://l.hamropatro.com/r/https://www.techpana.com/2022/120827/	technology	L
एनसेल वुमन आइकन २०२१ तथा नेपालको पहिलो महिला कम्प्युटर इन्जिनियर : गुण केशरी प्रधान	गुणकेशरी प्रधान मानन्धर नेपालको पहिलो महिला कम्प्युटर इन्जिनियर हुन् । नेपालको आईटी क्षेत्रमा ३५ वर्ष लामो योगदान गरेकी प्रधानसँग नेपाल टेलिकम र सरकारी संस्थामा मात्रै करिब ३१ वर्ष काम गरेको अनुभव ...	https://l.hamropatro.com/r/https://ictsamachar.com/news-details/10459/2022-03-08	technology	L
आजको गुगल डुडल हेर्नुभयो ? नारी दिवसको यसरी हुँदैछ ‘सेलिब्रेसन’	काठमाडौं । आज मार्च ८, अर्थात् अन्तर्राष्ट्रिय नारी दिवस । नारीहरूले विभिन्न क्षेत्रमा दिएको योगदानलाई सम्बोधन गर्दै गुगलले नारी दिवस विशेष गुगल डुडल सार्वजनिक गरेको छ । डुडल आर्ट डाइरेक्टर थोका म...	https://l.hamropatro.com/r/https://www.techpana.com/2022/120808/	technology	L
अब सामसङका सस्ता फोनमा पनि चार्जर नआउने	काठमाडौं । सामसङले अब आफ्ना सस्ता फोनमा पनि चार्जर नदिने भएको छ । केही समय अगाडि मात्र एप्पलले आईफोन १२ खरिद गर्दा चार्जर निःशुल्क नदिने निर्णय गर्दा सामसङले एप्पललाई व्यङ्ग्य गरेको थियो । तर त्यस...	https://l.hamropatro.com/r/https://www.techpana.com/2022/120801/	technology	L
महिलाले महिला नै रोज्न मिल्ने राइड शेयरिङ एप बजारमा	काठमाडौं । महिला प्रयोगकर्ताले महिला राइडर र महिला राइडरले महिला प्रयोगकर्ता नै रोज्न मिल्ने गरी बजारमा नयाँ राइड शेयरिङ एप ‘जायर’ थपिएको छ । अन्तर्राष्ट्रिय महिला दिवसको अवसर पारी आजदेखि सञ्चालनम...	https://l.hamropatro.com/r/https://www.techpana.com/2022/120783/	technology	L
अन्तर्राष्ट्रिय इन्टरनेट नेटवर्कबाट आफैं बाहिरिँदै रूस	काठमाडौं । आउँदो शुक्रबारदेखि अन्तर्राष्ट्रिय इन्टरनेटबाट रूस बाहिरिने भएको छ । युक्रेन र रूसबीच जारी पछिल्लो अवस्थाका कारण विभिन्न अन्तर्राष्ट्रिय ब्रोडब्यान्ड सेवा प्रदायक रूसबाट बाहिरिएका छन् । ...	https://l.hamropatro.com/r/https://www.techpana.com/2022/120786/	technology	L
एक लाख बढीले डाउनलोड गरे फाइनान्सियल नोटिसेस एप, थपिए नयाँ फिचर	फाइनान्सियल नोटिसेसको एन्ड्रोइड एप्स डाउनलोडको संख्या एक लाख नाघेसँगै एप्सलाई पूर्णरूपमा नयाँ प्रविधि (फल्टर) मा अद्यावधिक गरिएको छ । अद्यावधिकसँगै एप्समा नयाँ फिचरहरु उपलब्ध भएको छ । बैंक तथा वित...	https://l.hamropatro.com/r/https://ictsamachar.com/news-details/10455/2022-03-08	technology	L
एक लाख डाउनलोडसँगै “फाइनान्सियल नोटिसेस” एप नयाँ स्वरुपमा, के–के छन् नयाँ सुविधाहरु ?	नेपाली पैसा    काठमाडौं : फाइनान्सियल नोटिसेसको एन्ड्रोइड एप्स डाउनलोड संख्या एक लाख नाघेको छ । यससँगै एप्स नयाँप्रविधि (फल्टर टेक्नोलोजी) मा अद्यावधिक गरिएको कम्पनीले जनाएको छ । बैंक तथा वित्तीय...	http://l.hamropatro.com/r/http://www.nepalipaisa.com/NewsDetail.aspx/id/46648	technology	L
डक्सुमोले उठायो ४३ करोड लगानी	काठमाडौं । स्टार्टअप कम्पनी डक्सुमोले करिब ४३ करोड रुपैयाँ लगानी प्राप्त गरेको छ । डक्सुमो एक डकुमेन्ट एआई स्टार्टअप कम्पनी हो । यो कम्पनी नेपाली डाटा वैज्ञानिकबाट उद्यमी बनेका विक्रम दाहाल र उनका...	https://l.hamropatro.com/r/https://baahrakhari.com/news-details/343626	technology	L
‘युट्युबलाई व्यवस्थित गर्ने प्रयास’	काठमाडौँ — सरकारले युट्युब च्यानलसहित इन्टरनेटको माध्यमबाट हुने प्रशारणका लागि समेत इजाजतपत्र लिनुपर्ने व्यवस्था गरेको छ । सञ्चार तथा सूचना प्रविधि मन्त्रालयले राष्ट्रिय प्रशारण नियमावलीमा एघारौं स...	https://l.hamropatro.com/r/https://ekantipur.com/Interview/2022/03/08/164670401621218841.html	technology	L
नियमावली संशोधनमा कुत्सित मनसाय	सरकारले इन्टरनेटमार्फत सञ्चालन हुने टेलिभिजन सेवा सञ्चालन गर्न अनुमति लिनुपर्ने कानूनी व्यवस्था गरेको छ । सरकारी अधिकारीहरूले युट्युबमा आधारित सञ्चार माध्यमलाई नियमन गर्नुपर्ने भएकाले राष्ट्रिय प्र...	https://l.hamropatro.com/r/https://abhiyandaily.com/newscategory-detail/404207	technology	L
फिक्स्ड डिपोजिट गर्ने ग्राहकलाई पनि क्रेडिट कार्ड सुविधा	काठमाडौं । नबिल बैंकले क्रेडिट कार्ड अन्तर्गत नबिल एफडी कार्ड (नबिल फिक्स्ड डिपोजिट कार्ड) योजना सुरु गरेको छ । यस अन्तर्गत बैंकका मुद्दती निक्षेप (फिक्स्ड डिपोजिट) ग्राहकले क्रेडिट कार्ड सुविधा पा...	https://l.hamropatro.com/r/https://www.techpana.com/2022/120752/	technology	L
प्राधिकरणले इन्टरनेट र केबलको तार पुनः काट्ने	इन्टरनेट सेवाप्रदायक र केबल टेलिभिजन कम्पनीहरूले विद्युत प्राधिकरणको पोल प्रयोग गरेबापतको भाडा बुझाउन ढिलाइ गरेको भन्दै प्राधिकरणले फेरि चेतावनी दिएको छ । प्राधिकरणको विद्युतीय संरचनाहरू प्रयोग गर्...	https://l.hamropatro.com/r/https://www.karobardaily.com/news/177148	technology	L
सामसङ ग्यालेक्सीको सोर्स कोड सहित २०० जीबी डेटा चोरी	काठमाडौं । ह्याकरहरूले सामसङ ग्यालेक्सी डिभाइसमार्फत कम्पनीको आन्तरिक डेटा र सोर्स कोड चोरी गरेका छन् । केही दिनअगाडि मात्र दक्षिण अफ्रिकाको ल्याप्सस (Lapsus$) नामक ह्याकिङ समूहले यो घटनामा आफू जि...	https://l.hamropatro.com/r/https://www.techpana.com/2022/120742/	technology	L
माइक्रोसफ्टले भारतमा नयाँ क्लाउड डाटा सेन्टर खोल्यो	एजेन्सी । माइक्रोसफ्टले भारतमा नयाँ क्लाउड डाटा सेन्टर घोषणा गरेको छ । भारतको हैदराबादमा स्थापना गरेको छ । यो भारतीय क्षेत्रको सबैभन्दा ठूलो डाटा सेन्टर पनि हुनेछ । यहाँ क्लाउड सर्भिस, इन्टरनेट अफ ...	http://l.hamropatro.com/r/http://aarthiknews.com/news/50897	technology	L
‘फाइनान्सियल नोटिसेस’ एप्स लाखपटक डाउनलोड	बैंक तथा वित्तीय क्षेत्रको डिजिटल सूचना प्रदान गर्ने वित्तीय साक्षरतामूलक ‘फाइनान्सियल नोटिसेस’ एप्स डाउनलोड गर्नेको संख्या एक लाख नाघेको छ । यो एपबाट बैंक तथा वित्तीय संस्थाको डिजिटल सूचना एन्ड्रो...	https://l.hamropatro.com/r/https://ratopati.com/story/225112/2022/3/7/apps	technology	L
दुवाकोटदेखि चन्द्रागिरीसम्म चल्ने बसमा जीपीएस ट्र्याकिङ, एपबाटै सवारी निगरानी गरिने	काठमाडौं । भक्तपुरको चाँगुनारायण नगरपालिकले दुवाकोटदेखि काठमाडौंको चन्द्रागिरीसम्म सञ्चालनमा ल्याएको बस सेवामा जीपीएस जडान गरिने भएको छ । ऋद्धिसिद्धि यातायात प्रालिसँगको सहकार्यमा २२ वटा बस यो रुट...	https://l.hamropatro.com/r/https://www.techpana.com/2022/120734/	technology	L
यस्ता छन्, पल शाह प्रकरणमा जथाभावी समाचार लेख्दा प्रतिबन्धमा परेका १० वेबसाइट	काठमाडौं । एक १७ वर्षीय नाबालिका गायिकामाथि बलात्कार गरेको अभियोग लागेका अभिनेता पल शाह प्रकरणमा प्रेस काउन्सिल नेपालले १६ युट्युव च्यानलसहित १० ओटा वेबपोर्टललाई समेत कारबाही सिफारिस गरेको थियो । ग...	https://l.hamropatro.com/r/https://www.techpana.com/2022/120721/	technology	L
लाइसेन्स नलिए नेटफ्लिक्स, अमेजन प्राइम लगायतका ओटीटीमाथि सरकारले प्रतिबन्ध लगाउने 	काठमाडौं । सरकारले नेपालमा नेटफ्लिक्स र अमेजन प्राइमजस्ता ओटीटी (ओभर दी टप) माध्यम बन्द गर्ने कानून बनाएको छ । राष्ट्रिय प्रसारण नियमावली संसोधन गर्दै ओटीटी एपमाथि नियन्त्रण जमाउन खोजिएको हो । यही...	https://l.hamropatro.com/r/https://www.techpana.com/2022/120712/	technology	L
‘रगतका कथाहरु’ शीर्षकमा सिरिज बनाउँदै डिशहोम	काठमाडौं । ग्राहकका लागि आफ्नै एक्स्लुसिभ च्यानलहरुमार्फत मनोरञ्जनात्मक कार्यक्रम निर्माण तथा प्रसारण गर्दै आएको डिशहोमले ‘रगतका कथाहरु’ शीर्षकमा नयाँ सिरिज निर्माण गर्ने भएको छ । यो सिरिजको पहिलो...	https://l.hamropatro.com/r/https://www.techpana.com/2022/120714/	technology	L
ग्लोबल आइएमई बैंकको मोबाइल एप ग्लोबल ‘स्मार्ट प्लस’बाट नेपाल आइडलमा भोटिङ गर्न सकिने	ग्लोबल आइएमई बैंक लिमिटेडका ग्राहकहरुले गायन रियालिटी टेलिभिजन कार्यक्रम नेपाल आइडल सिजन–४ का आफूलाई मनपर्ने प्रतियोगीहरुलाई बैंकको मोबाइल एप “ग्लोबल स्मार्ट प्लस” प्रयोग गरी भोट गर्न सक्ने भएका छन...	https://l.hamropatro.com/r/https://lokaantar.com/story/174826/2022/3/7/bank-share/globle-ime-bank-	technology	L
५० बढी विद्यालयमा बेलायती आईटी कोर्ष ‘डिजी स्कुल’	काठमाडौं । विद्यालयमा अध्यनरत विद्यार्थीका लागि तयार गरिएको बेलायतको आईटी कोर्ष ‘डिजी स्कुल’ नेपालका ५० भन्दा बढी विद्यालयमा विस्तार भएको छ । बेलायत सरकार मातहतमा दर्ता भई विद्यालय र उच्च शिक्षा स...	https://l.hamropatro.com/r/https://www.techpana.com/2022/120709/	technology	L
बुढानिलकण्ठमा डिशहोम फाइबरनेटको सह–वितरण सोरुमको उद्घाटन	नेपालभर डीटीएच र इन्टरनेट सेवा विस्तार गरिरहेको डिशहोम फाइबरनेटले हात्तिगौडा, बुढानिलकण्ठमा पनि सह–वितरण सोरुम सुरु गरेको छ । लक्की ग्यालरीले विगत लामो समयदेखि डिश मिडिया नेटवर्कसँग सहकार्य गरी डि...	https://l.hamropatro.com/r/https://shilapatra.com/detail/79157	technology	L
रेखा थापाको उजुरीपछि युट्युवर पक्राउ	काठमाडौं । युट्युव च्यानलमार्फत व्यक्तिको मानमर्दन र चरित्र हत्या गर्ने गरी भ्रामक समाचार सम्प्रेषण गरेको भन्दै प्रहरीले एक युट्युवरलाई पक्राउ गरेको छ । पक्राउ पर्नेमा ‘सेलेब नेपाल’ नामक च्यानलका ...	https://l.hamropatro.com/r/https://www.techpana.com/2022/120703/	technology	L
मोबाइलमा गेम खेल्न कुन प्रोसेसर राम्रो ?	गणेश सुवेदी /- काठमाडाैं । पछिल्ला केही वर्षलाई हेर्ने हो भने मोबाइल फोन हाम्रो जीवनको अत्यावश्यक वस्तु बनेको छ । कुराकानी गर्नेदेखि लिएर सञ्चार तथा मनोरञ्जनकाे साधन यही मोबाइल बनेकाे छ । त्यसैले...	https://l.hamropatro.com/r/https://www.techpana.com/2022/120686/	technology	L
फेसबुकमा कुन कुन भिडिओ हेर्नुभयो ? यस्तो छ थाहा पाउने तरिका	काठमाडौं । सामाजिक सञ्जाल फेसबुकका अनेक फिचरमध्ये भिडिओ शेयरिङ पनि एक हो । यसको माध्यमबाट हामी फेसबुकमा भिडिओ अपलोड गर्न सक्छौं । हाल फेसबुकमा ६० मिनेटभन्दा छोटो भिडिओ मात्र अपलोड गर्न सकिन्छ । कह...	https://l.hamropatro.com/r/https://www.techpana.com/2022/120684/	technology	L
नेस्डाे समृद्ध लघुवित्तको आईपीओ बाँडफाँट	काठमाडौँ — नेस्डाे सम्वृद्ध लघुवित्त वित्तीय संस्थाको प्राथमिक निस्कासन बाँडफाँट भएको छ । बिक्री प्रबन्धक ग्लोबल आईएमई क्यापिटलले मंगलबार गोलाप्रथा विधिबाट आईपीओ बाँडफाँट गरेको हो । बाँडफाँटमा ७७ ह...	https://l.hamropatro.com/r/https://ekantipur.com/business/2022/03/08/164674060701363997.html	economics	L
ग्रीन भेन्चर्सको शेयर रजिष्ट्रारमा लक्ष्मी क्यापिटल	काठमाडौं, २४ फागुन । ग्रीन भेन्चर्स लिमिटेडको रजिष्ट्रार टू शेयर (आरटिएस) को कार्य गर्न लक्ष्मी क्यापिटल मार्केट लिमिटेड नियुक्त भएको छ । हिजो (सोमबार) २ संस्थाबीच रजिष्ट्रार नियुक्ति सम्झौतामा हस्...	https://l.hamropatro.com/r/https://www.reportersnepal.com/2022/03/657791	economics	L
पिकअप विधामा चांगन अटोको ‘हन्टर’ नयाँ आयाम थप्दै	चांगन अटोको पिकअप हन्टरले पिकअप विधामा राम्रो सफलता पाएको कम्पनीले दाबी गरेको छ ।   आफ्नो पहिचान बनाउने क्रममा छोटो समयमै हन्टरले सबैको ध्यान खिचेको कम्पनीले जनाएको हो ।  बजारमा बिक्री शुरू भएको ...	https://l.hamropatro.com/r/https://lokaantar.com/story/174940/2022/3/8/market/chagan-auto-	economics	L
‘३३ प्रतिशत लागू गर्ने, १७ प्रतिशत खोज्ने अहिलेको चुनौती’	ऊर्जा, जलस्रोत तथा सिँचाईमन्त्री पम्फा भुसालले महिलाहरु ५० प्रतिशत अधिकार प्राप्तिका लागि आन्दोलित हुनुपर्ने बताएकी छन्। मंगलबार ११२ औँ अन्तर्राष्ट्रिय महिला दिवसको अवसरमा आयोजित कार्यक्रमलाई सम्ब...	https://l.hamropatro.com/r/https://deshsanchar.com/2022/03/08/621973/	economics	L
नेपाली ऐनामा गाँजाको अनुहार	नेपालमा पनि गाँजाको नशाबाट राम्रै तरक्की हुने सपना देख्न थालिएको छ। सरकारले गाँजा खेती गर्ने गराउने सम्बन्धी सकारात्मक मान्यतालाई अगाडी बढाउँदै गरेको समाचारहरू शिवरात्रीको पर्याय ‘गाँजा दिवस’ कै आस...	https://l.hamropatro.com/r/https://deshsanchar.com/2022/03/08/621937/	economics	L
आईओसीलाई निगमले पठायो १४ अर्ब ३० करोड रुपैयाँ	नेपाल आयल निगमले इन्डियन आयल कर्पोरेशनलाई १४ अर्ब ३० करोड रुपैयाँ भुक्तानी गरेको छ । निगमले आईओसीलाई फागुन महिनामा तेल किने बापत उक्त रकम भुक्तानी पठाएको हो । निगमका प्रवक्ता बिनितमणी उपाध्यायले आ...	https://l.hamropatro.com/r/https://ratopati.com/story/225258/2022/3/8/nepal-oil-corporation	economics	L
थपिए १९४ जना कोरोना संक्रमित, ३४८ जना कोरोना संक्रमणमुक्त	फागुन २४ , काठमाडौं । नेपालमा विगत २४ घण्टामा थप १९४ जनामा कोरोना भाइरसको संक्रमण पुष्टि भएको छ ।   स्वास्थ्य तथा जनसंख्या मन्त्रालयले मंगलवार दिएको जानकारी अनुसार उक्त अवधिमा ३ हजार ६३८ जनाको पीस...	https://l.hamropatro.com/r/https://abhiyandaily.com/newscategory-detail/404241	economics	L
त्रिवेणी व्यापार कम्पनीको डिलर मिट सम्पन्न, व्यापार प्रवर्द्धनमा जोड 	काठमाडौँ / त्रिवेणी ग्रुप अन्तर्गतको त्रिवेणी व्यापार कम्पनीले बिक्रेता मिट (डिलरमिट) कार्यक्रम सम्पन्न गरेको छ ।   कम्पनीले बिक्री वितरण गर्दै आएको आफ्नो साना घरायसी सामानको बिक्री बितरण गर्ने आध...	https://l.hamropatro.com/r/https://arthadabali.com/2022/03/08/21905	economics	L
डोल्पा केन्द्रीय प्रसारण लाइन विस्तार गरिँदै	डोल्पा पनि अब केन्द्रीय प्रसारण लाइनमा जोडिने भएको छ।  विद्युतीकरण नभएका कर्णालीको डोल्पामा केन्द्रीय प्रसारण लाइनको विस्तार कार्य द्रुतगतिले अगाडि बढेको हो। चालु आर्थिक वर्षको असार महिनाभित्र डोल...	https://l.hamropatro.com/r/https://www.setopati.com/kinmel/others/264093	economics	L
वीरगन्जमा होटल, रेस्टुरेन्टको स्तर निर्धारण गर्न थालियो	पर्सा — वीरगन्जका होटल तथा रेस्टुरेन्टको स्तरीकरण निर्धारण गर्दै लोगो वितरण कार्य सुरु गरिएको छ । खाद्य प्रविधि तथा गुण नियन्त्रण मधेस प्रदेश कार्यालय जनकपुर र खाद्य प्रविधि तथा गुण नियन्त्रण डिभिज...	https://l.hamropatro.com/r/https://ekantipur.com/business/2022/03/08/164673721616728139.html	economics	L
श्रमिक महिला भन्छन् : मजदूरी नगरी छाक टर्दैन	११२औँ अन्तर्राष्ट्रिय महिला दिवसका अवसरमा सरकारले बिदा दिनुका साथै सभा–सम्मेलन एवं सामाजिक सञ्जालमा दिवसको चर्चा भइरहँदा भीमदत्त नगरपालिका–१८ सालघारीमा डेरी गरी बस्ने २७ वर्षीया रीता चौधरी भने मजदू...	https://l.hamropatro.com/r/https://ratopati.com/story/225249/2022/3/8/laborer-woman	economics	L
नेष्डो समृद्ध लघुवित्तको आइपिओ बाँडफाँड, तपाईंले पाउनुभयो ?	नेष्डो समृद्ध लघुवित्त वित्तीय संस्थाले सर्वसाधारणका लागि निष्काशन गरेको प्रारम्भिक सार्वजनिक निष्कासन(आइपीओ)को बाँडफाँड गरेको छ ।  धितोपत्र निष्काशन तथा बिक्री प्रबन्धक ग्लोबल आइएमई क्यापिटल लिमि...	https://l.hamropatro.com/r/https://lokaantar.com/story/174933/2022/3/8/bank-share/ipo-	economics	L
डीडीसी सुधार अध्ययन प्रतिवेदन कर्मचारीले लुकाएको कृषिमन्त्रीको गुनासो	२४ फागुन, काठमाडौं । कृषि तथा पशुपन्छी विकासमन्त्री महेन्द्रराय यादवले सरकारी स्वमित्वको दुग्ध विकास संस्थान (डीडीसी ) सुधार गर्न गठन गरेको समितिले अध्ययन प्रतिवेदन लुकाएको बताएका छन् । कृषि पत्रका...	https://l.hamropatro.com/r/https://www.onlinekhabar.com/2022/03/1090790	economics	L
शिखर इन्स्योरेन्सले चैत १ गतेदेखि हकप्रद निष्काशन गर्ने	२४ फागुन, काठमाडौं । चैत १ गतेदेखि शिखर इन्स्योरेन्सले हकप्रद शेयर निष्काशन गर्ने भएको छ। इन्स्योरेन्सले हाल कायम १० कित्ता शेयर बराबर नयाँ ३ कित्ता शेयरको अनुपातमा हकप्रद शेयर निष्काशन गर्न लागेको...	https://l.hamropatro.com/r/https://www.nepalbahas.com/2022/03/08/390749/	economics	L
एक सय ९४ जनामा कोरोना संक्रमण हुँदा ३४८ जना निको भए	काठमाडौं । पछिल्लो २४ घण्टामा नेपालमा १९४ जना नयाँ संक्रमित थपिएका छन् । स्वास्थ्य तथा जनसंख्या मन्त्रालयका अनुसार विगत २४ घण्टामा आरटी पीसीआर परिक्षण गर्दा ७४ जना र एन्टिजन परिक्षण गर्दा १२० जना ग...	http://l.hamropatro.com/r/http://aarthiknews.com/news/50935	economics	L
अन्नपूर्ण केबलकार भोलिदेखि बन्द हुने	पोखरा । पोखरास्थित पहिलो केबलकार अन्नपूर्ण केबलकार भोलि बुधवारदेखि बन्द हुने भएको छ । पोखराको सेदीबगरदेखि सराङकोट जाने अन्नपूर्ण केबलकार फागुन २५ गतेदेखि ३० गतेसम्म बन्द हुने कम्पनीले जनाएको छ । न...	https://l.hamropatro.com/r/https://hamrakura.com/news-details/118928/2022-03-08	economics	L
जीटूजीमा ल्याइने मलको मूल्य निर्धारण गर्न कार्यदल सिफारिस	२४ फागुन, काठमाडौं । भारतसँग रासायनिक मल खरिदका लागि भएको सम्झौताअनुसार मूल्य निर्धारण गर्न कृषि तथा पशुपन्छी विकास मन्त्रालयले ९ सदस्यीय कार्यदल सिफारिस गरेको छ । कृषि तथा पशुपन्छी विकास मन्त्राल...	https://l.hamropatro.com/r/https://www.onlinekhabar.com/2022/03/1090781	economics	L
स्वदेशी उत्पादन प्रवद्र्धन गर्न ‘दिदीबहिनी कोसेली घर’	२४फागुन,नवलपरासी । स्वदेशी उत्पादनकोे प्रवद्र्धन र प्रोत्साहन गर्न नवलपरासी(बर्दघाट सुस्ता पश्चिम)को सदरमुकाम परासीमा कोसेली घर सञ्चालनमा आएको छ । स्थानीय घरेलु तथा साना उद्यमीले उत्पादन गरेका वस्त...	https://l.hamropatro.com/r/https://www.nepalbahas.com/2022/03/08/390742/	economics	L
जानकी टेक्नोलोजी र एक एक पाइला फाउन्डेसनबीच सम्झौता	काठमाडौं । जानकी टेक्नोलोजी (स्प्यारो एसएमएस) र एक एक पाइला फाउन्डेसनबीच सम्झौता भएको छ । एक एक पाइला फाउन्डेसनका संस्थापक डा. सुमन शमशेर थापा र जानकी टेक्नोलोजीका प्रमुख कार्यकारी अधिकृत मनोज थापा...	https://l.hamropatro.com/r/https://www.onlinekhabar.com/2022/03/1090774	economics	L
राष्ट्रबैंकले अब ६ महिना भन्दा बढी आयात धान्न सक्दैन : पूर्व गभर्नर नेपाल	काठमाडौं । नेपाल राष्ट्र बैंकका पूर्वगभर्नर डा. चिरञ्जीवि नेपालले पछिल्लो समय मुलुकको अर्थतन्त्र चुनौतीपूर्ण स्थितिमा पुगेको बताएका छन् । पूर्वगभर्नर डा. नेपालले नेपाल राष्ट्र बैंकले मौद्रिक नीतिक...	https://l.hamropatro.com/r/https://rajdhanidaily.com/id/57754/	economics	L
बारामा दुई अर्ब ३७ करोड बराबरको आलु उत्पादन	२४ फागुन, बारा । बारा जिल्लामा आर्थिक वर्ष ९७८-७९ मा रु दुई अर्ब ३७ करोड ४४ लाख बराबरको एक लाख १८ हजार ७२० मेट्रिक टन आलु उत्पादन भएको छ । कम लगानीमा बढी लाभ हुने उखु, मत्स्यपालनतर्फ कृषकहरु उन्मु...	https://l.hamropatro.com/r/https://www.onlinekhabar.com/2022/03/1090773	economics	L
आफ्ना नागरिकको उद्धारमा सघाउन औद्योगिक प्रतिष्ठानलाई भारतको आह्वान	काठमाडौं– युक्रेनमा फसिरहेका आफ्ना नागरिकलाई सहायता गर्न एवम् राहत सामग्री उपलब्ध गराउन भारत सरकारले उद्योगहरुलाई आह्वान गरेको छ । हालै सम्पन्न औद्योगिक प्रतिष्ठानहरूसँगको अन्तरक्रिया कार्यक्रममा भ...	https://l.hamropatro.com/r/https://www.khabarhub.com/2022/08/358910/	economics	L
पुँजी बजारमा उपलब्धिमूलक केही नयाँ कामको थालनी होला त ?	नेपाली पैसा    काठमाडौं : धितोपत्र बोर्डका अध्यक्ष रमेश हमालले पुँजी बजारको दिगो विकासका लागि यसका प्रडक्ट तथा औजारहरु थपिने बताएका छन् । पुँजी बजारमा नयाँ लगानीकर्ता भित्रिएका छन् । लगानीकर्ताको...	http://l.hamropatro.com/r/http://www.nepalipaisa.com/NewsDetail.aspx/id/46654	economics	L
महिला राष्ट्रपतिसम्म बनाउने ठाउँमा पुग्याैँ तर सबैले त्यही बराबर अधिकार पाएका छन् त ? : मन्त्री भुसाल	काठमाण्डाै – ऊर्जा, जलस्रोत तथा सिँचाइ मन्त्री पम्फा भुसालले महिलाहरू ५० प्रतिशत अधिकार प्राप्तिका लागि आन्दोलित हुनुपर्ने बताउनुभएको छ ।  आज मङ्गलवार एक सय १२ औँ अन्तर्राष्ट्रिय महिला दिवसको अवसर...	https://l.hamropatro.com/r/https://ujyaaloonline.com/story/66180/2022/3/8/Minister-Bhusal-about-women-rights	economics	L
वालिङका उद्यमी तथा कृषकहरुलाई कृषि सामाग्री बितरण	२४ फागुन, वालिङ । वालिङ नगरपालिकाका कृषक तथा उद्यमीहरुलाई कृषि सामाग्री बितरण गरिएको छ । कृषकहरुका माग र आवश्यक्ताका आधारमा कृषि औजार बितरण गरिएको नगरपालिकाले जनाएको छ । वालिङ नगरपालिका र युएनडिपी...	https://l.hamropatro.com/r/https://www.nepalbahas.com/2022/03/08/390719/	economics	L
कर्णालीः कार्यसम्पादन मूल्यांकनमा सिमकोट गाउँपालिका पहिलो	सिमकोट– राष्ट्रिय प्राकृतिक स्रोत तथा वित्त आयोगले सार्वजनिक गरेको स्थानीय सरकारको कार्यसम्पादन मूल्यांकननमा हुम्लाको सदरमुकामसमेत रहेको सिमकोट गाउँपालिका पहिलो भएको छ। आयोगले आव २०७९/०८० का लागि ...	https://l.hamropatro.com/r/https://deshsanchar.com/2022/03/08/621928/	economics	L
नारी दिवसको अवसरमा जम्बो लेबनाङ्गको अफर : इलेक्ट्रिकल स्कुटर किन्दा २० हजार रुपैयाँ छुट	लेबनाङ्ग ब्रान्डका इलेक्ट्रिकल स्कुटरको आधिकारिक बिक्रेता जम्बो इको भेइकलले आज विश्व नारी दिवसको अवसरमा विशेष छुट प्रदान गरेको छ । यस योजनाअन्तर्गत नारीको नाममा बुकिङ वा खरिद गरेमा प्रत्येक स्कुटरम...	https://l.hamropatro.com/r/https://shilapatra.com/detail/79231	economics	L
राष्ट्र उत्थानको आईपीओ शेयरधनीको डिम्याट खातामा	२४ फागुन, काठमाडौं । राष्ट्र उत्थान लघुवित्त वित्तीय संस्था लिमिटेडले निष्कासन गरेको आईपीओ शेयरधनीको डिम्याट खातामा आएको छ । आरयूएलबी स्टक संकेतमा डिम्याट खातामा देखिएको हो । कम्पनीले आईपीओको बाँड...	https://l.hamropatro.com/r/https://www.nepalbahas.com/2022/03/08/390674/	economics	L
पूर्वगभर्नर नेपाल भन्छन् – ‘चुनौतीपूर्ण स्थितिमा अर्थतन्त्र, पट्रोलियम पदार्थ र खाने तेलको मूल्य अझै बढ्नसक्छ’ (भिडियो)	काठमाडौँ । नेपाल राष्ट्र बैंकका पूर्वगभर्नर डा. चिरञ्जीवि नेपालले पछिल्लो समय मुलुकको अर्थतन्त्र चुनौतीपूर्ण स्थितिमा पुगेको बताउनु भएको छ । पूर्वगभर्नर डा. नेपालले नेपाल राष्ट्र बैंकले मौद्रिक नीत...	https://l.hamropatro.com/r/https://arthasarokar.com/2022/03/dr-nepal-3.html	economics	L
राप्ती गाउँपालिका क्षेत्रमा जग्गा नाप नक्सा गर्ने कार्यको सुरुवात 	शान्तिपुर / राप्ती गाउँपालिका क्षेत्रमा भुमिहिन दलित, भुमिहिन, सुकुम्वासी तथा अब्यवस्थित बसोबासी जग्गा नाप नक्सा गर्ने कार्यको सुरुवात गरिएको छ । मंगलवार एक कार्यक्रमका विच राप्ती गाउँपालिका अध्यक...	https://l.hamropatro.com/r/https://arthadabali.com/2022/03/08/21896	economics	L
महिलाहरूले ५० प्रतिशत अधिकार प्राप्त गर्न आन्दोलित हुनुपर्छ- ऊर्जामन्त्री	ऊर्जा, जलस्रोत तथा सिँचाइमन्त्री पम्फा भुसालले महिलाहरू ५० प्रतिशत अधिकार प्राप्तिका लागि आन्दोलित हुनुपर्ने बताएकी छन् ।  मंगलवार ११२ औँ अन्तर्राष्ट्रिय महिला दिवसको अवसरमा आयोजित कार्यक्रमलाई सम...	https://l.hamropatro.com/r/https://lokaantar.com/story/174918/2022/3/8/politics/urjamantri-	economics	L
कमिसन नबढाए व्यवसायीले ग्याँस र पेट्रोलको बिक्री रोक्ने	२४ फागुन, काठमाडौं । पेट्रोलियम कारोबार गर्ने तीन वटै निजी क्षेत्रका संस्थाले ढुवानीदेखि बिक्रीसम्मको कारोबार ठप्प पार्ने आन्दोलनका कार्यक्रम घोषणा गरेका छन् । व्यवसायीले पाउँदै आएको कमिसन निगम सञ...	https://l.hamropatro.com/r/https://www.onlinekhabar.com/2022/03/1090737	economics	L
विश्व बैंकबाट युक्रेनले ७२ करोड ३० लाख डलर सहयोग पाउने 	काठमाडौं । युक्रेनले विश्व बैंकबाट ७२ करोड ३० लाख अमेरिकी डलर आर्थिक सहयोग पाउने भएको छ ।  विश्व बैंकले युक्रेनलाई ऋण र अनुदान सहयोगस्वरूप करिब ७२ करोड ३० लाख अमेरिकी डलर सहयोगका लागि अनुमोदन गरेस...	https://l.hamropatro.com/r/https://baahrakhari.com/news-details/343658	economics	L
आईपीओमा आकर्षक आवेदन परेपछि नेष्डो समृद्ध लघुवित्त मख्खै, दियाे सबैलाई धन्यवाद	"नेष्डो समृद्ध लघुवित्तकाे आईपीओमा आकर्षक आवेदन परेपछि नेष्डो समृद्ध लघुवित्त वित्तीय संस्था लिमिटेड मख्ख पर्दै सबैलाई धन्यवाद दिएकाे छ । संस्थाले एक प्रेस विज्ञप्ति सार्वजनिक गर्दै भनेकाे छ, ""नेपा..."	https://l.hamropatro.com/r/https://arthasansar.com/news/37420	economics	L
डाबर नेपालद्वारा भाटिका नेचुरल स्याम्पू सार्वजनिक	काठमाडौँ — डाबर नेपालले डाबर भाटिका नेचुरल स्याम्पू सार्वजनिक गरेको छ । ब्राण्ड एम्बेस्डर स्वस्तिमा खड्का तथा डाबर नेपालका व्यापार प्रमुख एच्. एस्. बेदी, मार्केटिङ प्रमुख अभय गोर्खाली र ब्रान्ड प्र...	https://l.hamropatro.com/r/https://ekantipur.com/market/2022/03/08/16467302439922186.html	economics	L
नेष्डो लघुवित्तको आइपीओ बाँडफाँट, साढे २४ लाख आवेदकको हात खाली	नेष्डो समृद्ध लघुवित्त वित्तीय संस्थाको साधारण सेयर (आइपीओ) ७७ हजार ५५६ जनाले पाएका छन् । कम्पनीको आइपीओमा आवेदन दिएकामध्ये उनीहरूले १० कित्ताका दरले आइपीओ पाएका हुन् । यस्तै, तीमध्ये ३ जना लगानीक...	https://l.hamropatro.com/r/https://ratopati.com/story/225219/2022/3/8/nesdo-	economics	L
अन्तर्राष्ट्रिय श्रमिक महिला दिवस पर्सामा पनि धुमधामका साथ मनाइयाे	हरिशंकर शर्मा वीरगन्ज (पर्सा) । आज मार्च ८ अर्थात ११२ औँ अन्तराष्ट्रिय नारी दिवस ! यो दिवस आजको दिन देशभर विभिन्न कार्यक्रम गरी मनाइँदैछ । जमिन तथा उत्पादनका साधनमा महिलाको समान स्वामित्व, उत्पादन...	https://l.hamropatro.com/r/https://www.news24nepal.tv/2022/03/08/862006	economics	L
जुम्लाका स्याउ किसानले पाए क्षतिपूर्ति	 जुम्लाका स्याउ किसानले क्षतिपूर्ति पाएका छन् । असिना र खडेरीका कारण स्याउ नष्ट भएपछि उनीहरूले क्षतिपूर्ति पाएका हुन् ।  शखर इन्स्योरेन्स कम्पनी लिमिटेड जुम्लाले जिल्लाका एक हजार ४ सय २० स्याउ किस...	https://l.hamropatro.com/r/https://ratopati.com/story/225218/2022/3/8/Apple	economics	L
अर्थतन्त्र अत्यन्त चुनौतीपूर्ण स्थितिमा छ : पूर्वगभर्नर नेपाल	नेपाल राष्ट्र बैंकका पूर्वगभर्नर डा. चिरञ्जीवी नेपालले पछिल्लो समय मुलुकको अर्थतन्त्र चुनौतीपूर्ण स्थितिमा पुगेको बताएका छन्। मंगलबार न्युज एजेन्सी नेपालसँग कुराकानी गर्दै उनले राष्ट्र बैंकले मौद्र...	https://l.hamropatro.com/r/https://nayapatrikadaily.com/feed-detail.php?nid=82066	economics	L
ओलेना जेलेन्स्का : युक्रेनका राष्ट्रपतिकी श्रीमती जो पर्दा पछाडि निभाइरहेकी छिन् महत्वपूर्ण भूमिका	युक्रेनमाथि रुसको हमलापछि जब देशका राष्ट्रपति वोलोदिमिर जेलेन्स्कीले देश छोड्ने प्रस्ताव पाए तब उनले भिडियोमार्फत् भने, ‘मलाई हतियार चाहिएको छ, यातायात होइन ।’ उनकी श्रीमती ओलेना जेलेन्स्का र दुई ...	https://l.hamropatro.com/r/https://ratopati.com/story/225255/2022/3/8/ukraine-first-lady	international	L
कारोबारमा डलरको विकल्प खोज्न एर्दोआनले पुटिनलाई दिए सल्लाह	टर्कीका राष्ट्रपति रेचेप तैयिप एर्दोआनले रुसका राष्ट्रपति भ्लादिमिर पुटिनसँग फोनमा कुरा गर्दै डलरको विकल्पमा कारोबार गर्न सुझाव दिएका छन् ।  पश्चिमले एउटा न एउटा बहानामा आर्थिक प्रतिबन्ध लगाउने गर...	https://l.hamropatro.com/r/https://lokaantar.com/story/174936/2022/3/8/international/dedollarization	international	L
महिला हिंसा अन्त्यका लागि कानुनमा सुधार आवश्यक : मन्त्री झाँक्री	सहरी विकासमन्त्री रामकुमारी झाँक्रीले महिला हिंसा अन्त्यका लागि कानुनको सुधार गर्नुपर्नेमा जोड दिएकी छिन्। महिला दिवसको अवसरमा आयोजित कार्यक्रममा बोल्दै उनले कसैले अधिकारको प्रयोग गर्दैगर्दा अर्को ...	https://l.hamropatro.com/r/https://nayapatrikadaily.com/feed-detail.php?nid=82078	international	L
युक्रेनमा शरणार्थीको सङ्ख्या बीस लाख पुग्यो	काठमाडौं– युक्रेनमा जारी युद्धबाट शरणार्थी बन्नेको संख्या बीस लाख पुगेको छ । शरणार्थी सम्बन्धी संयुक्त राष्ट्रसंघीय उच्चायुक्तको कार्यालयका प्रमुख फिलिपो ग्राण्डीले सामाजिक सञ्जाल ट्विटरमार्फत् यस्...	https://l.hamropatro.com/r/https://www.khabarhub.com/2022/08/358956/	international	L
तथ्याङ्कमा नारी : यहाँ छ विभेद, शोषण र कार्यबोझ	नेपालको जनगणना, २०७८ को प्रारम्भिक नतिजा अध्ययन गर्दा महिलाका हकमा अब ‘आधा आकाश र आधा धर्ती’ उपमा अपुग हुँदैछ । प्रारम्भिक नतिजाअनुसार २ करोड ९१ लाख ९२ हजार ४८० कूल जनसङ्ख्यामध्ये महिलाको सङ्ख्या १...	https://l.hamropatro.com/r/https://ratopati.com/story/225251/2022/3/8/women-discrimination-	international	L
महिला हिंसा अन्त्यका लागि कानूनको सुधार हुनुपर्छ : रामकुमारी झाक्री	काठमाडौं : शहरी विकासमन्त्री रामकुमारी झाक्रीले महिला हिंसा अन्त्यका लागि कानूनको सुधार गर्नुपर्ने बताएकी छिन्। ११२ औँ अन्तर्राष्ट्रिय महिला दिवसको अवसरमा आज आयोजित कार्यक्रमलाई सम्बोधन गर्दै उनले ...	https://l.hamropatro.com/r/https://pahilopost.com/content/20220308165739.html	international	L
फाइनान्सले जागिरबाट निकाल्यो, प्रहरीमा लगेर थुनायो अनि परिवारले नै विष पिए	फाइनान्सकै कारण उजाडियो परिवार काठमाडौंको रामकोटमा एकै परिवारका ५ जनाले एकसाथ विष पिएको घटनामा गोरखा फाइनान्स जोडिएको छ।  गोरखा फाइनान्सले झुटो आरोप लगाउँदै मुद्दा दर्ता गरेपछि आत्महत्याको निर्णय...	https://l.hamropatro.com/r/https://nepalkhabar.com/society/122982-2022-3-8-16-6-48	international	L
रुसले युक्रेनी सहर सुमीमा बमबारी गर्दा २ बालबालिका सहित नौ जनाको मृत्यु	एजेन्सी, २४ फागुन । रूस युक्रेन युद्धको १३ औं दिनमा पनि युक्रेनमा रुसको आक्रमण जारी छ । समाचार एजेन्सी एएफपीको रिपोर्ट अनुसार रुसी सहर सुमीमा रुसले बम प्रहार गरेको थियो । यस आक्रमणमा करिब नौ जनाको ...	https://l.hamropatro.com/r/https://www.reportersnepal.com/2022/03/657752	international	L
युद्धको पीडा : २० लाख नागरिकले छोडे युक्रेन	काठमाडौं । २४ फेब्रुअरीमा रुसले आक्रमण गरेपछि सुरु भएको रुस युक्रेनयुद्धपछि २० लाख नागरिकले युक्रेन छोडेको संयुक्त राष्ट्रसंघले जनाएको छ । शरणार्थीहरूका लागि संयुक्त राष्ट्र उच्चायुक्त  फिलिपो ग्र...	https://l.hamropatro.com/r/https://hamrakura.com/news-details/118930/2022-03-08	international	L
युक्रेन छाडेर बाहिरिनेहरुको संख्या २० लाख पुग्यो	काठमाडौँ- रुसी आक्रमणमा परेको युक्रेनबाट बाहिरिनेहरुको संख्या मंगलबारसम्म २० लाख पुगेको राष्ट्रसंघले जानकारी गराएको छ। शरणार्थीहरुका लागि राष्ट्रसंघीय उच्चायुक्त फिलिपो ग्रान्डीका अनुसार यो दोस्रो...	https://l.hamropatro.com/r/https://deshsanchar.com/2022/03/08/621966/	international	L
ज्याग्वार र प्यान्थरसँग युक्रेनमा फसेका भारतीय डाक्टर भन्छन्ः यिनीहरु बिना भारत फर्किँदिन	364 Shares बीबीसी। रुसले युक्रेनमा आक्रमण थालेको आज १३ दिन पुगेको छ। त्यहाँ लगातार लडाइँ जारी छ। युद्ध सुरु भएपछि विश्वभरका सयौं मानिसहरु युक्रेनमै फसेका छन्। उनीहरुलाई स्वदेश फर्काउन विभिन्न दे...	https://l.hamropatro.com/r/https://www.dainikonline.com/story/193428/2022/03/08/	international	L
श्रष्टालाई सम्झियो निजगढ नगरपालिकाले	बाराको निजगढ नगरपालिकाले श्रष्टाको सम्मान गरेको छ। नगरपालिकाले मंगलबार एक समारोह आयोजना गरी राष्ट्रिय खेलाडी, जनआन्दोलनका घाइते तथा सहिद परिवार, पूर्वजनप्रतिनिधिहरूलाई सम्मान गरेको हो। निजगढको पहिच...	https://l.hamropatro.com/r/https://nayapatrikadaily.com/feed-detail.php?nid=82074	international	L
चर्निहिभलाई घेराबन्दी गर्दै रुसी सेना	रुसी सैनिकहरूले चर्निहिभ शहर र प्रान्तलाई लगभग घेराबन्दी गरिसकेको सैन्य विश्लेषकहरूले बताएका छन् ।  त्यहाँबाट भाग्नका लागि युक्रेनी बल र नागरिकहरूका लागि साँघुरो ग्याप मात्र बाँकी छ । त्यो ग्याप क...	https://l.hamropatro.com/r/https://lokaantar.com/story/174930/2022/3/8/international/chernihiv-ukraine	international	L
युक्रेनबाट के चाहन्छन् पुटिन ? के ले प्रेरित गर्‍यो युक्रेनमाथि घातक सैन्य हमला ?	यही फागुन १२ गते (२४ फेब्रुअरी) बिहान रुसी राष्ट्रपति भ्लादिमिर पुटिनले राष्ट्रिय टेलिभिजनमार्फत सम्बोधन गर्दै युक्रेनमा ‘विशेष सैनिक कारवाही’ शुरु गरेको घोषणा गरे । पुटिनको आदेशसँगै रुस – युक्रेन ...	https://l.hamropatro.com/r/https://www.khabarhub.com/2022/08/358885/	international	L
युक्रेनमा भएको विष्फोटमा बालबालिकासहित ९ को मृत्यु	युक्रेनमा भएको विष्फोटमा परी कम्तीमा ९ जनाको मृत्यु भएको छ । राजधानी किभबाट करिब ३५० किलोमिटर पूर्वमा रहेको सुमी शहरमा हवाई आक्रमण भएको जनाइएको छ । युक्रेनको उद्धार सेवाले उक्त कारवाहीमा दुई जना ब...	https://l.hamropatro.com/r/https://canadanepal.com/content/46740	international	L
रुसको तेल आपूर्ति बन्द गरे युरोप जाने मुख्य ग्यास लाईन बन्द गरिदिने रुसको चेतावनी	एजेन्सी । आफ्नो तेल आपूर्तिमा पश्चिमा देशहरुले प्रतिबन्ध लगाए जर्मनी जाने ग्यासको मुख्य लाईन बन्द गर्ने चेतावनी रुसले दिएको छ । रुसबाट तेल निर्यातमा प्रतिबन्ध लगाउने विषयमा अमेरिकाले आफ्नो गठबन्धन...	https://l.hamropatro.com/r/https://canadanepal.com/content/46739	international	L
अन्तर्राष्ट्रिय नारी दिवसको अवसरमा रुसको विरोध	मानव अधिकार तथा शान्ति समाजले युक्रेनमाथि रुसले गरेको आक्रमणका कारण महिला र बालबालिकाहरुको व्यापक मानवअधिकार उल्लंघन भएको भन्दै आज विरोध प्रदर्शन गरेको छ । अन्तर्राष्ट्रिय नारी दिवसको अवसरमा रुपन्...	https://l.hamropatro.com/r/https://www.janaaastha.com/archives/81915	international	L
खै त गोपनियताको अधिकार?	अहिले सामाजिक सञ्जालमा होस् या मिडियामा जतासुकै चर्चामा आएको एउटा घटना अझै सेलाउन सकिरहेको छैन। हरेकले सामाजिक सञ्जालहरूमा आ-आफ्नै किसिमले तर्क बितर्क गरिरहेका छन्। सामाजिक सञ्जाल न्यायिक निर्णय गर...	https://l.hamropatro.com/r/https://www.setopati.com/blog/264085	international	L
युक्रेन-रुस द्वन्द्व : महिला र बालबालिकाको अधिकार हनन भएको भन्दै विरोध प्रदर्शन	मानव अधिकार तथा शान्ति समाजले युक्रेन माथि रुसले गरेको आक्रमणका कारण भएको महिला र बालबालिकाहरूको व्यापक अधिकार उल्लंघन भएको भन्दै विरोधमा प्रदर्शन गरेको छ । अन्तराष्ट्रिय नारी दिवसको अवसरमा मंगलबा...	https://l.hamropatro.com/r/https://farakdhar.com/story/77627	international	L
रुसको चेतावनी : कच्चा तेलको मूल्य प्रतिब्यारेल ३०० डलरसम्म पुग्न सक्छ	मस्को — रुस र युक्रेनबीचको युद्धले विश्वबजारमा अमेरिकी डलर, सुन र पेट्रोलको भाउ उचाइमा पुगेको छ । रुस-युक्रेन द्वन्द्व लम्बिँदै जाने हो भने आउँदा दिनमा मूल्यवृद्धि थप अकासिने र विश्वअर्थतन्त्र झनै ...	https://l.hamropatro.com/r/https://ekantipur.com/world/2022/03/08/164673443593741312.html	international	L
युक्रेनी शरणार्थीको संख्या २० लाख पुग्यो	काठमाडौं । युक्रेनमा युद्धको चपेटामा परी शरणार्थी बन्नेको संख्या २० लाख पुगेको छ । संयुक्त राष्ट्रसंघीय शरणार्थी नियोग (यूएनएचसीआर)का प्रमुख फिलिप्पो ग्रान्डीले सुरक्षाको खोजीमा युक्रेन छोडेर जाने...	https://l.hamropatro.com/r/https://baahrakhari.com/news-details/343664	international	L
पुटिनले दिएको आणविक हतियार उपयोगको धम्कीलाई पश्चिमले कसरी लिन्छ ?	अघिल्लो साता रुसका राष्ट्रपति भ्लादिमिर पुटिनले पश्चिमी राष्ट्रहरूबाट लगातार धम्की आइरहेकाले आफ्नो आणविक हतियार इकाइलाई तयारी अवस्थामा रहन निर्देशन दिएका छन् ।  आणविक हतियारको उपयोगले पृथ्वी नै ध्...	https://l.hamropatro.com/r/https://lokaantar.com/story/174925/2022/3/8/international/nuclear-bombs	international	L
पारिवारिक जिम्मेवारी, शिक्षण र समाजसेवामा एक साथ सक्रिय छिन् सिर्जना	 भनिन्छ, दुई वटा डुंगामा खुट्टा राख्यो भने लडिन्छ । तर, वीरेन्द्रनगरकी सिर्जना कार्कीले तीन वटा डुंगामा खुट्टा राखेर जीवन अघि बढाइरहेकी छन् । उमेरले ३३ वर्षकी उनले आफूलाई गृहिणी, शिक्षण र सामाजिक क...	https://l.hamropatro.com/r/https://ratopati.com/story/225236/2022/3/8/mahila-diwas-sirjana-	international	L
हिंसाका घटनालाई राजनीतिकरण गर्दा पीडितले न्याय नपाउने सम्भावना : मन्त्री झाँक्री	शहरी विकासमन्त्री रामकुमारी झाँक्रीले महिला हिंसा अन्त्यका लागि कानूनको सुधार गर्नुपर्नेमा जोड दिएकी छन्। मंगलबार ११२ औँ अन्तर्राष्ट्रिय महिला दिवसको अवसरमा आयोजित कार्यक्रमलाई सम्बोधन गर्दै मन्त्...	https://l.hamropatro.com/r/https://nepalkhabar.com/politics/122978-2022-3-8-15-22-53	international	L
युक्रेनको संकट : सूमीमा हवाई हमला बढ्यो, ९ को मृत्यु	युक्रेनको सूमीमा भएको बमबारीमा ९ जनाको मृत्यु भएको छ । समाचार एजेन्सी एएफपीले उद्धारकार्यमा संलग्न अधिकारीलाई उद्धृत गर्दै यसबारे जानकारी दिएको हो । सूमीमा जारी हवाई बमबारीका कारण थुप्रै घर ध्वस्...	https://l.hamropatro.com/r/https://ratopati.com/story/225233/2022/3/8/ukraine-crisis	international	L
ओलेना जेलेन्स्का : युक्रेनी राष्ट्रपतिकी पत्नी, जो पर्दा पछाडि मुख्य भूमिका खेल्दै	काठमाडौं । युक्रेनमाथि रुसले हमला गरेपछि राष्ट्रपति भोलोदिमिर जेलेन्स्कीलाई देश छोड्न कथित प्रस्ताव आयो । तर, उनले एक भिडियो सन्देश जारी गरी सिधा जवाफ दिए, “मलाई हतियार चाहिएको छ, सवारी होइन ।” उन...	https://l.hamropatro.com/r/https://baahrakhari.com/news-details/343662	international	L
एमसिसीविरुद्धको आन्दोलनका घाइते हेमराज डिस्चार्ज	काठमाडौं : एमसिसीविरुद्धको प्रदर्शनका क्रममा प्रहरीको आक्रमणमा परी घाइते भएका हेमराज अवस्थी मंगलबार डिस्चार्ज भएका छन्। घाइते भएको एघार दिनपछि उनी डिस्चार्ज भएका हुन्। घाइते भएका उनलाई अन्नपूर्ण न्...	https://l.hamropatro.com/r/https://thahakhabar.com/news/147540	international	L
नेटो कायर संस्था हो : जेलेन्स्की	युक्रेनका राष्ट्रपति भोलोदीमीर जेलेन्स्कीले पश्चिमी सैन्य गठबन्धन नेटो कायर संस्था भएको बताएका छन् ।  रुसले युक्रेनमाथि आक्रमण गरेपछि नेटोले युक्रेनलाई सार्थक सहयोग नगरेकाले जेलेन्स्की आक्रोशित भए...	https://l.hamropatro.com/r/https://lokaantar.com/story/174919/2022/3/8/international/Zelensky-on-NATO	international	L
भारतमा घट्न थाल्यो कोरोना तीन हजारमा पुष्टि हुँदा ८ हजार सङ्क्रमणमुक्त, सक्रिय संक्रमित कति ?	एजेन्सी - भारतमा कोरोना भाइरस सङ्क्रमितको सङ्ख्या दिन प्रति दिन घट्दै गइरहेको छ । भारतमा पछिल्लो २४ घण्टामा थप तीन हजार ९९३ सङ्क्रमित भएका केन्द्रीय स्वास्थ्य तथा परिवार कल्याण मन्त्रालयले मङ्गलबार...	http://l.hamropatro.com/r/http://ajakoartha.com/story/69073	international	L
युक्रेन-रुस युद्ध प्रभाव : खानेतेलको मूल्यमा व्यापारीको मनाेमानी	काठमाडौं । विश्व बजारको उतारचढवको नेपालमा तत्काल देखिने गरेको छ । नेपालका खुद्रा तथा थोक व्यापारीहरुलाई बहाना भएपुग्छ, दैनिक उपभोग्य वस्तुको मूल्य छुनै नसकिने गरी बढाउने गरेका छन् । अहिले खाने तेलम...	https://l.hamropatro.com/r/https://www.nepalpress.com/2022/03/08/163303/	international	L
मुसलधारे वर्षाले सिड्नीमा भीषण बाढी, दुईजनाको मृत्यु	भीषण वर्षासँगै आएको भलबाढीका कारण अस्ट्रेलियाको पूर्वी क्षेत्रको जनजीवन प्रभावित भएको छ । बाढी कारण सिड्नीका दशौँ हजार बासिन्दालाई घर खाली गरेर सुरक्षित स्थानमा जान भनिएको छ । पछिल्लो १५ दिनमा न्य...	https://l.hamropatro.com/r/https://deshsanchar.com/2022/03/08/621866/	international	L
जेलेन्स्कीले किएभस्थित कार्यालयमा खिचे भिडियो सेल्फी, कसैसँग नडराउने दाबी	युक्रेनका राष्ट्रपति भोलोदीमीर जेलेन्स्कीले राजधानी किएभमा रहेको आफ्नो कार्यालयमा खिचेको सेल्फी भिडियो सार्वजनिक गरेका छन् ।  रुसले युक्रेनमाथि आक्रमण गरेपछि पहिलोपटक त्यस कार्यालयमा जेलेन्स्कीले ...	https://l.hamropatro.com/r/https://lokaantar.com/story/174917/2022/3/8/international/zelensky	international	L
'ए मेेरो हजुर ४' को 'सुन्तला' बोलको गीत सार्वजनिक	काठमाडौं : 'ए मेरो हजुर ४' को 'सुन्तला' बोलको गीत सार्वजनिक भएको छ। बुढासुब्बा डिजिटल युट्युब च्यानलमार्फत गीतको भिडियो सार्वजनिक गरिएको हो। बसन्त सापकोटाको शब्द तथा संगीत रहेको गीतमा मेलिना राई र...	https://l.hamropatro.com/r/https://pahilopost.com/content/20220308171432.html	entertainment	L
विवेकको ट्वीटपछि कपिल शर्मा ट्रोल भए, शो बहिस्कार गर्ने चेतावनी	एजेन्सी, २४ फागुन । कमेडियन कपिल शर्माको शो प्राय सामाजिक सञ्जालमा कुनै न कुनै कारणले चर्चामा रहन्छ । कहिले उनी आफ्नो शो र कहिले फिल्मका कारण चर्चामा आउने गर्छिन् । अहिले कपिल फेरि एकपटक सामाजिक सञ...	https://l.hamropatro.com/r/https://www.reportersnepal.com/2022/03/657758	entertainment	L
नेपाली बजारमा डाबर वाटिका नेचुरल स्याम्पु	काठमाडौँ– डाबर नेपालद्वारा डाबर वाटिका नेचुरल स्याम्पु सार्वजनिक गरिएको छ ।	https://l.hamropatro.com/r/https://www.khabarhub.com/2022/08/358949/	entertainment	L
अभिनेत्री सोनाक्षीविरुद्ध पक्राउ पुर्जी जारी भएकै हो?	मुम्बई: बलिउड अभिनेत्री सोनाक्षी सिन्हा चर्चामा छिन्। धोकाधडीको आरोप लागेपछि उनी चर्चमा आएकी हुन्। उनीमाथि ३७ लाख भारतीय रुपैँया लिएर इभेन्टमा नगएको आरोप लगाइएको छ। बलिउड हंगामाका अनुसार सोनाक्षीला...	https://l.hamropatro.com/r/https://annapurnapost.com/news/197988	entertainment	L
‘२ नम्बरी’मा धीरज, अनमोल वा सौगातमध्ये कसको होला ‘इन्ट्री’ ?	२४ फागुन, काठमाडौं । जबरजस्ती करणीको अभियोग लागेपछि अभिनेता पल शाह अहिले प्रहरी हिरासतमा छन् । यो मुद्दाका कारण उनले सुटिङ सुरु हुन लागेको फिल्म ‘२ नम्बरी’ गुमाएका छन् । चैत दोस्रो सातादेखि यो फिल...	https://l.hamropatro.com/r/https://www.onlinekhabar.com/2022/03/1090782	entertainment	L
कालापत्थरमा जलवायु परिवर्तन र महिला न्याय विशेष कार्यक्रम	सोलुखुम्बु, २४ फागुन । अन्तरराष्ट्रिय महिला दिवसका अवसर साथसाथै संस्थाको आयोजनामा सम्पन्न जलवायु परिवर्तन र महिला न्याय विषयक विशेष कार्यक्रमका सहभागीहरु । तस्बिरः भीष्मराज ओझा÷रासस	https://l.hamropatro.com/r/https://www.reportersnepal.com/2022/03/657745	entertainment	L
किन सार्वजनिक गर्दैनन् प्रदीप चलचित्रको नाम र कलाकार ?	काठमाडौं । ‘जात्रा’ निर्देशक प्रदीप भट्टराईको ‘जात्रै जात्रा’ यता नयाँ चलचित्र आएको छैन । कोरोना संक्रमणको त्रास अगाडि नै नयाँ चलचित्रको तयारी गरिरहेका उनी अहिलेसम्म छायांकनमा गएका छैनन् ।   यद्य...	https://l.hamropatro.com/r/https://baahrakhari.com/news-details/343665	entertainment	L
रेखाले भनिन्–नाबालिगको पक्षमा बोल्दा मलाई ‘हार्दिक श्रद्धाञ्जली’ समेत लेखियो	अभिनेत्री रेखा थापाले राजनीतिक हिसावले उपस्थित र शृङ्गारिक हिसावले प्रतिनिधित्व गर्दैमा महिलामा परिवर्तन नआउने बताएकी छन् । महिलाहरूमा परिवर्तन आउन चेतनाको स्तर वृद्धि हुनुपर्ने उनको धारणा छ । महिल...	https://l.hamropatro.com/r/https://ratopati.com/story/225234/2022/3/8/rekha-thapa-	entertainment	L
अक्षय कुमारले कुकुरको मृत्यु भएपछि भावुक हुँदै लेखे स्ट्याटस	एजेन्सी, २४ फागुन । बलिउड अभिनेता अक्षय कुमार सामाजिक सञ्जालमा निकै सक्रिय छन् । उनी प्रायः आफ्नो प्रोफेशनल लाइफ र पर्सनल लाइफसँग सम्बन्धित अपडेट्स फ्यानसँग सेयर गरिरहेका हुन्छन् । उनले आफ्नो इन्स्...	https://l.hamropatro.com/r/https://www.reportersnepal.com/2022/03/657719	entertainment	L
सौगात र दीया अभिनित फिल्म 'मन्त्र' वैशाख १६ मा प्रदर्शन हुने	काठमाडौं : सौगात मल्लको मुख्य भूमिका रहेको फिल्म 'मन्त्र' को प्रदर्शन मिति तय भएको छ। यो फिल्म आगामी वैशाख १६ गतेबाट देशभर प्रदर्शन हुने पक्का भएको हो। यसअघि माघ २८ गते फिल्म रिलिज हुने भनिएको थियो...	https://l.hamropatro.com/r/https://pahilopost.com/content/20220308150210.html	entertainment	L
‘ए मेरो हजुर ४’ को गीत ‘सुन्तला’ मा अनमोल र सुहाना दुई कदम साथ हिँड्दै	काठमाडौँ– चलचित्र ‘ए मेरो हजुर ४’ को दोस्रो गीत सुन्तला प्रदर्शन भएको छ। गीतमा चलचित्रका दुई मुख्य कलाकार अनमोल केसी र सुहाना थापा देखिएका छन्। बसन्त सापकोटाको शब्द तथा संगीत रहेको गीतमा मेलिना रा...	https://l.hamropatro.com/r/https://deshsanchar.com/2022/03/08/621887/	entertainment	L
‘वन्डर वुमन’ सँग हलिउडमा डेब्यू गर्दै आलिया	काठमाडौँ– अभिनेत्री आलिया भटले हलिउडमा डेब्यू गर्ने भएकी छन्। उनले नेटफ्लिक्सको स्पाई थ्रिलर ‘हार्ट अफ स्टोन’ बाट हलिउडमा डेब्यू गर्दैछिन्। उनले बलिउडका हस्ती कलाकार ग्याल गोलेट र जेमी डोर्ननसँग डे...	https://l.hamropatro.com/r/https://deshsanchar.com/2022/03/08/621858/	entertainment	L
अक्षराले गर्‍यो युवा लेखक सम्मेलन	विद्यार्थीले आफ्नो क्षमता  वृद्धि गरेर लेखन रणनीति सिक्न अनि एक शीर्षकमा आफ्ना विचारहरू तिखारेर सुन्दर रचना सिर्जना गरी त्यसलाई दृष्टान्तसहित चित्रण गर्न सक्छन भन्ने मुख्य उद्देश्य राखी अक्षरा स्कु...	https://l.hamropatro.com/r/https://farakdhar.com/story/77618	entertainment	L
महिला सशक्तीकरणका लागि मोटर स्पोर्टस्	२४ फागुन, काठमाडौं । फिटिङ्स जिन्स र लङ बुट पहिरिएका, राइडिङ गियर लगाएका, थरी–थरीका रंगको कपालमा ठाँटिएका, पाखुरामा ट्याटु खोपेका युवती जब हेभी बाइक हुँइक्याउँदै बेपर्वाह अफरोड यात्रामा निस्कन्छन्,...	https://l.hamropatro.com/r/https://www.onlinekhabar.com/2022/03/1090727	entertainment	L
‘ए मेरो हजुर ४’को ‘सुन्तला’ गीत सार्वजनिक	२४ फागुन, काठमाडौं । अनमोल केसी र सुहाना थापा अभिनित ‘ए मेरो हजुर ४’को नयाँ गीत ‘सुन्तला’ मंगलबार सार्वजनिक भएको छ । वसन्त सापकोटाद्वारा संगीतबद्ध गीतमा मेलिना राई र निशान भट्टराईको स्वर रहेको छ ।...	https://l.hamropatro.com/r/https://www.onlinekhabar.com/2022/03/1090723	entertainment	L
नेटफ्लिक्सले ५० फिल्म हटाउने (सूचीसहित)	२४ फागुन, काठमाडौं । विश्व चर्चित ओटीटी प्लेटफर्म नेटफ्लिक्सले आगामी मार्च महिनादेखि २० वटा फिचर र १० वटा डकुमेन्ट्री फिल्मलाई हटाउने घोषणा गरेको छ । हटाउन लागिएका फिल्ममा ज्याक स्नाइडरको ऐतिहासिक...	https://l.hamropatro.com/r/https://www.onlinekhabar.com/2022/03/1090712	entertainment	L
फिल्म ‘हर्ट अफ स्टोन’मार्फत आलियाले गर्दैछिन् हलिउडमा डेब्यू	फिल्म ‘गंगुबाई काठियावाडी’ प्रदर्शन भएसँगै बलिउड अभिनेत्री आलिया भट्टको चर्चा निकै चलेको छ। फिल्मले राम्रो व्यापार गर्नुको साथै आलियाको अभिनयको समेत प्रशंसा भइरहेको छ। यसैबिच, आलिया हलिउड फिल्म ‘हर...	https://l.hamropatro.com/r/https://pahilopost.com/content/20220308142252.html	entertainment	L
डाबर नेपालले सार्वजनिक गर्‍यो ‘डाबर बाटिका नेचुरल स्याम्पु’	काठमाडौं । डाबर नेपालले डाबर बाटिका नेचुरल स्याम्पुको नयाँ रेन्ज हायाट प्लेस् सार्वजनिक गरेको छ । डाबर बाटिका नेचुरल स्याम्पुको सेलिब्रिटी ब्राण्ड एम्बासडर स्वस्तिमा खड्का, डाबर नेपालका व्यापार प्...	https://l.hamropatro.com/r/https://www.onlinekhabar.com/2022/03/1090693	entertainment	L
ढाका टोपीमा मख्ख अमिताभ बच्चन	एजेन्सी, २४ फागुन । बलिउड महानायक अमिताभ बच्चनले नेपालीको पहिचान बोकेको ढाका टोपी लगाएका छन् । बच्चन आफैले आफ्नो शिरमा ढाकाटोपी लगाएको तस्बीर सामाजिक सञ्जाल इन्स्टाग्राममार्फत सार्वजनिक गरेका हुन् ...	https://l.hamropatro.com/r/https://www.reportersnepal.com/2022/03/657618	entertainment	L
‘कबड्डी ४ – द फाइनल म्याच’को पहिलो गीत सार्वजनिक	काठमाडौँ। रामबाबु गुरुङ निर्देशित चलचित्र ‘कबड्डी ४ – द फाइनल म्याच’को पहिलो गीत सार्वजनिक भएको छ । ‘केशरी’ बोलको गीत सोमबार सार्वजनिक भएको हो। गीतमा चलचित्रका मुख्य पात्र सौगात मल्ल र मिरुना मगर ...	https://l.hamropatro.com/r/https://www.nepalipatra.com/news/kabaddi-4/90355	entertainment	L
‘२ नम्बरी’को पुनः छायांकन हुँदै, निर्माताको रुपमा दीपक मनाङेको ‘इन्ट्री’	२४ फागुन, काठमाडौं । कोरोना महामारीले छायांकन प्रभावित भएको फिल्म ‘२ नम्बरी’ले कलाकार, पटकथादेखि निर्मातासम्म व्यापक हेरेफेर गर्दै पुनः छायांकन सुरु गर्ने भएको छ । चैत पहिलो सातादेखि कास्कीको ल्वा...	https://l.hamropatro.com/r/https://www.onlinekhabar.com/2022/03/1090681	entertainment	L
दीपकराज गिरी भन्छन्– ‘नारीले नो भनेपछि नो नै बुझौँ’	कलाकार दीपकराज गिरीले नारीले नो भनेपछि नो नै बुझ्नु नारी प्रतिको सम्मान र हिंसा कम गर्ने उपाय भएको बताएका छन् । मंगलबार ११२ औँ अन्तर्राष्ट्रिय श्रमिक महिला दिवसको अवसर पारेर सामाजिक संजालमा एक पोष्...	https://l.hamropatro.com/r/https://ratopati.com/story/225207/2022/3/8/dipak-raj-giri-	entertainment	L
हिमाली प्रेमकथाको फिल्म ‘मन्त्र’ वैशाख १६ मा रिलिज हुने	२४ फागुन, काठमाडौं । हिमाली क्षेत्रको प्रेमकथामा आधारित सौगात मल्ल र दीया पुन स्टारर फिल्म ‘मन्त्र’को प्रदर्शन मिति घोषणा भएको छ । कोरोना महामारीका कारण पटक–पटक रिलिज स्थगित गरेको फिल्मले आगामी वैश...	https://l.hamropatro.com/r/https://www.onlinekhabar.com/2022/03/1090666	entertainment	L
पहिलो नेपाली महिला ओलम्पियनको कथा	'हिरोइन बन्नु र? बुवाले के भन्नुहोला!' दिदीले अनकनाउँदै सोधिछन्, 'कुन फिलिमको सुटिङ?' नेपालगञ्ज सहरमा हिन्दी फिल्मको दबदबा नै अर्कै। नयाँ फिल्म आयो कि सहरभरी डंका पिटिन्थ्यो। त्यसले किशोर मन सबभन्...	https://l.hamropatro.com/r/https://www.setopati.com/sports/feature/264044	entertainment	L
काठमाडौंमा यसरी मनाइयो अन्तर्राष्ट्रिय महिला दिवस [फोटो फिचर]	आज विश्वभर ११२ औँ अन्तर्राष्ट्रिय महिला दिवस विविध कार्यक्रम गरी मनाइँदैछ । नेपालमा यसपालि ‘सामाजिक न्याय र लैङ्गिक समानता : दिगो विकासको सुनिश्चितता’ नाराका साथ दिवस मनाइँदैछ । नारी दिवसको अवसरमा ...	https://l.hamropatro.com/r/https://farakdhar.com/story/77611	entertainment	L
नारी दिवसमा करिश्मा मानन्धरका यी तस्बीर	काठमाडौं, २४ फागुन । आज ११२औं अन्तर्राष्ट्रिय नारी दिवस हो । नेपालमा पनि विभिन्न कार्यक्रमको आयोजना गरी नारी दिवस मनाइदै छ । नारी दिवसको अवसरमा  सदावहार नायिकाको परिचय बनाएकी अभिनेत्री करिश्मा मान...	https://l.hamropatro.com/r/https://www.reportersnepal.com/2022/03/657466	entertainment	L
सौगात र दीयाको फिल्म ‘मन्त्र’ १६ वैशाखमा प्रदर्शन हुने	फिल्म ‘मन्त्र’ १६ वैशाखमा प्रदर्शन हुने भएको छ । मंगलबार चलचित्र विकास बोर्डमा एक कार्यक्रम गर्दै निर्माण युनिटले नयाँ मिति घोषणा गरेको हो । यस अगाडि गत २८ माघमा प्रदर्शन तयारीमा रहेको फिल्म कोरोना...	https://l.hamropatro.com/r/https://ratopati.com/story/225201/2022/3/8/manoranjan-	entertainment	L
पुरुषविरुद्ध होइन्, पुरुषलाई पनि पीडा छः रेखा थापा	काठमाडौं, २४ फागुन । चर्चित अभिनेत्री रेखा थापाले कमजोर महिलाको पति, बुवा, भाई वा प्रेमी सबै कमजोर हुने बताएकी छिन् । ११२औं अन्तर्राष्ट्रिय श्रमिक महिला दिवसको अवसरमा शुभकामना दिँदै रेखाले पुरुषहर...	https://l.hamropatro.com/r/https://www.reportersnepal.com/2022/03/657453	entertainment	L
महिलाले पुरुषलाई यी ५ कुरा कहिल्यै नभन्दैनन्	एजेन्सी, २४ फागुन । भनिन्छ, महिलाको जीवनमा धेरै रहस्यहरू हुन्छन् । महिलाको जीवन रहस्यको पर्यायवाची हो । केटीहरूको मनमा के चल्छ पढ्न गाह्रो छ। यी कुराचाही महिलाले कहिल्यै पनि भन्न चाहादैनन् । प्रेम...	https://l.hamropatro.com/r/https://www.reportersnepal.com/2022/03/657445	entertainment	L
हलिउड फिल्म 'हर्ट अफ स्टोन' मा अभिनय गर्दै आलिया भट्ट	काठमाडौं । बलिउडकी चर्चित अभिनेत्री हुन् आलिया भट्ट। धेरैजसो नयाँ फिल्म र अभिनेता रणबीर कपूरसँगको प्रेमसम्बन्धका कारण चर्चामा आइरहने आलिया अहिले हलिउडमा फिल्ममा प्रबेश गर्ने तयारीमा छिन् ।  भारतिय...	https://l.hamropatro.com/r/https://canadanepal.com/content/46721	entertainment	L
मेयर धनगढी प्याब्सन कप शुक्रबारदेखि	मेयर धनगढी प्याब्सन कप विद्यालय स्तरीय क्रिकेट प्रतियोगिता शुक्रबारदेखि हुने भएको छ । धनगढी प्याब्सनको आयोजनामा प्रतियोगिता शुक्रबारदेखि सुरु हुने आज धनगढीमा पत्रकार सम्मेलन मार्फत जानकारी दिईएको छ...	https://l.hamropatro.com/r/https://www.neplays.com/archives/128450	sports	L
अभ्यास खेलमा नेपालको लगातार दोस्रो जित	२४ फागुन, काठमाडौं । श्रीलंकामा रहेको नेपाली क्रिकेट टोलीले दोस्रो अभ्यास खेलमा श्रीलंकन नेभी स्पोर्टस् क्लबलाई ८१ रनले पराजित गरेको छ । नेपालले दिएको १९७ रनको लक्ष्य पछ्याएको श्रीलंकन नेभी स्पोर्...	https://l.hamropatro.com/r/https://www.nepalbahas.com/2022/03/08/390760/	sports	L
नेपालले थाइल्यान्डसँग मैत्रीपूर्ण फुटबल खेल्दै	काठमाडौँ — नेपाली राष्ट्रिय फुटबल टोलीले थाइल्यान्डसँग मैत्रीपूर्ण फुटबल खेल्ने भएको छ । अखिल नेपाल फुटबल संघ(एन्फा) का अनुसार आउँदो मार्च २४ तारिकमा थाइल्यान्डको राष्ट्रिय टोलीसँग मैत्रीपूर्ण फुटब...	https://l.hamropatro.com/r/https://ekantipur.com/sports/2022/03/08/164673962474433625.html	sports	L
जब ६ महिने छोरी बोकेर ड्रेसिङ रुमबाट निस्किइन् पाकिस्तानी क्रिकेटर बिसमा मरुफ	पाकिस्तान र भारतबीचको खेल सधै‌ं खास हुने गर्छ। यी दुई देश स्वतन्त्र भएयता सौहार्दपूर्ण सम्बन्ध बन्न सकेको छैन। अझ यी देशलाई जोड्ने कडीका रुपमा क्रिकेटलाई प्रयोग गरिँदै आएको छ। तर, २०२२ को महिला एक...	https://l.hamropatro.com/r/https://pahilopost.com/content/20220308172155.html	sports	L
श्रीलंकन नेभीविरुद्ध नेपाली क्रिकेट टिमलाई लगातार दोस्रो सफलता	काठमाडौं । श्रीलंका भ्रमणमा रहेको नेपाली क्रिकेट टिमले श्रीलंकन नेभीविरुद्ध लगातार दोस्रो खेल पनि जितेको छ। आजको खेलमा नेपालले ८१ रनको जित हासिल गरेको हो। यसअघि हिजो नेपालले १ सय ११ रनको जीत निकाले...	https://l.hamropatro.com/r/https://www.nepalviews.com/2022/03/08/45945/	sports	L
नेपालको लगातार दोस्रो सानदार जित	मंगलबार, फागुन २४, २०७८ काठमाडौं (हाम्रो खेलकुद) – बलरहरुले उच्च प्रदर्शन गरेपछि श्रीलंका भ्रमणमा रहेको नेपालले दोस्रो अभ्यास खेलमा नेभी स्पोटर््स क्लबलाई ८१ रनले पराजित गरेको छ । श्रीलंका भ्रमणमा...	https://l.hamropatro.com/r/https://www.hamrokhelkud.com/cricket/106455.html	sports	L
दाेस्राे अभ्यास खेलमा पनि नेपाल विजयी, श्रीलङ्का नेभी १ सय १५ रनमै अलआउट	काठमाण्डाै – दोस्रो अभ्यास खेलमा पनि नेपाली क्रिकेट टाेलीले श्रीलङ्का नेभीलाई हराएको छ । कोलम्बोमा आज मङ्गलवार भएको खेलमा नेपालले श्रीलङ्का नेभीलाई ८१ रनले हरायो । नेपालले दिएको एक सय ९७ रनको लक्ष...	https://l.hamropatro.com/r/https://ujyaaloonline.com/story/66184/2022/3/8/Nepal-beat-Sri-Lanka-Navy-by-81-runs	sports	L
श्रीलंकामा जारी अभ्यास खेलमा नेपालको दोश्रो जित	काठमाडौँ– श्रीलंकामा रहेको नेपाली क्रिकेट टोलीले दोस्रो अभ्यास खेलमा श्रीलंकन नेभी स्पोर्टस् क्लबलाई ८१ रनले पराजित गरेको छ ।	https://l.hamropatro.com/r/https://www.khabarhub.com/2022/08/358962/	sports	L
नेपालकाे लगातार दोस्रो जित	श्रीलंका भ्रमणअन्तर्गत दोस्रो अभ्यास खेलमा नेपालले श्रीलंका नेभी स्पोर्टस् क्लबमाथि ८१ रनकाे सहज जित हात पारेकाे छ । १९७ रनको लक्ष्य पछ्याएकाे श्रीलंका नेभी ३०.५ ओभरमा सबै विकेट गुमाउँदै ११५ रनमा ...	https://l.hamropatro.com/r/https://farakdhar.com/story/77632	sports	L
नारी दिवसमा मल्ल र गिरी सम्मानित	मंगलबार, फागुन २४, २०७८ काठमाडौं (हाम्रो खेलकुद) – अन्तर्राष्ट्रिय नारी दिवसको अवसरमा खेलकुदसँग सरोकारवाला दुई महिला सम्मानित भएका छन् । नेपाल ओलम्पिक कमिटीअन्तर्गतको वुमेन्स एन्ड स्पोर्टस कमिसनले...	https://l.hamropatro.com/r/https://www.hamrokhelkud.com/martial-arts/106456.html	sports	L
अभ्यास खेलमा नेपालको दोस्रो जित 	आइसिसी विश्वकप क्रिकेट लिग-२ अन्तर्गत पपुवा न्युगिनी र युएईविरूद्ध हुने त्रिकोणात्मक सिरिजको तयारीका लागि श्रीलंकामा रहेको नेपालले अभ्यास खेलमा लगातार दोस्रो जित हात पारेको छ।  मंगलबार भएको खेलमा ...	https://l.hamropatro.com/r/https://www.setopati.com/sports/cricket/264092	sports	L
मिस इको इन्टरनेसनलमा सहभागी हुन सोफिया इजिप्ट प्रस्थान	२४ फागुन, काठमाडौं । आगामी साता इजिप्टको कायरोमा हुने प्रतिष्ठित ब्युटी पेजेन्ट मिस इको इन्टरनेसनलमा नेपालको प्रतिनिधित्व गर्दै सोफिया भुजेल त्यसतर्फ प्रस्थान गरेकी छन् । मिस इको इन्टरनेसनल नेपालक...	https://l.hamropatro.com/r/https://www.onlinekhabar.com/2022/03/1090804	sports	L
श्रीलंका नेभीविरुद्ध नेपालको लगातार दोस्रो जित	काठमाडौं- श्रीलंका नेभीविरुद्धको दोस्रो अभ्यास खेलमा नेपालले जित हात पारेको छ। श्रीलंका भ्रमणमा रहेको नेपाली टोलीले दोस्रो अभ्यास खेलमा नेभीलाई ८१ रनले पराजित गरेको हो। नेपालको यो लगातार दोस्रो जित...	https://l.hamropatro.com/r/https://nepallive.com/story/274820	sports	L
नेपाल र थाइल्यान्डबीच मैत्रिपूर्ण फुटबल खेल हुने	काठमाडौं । मार्च २४ मा नेपालको राष्ट्रिय फुटबल टोलीले थाइल्यान्डको राष्ट्रिय फुटबल टिमसँग मैत्रीपूर्ण खेल खेल्ने भएको छ। २७ मार्चमा नेपालले अर्को एक स्थानीय टिमसँग पनि खेल्नेछ।	https://l.hamropatro.com/r/https://www.nepalviews.com/2022/03/08/45925/	sports	L
नेपाली फुटबल टोलीले थाइल्याण्डसँग मैत्रीपूर्ण खेल खेल्ने	काठमाडौं: नेपाली राष्ट्रिय फुटबल टोलीले थाइल्याण्डसँग मैत्रीपूर्ण फुटबल खेल्ने भएको छ। अखिल नेपाल फुटबल संघ (एन्फा) का अनुसार नेपालले मार्च २४ (चैत १०) मा थाइल्याण्डसँग मैत्रीपूर्ण खेल खेल्ने भएको ...	https://l.hamropatro.com/r/https://pahilopost.com/content/20220308161143.html	sports	L
नेपालले थाइल्यान्डमा दुई मैत्रीपूर्ण खेल खेल्ने	मंगलबार, फागुन २४, २०७८ काठमाडौं (हाम्रो खेलकुद) – नेपाली राष्ट्रिय पुरुष फुटबल टोलीले थाइल्यान्डमा दुई मैत्रीपूर्ण खेल खेल्ने भएको छ । अखिल नेपाल फुटबल संघ (एन्फा) ले नेपालले थाइल्यान्ड र एक स्था...	https://l.hamropatro.com/r/https://www.hamrokhelkud.com/football/106450.html	sports	L
खाली खुट्टा खेलेर राष्ट्रिय टीमको नेतृत्वमा पुगेकी रेनुका	राष्ट्रिय फूटबल टोलीको नेतृत्व गरिरहेकी रेनुका नगरकोटे  भन्छिन्, “छोरीले फुटबल खेल्नु हुन्न भन्थे, त्यस्तो होइन रहेछ,  बरु छोरीले खेल्न नहुने कुनै खेल छैन।” खेलाडी उत्पादन गर्ने जिल्लाका नाममा प्र...	https://l.hamropatro.com/r/https://www.himalkhabar.com/news/128728	sports	L
नेपालले थाइल्याण्डमा दुई मैत्रीपूर्ण खेल खेल्ने	नेपाली राष्ट्रिय फुटबल टोलीले थाइल्याण्डको राष्ट्रिय टोली र स्थानीय क्लबसँग १–१ मैत्रीपूर्ण खेल खेल्ने भएको छ । नेपालले थाइल्याण्डसँग उसैको मैदानमा मैत्रीपूर्ण खेल खेल्ने अखिल नेपाल फुटबल संघ (एन्...	https://l.hamropatro.com/r/https://farakdhar.com/story/77621	sports	L
महिला हाफ म्याराथनको उपाधि कान्छीमायाले जितिन्	तनहुँ — अन्तर्राष्ट्रिय नारी दिवसको अवसरमा तनहुँको व्यास नगरपालिकाले आयोजना गरेको महिला हाफ म्याराथनको उपाधि भक्तपुरकी कान्छीमाया कोजुले जितेकी छन् । सशस्त्र प्रहरी बल (एपीएफ) की खेलाडी कोजुले व्य...	https://l.hamropatro.com/r/https://ekantipur.com/pradesh-4/2022/03/08/164673052248315718.html	sports	L
नेपाल र थाइल्यान्डबीच १४ वर्षपछि प्रतिस्पर्धा हुने	नेपाली राष्ट्रिय फुटबल टिमले थाइल्यान्डसँग अन्तर्राष्ट्रिय मैत्रीपूर्ण खेल खेल्ने भएको छ। अखिल नेपाल फुटबल संघ (एन्फा) का अनुसार नेपालले चैत दोस्रो साता थाइल्यान्डसँग मैत्रीपूर्ण खेल खेल्ने पक्का भ...	https://l.hamropatro.com/r/https://www.setopati.com/sports/football/264074	sports	L
नेपाली फुटबल टिमले थाइल्याण्डसँग मैत्रीपूर्ण खेल खेल्ने	२४ फागुन, काठमाडौं । नेपाली राष्ट्रिय पुटबल टिमले यही मार्चमा थाइल्याण्डसँग मैत्रीपूर्ण फुटबल खेल खेल्ने भएको छ । नेपाल र थाइल्याण्डबीच मार्च २४ (चैत १० गते) मैत्रीपूर्ण खेल खेल्ने पक्का भएको अखिल...	https://l.hamropatro.com/r/https://www.onlinekhabar.com/2022/03/1090715	sports	L
हाफ म्याराथनको उपाधि कान्छीमायालाई	तनहुँ : दोस्रो व्यास नगर महिला खुल्ला हाफ म्याराथन-२०७८ मा अन्तर्राष्ट्रिय धावक भक्तपुरकी कान्छीमाया कोजु प्रथम भएकी छिन्।  उनले व्यास गुफादेखि तनहुँसुर दरबारसम्मको २१ किमिको दुरी १ घण्टा ५५ मिनेट...	https://l.hamropatro.com/r/https://annapurnapost.com/news/197981	sports	L
दोस्रो खेलमा नेपालको झनै खराब ब्याटिङ	मंगलबार, फागुन २४, २०७८ काठमाडौं (हाम्रो खेलकुद) – नेपालले दोस्रो अभ्यास खेलमा श्रीलंका नेभी स्पोर्ट्स क्लबलाई १ सय ९७ रनको मध्यम लक्ष्य दिएको छ । टस हारेर ब्याटिङ थालेको नेपाल ४३.४ ओभरमा १ सय ९६ ...	https://l.hamropatro.com/r/https://www.hamrokhelkud.com/cricket/106448.html	sports	L
श्रीलंका नेभीविरुद्ध १९६ रनमै समेटियो नेपाल	श्रीलंका भ्रमणअन्तर्गत दोस्रो अभ्यास खेलमा नेपालले श्रीलंका नेभी स्पोर्टस् क्लबसमक्ष १९७ रनको लक्ष्य प्रस्तुत गरेको छ । टस हारेर ब्याटिङको निम्तो पाएको नेपाल ४३.४ ओभरमा सबै विकेट गुमाउँदै १९६ रनमा ...	https://l.hamropatro.com/r/https://farakdhar.com/story/77613	sports	L
राष्ट्रिय टोलीका फरवार्ड सुमनले छाडे पुलिस क्लब	काठमाडौं । नेपाली राष्ट्रिय फुटबल टोलीका फरवार्ड सुमन लामाले नेपाल पुलिस क्लब छाडेका छन् । नेपाल पुलिस क्लबका मुख्य प्रशिक्षक अनन्तराज थापाले फरवार्ड सुमनले क्लबमा राजीनामा बुझाएको बताए । “सुमनले ...	https://l.hamropatro.com/r/https://baahrakhari.com/news-details/343648	sports	L
दीपेन्द्रको अर्धशतकमा नेपालले श्रीलंका नेभीलाई दियो १९७ रनको लक्ष्य	अलराउन्डर दीपेन्द्रसिंह ऐरीको अर्धशतक मद्दतमा नेपालले मंगलबार दोस्रो अभ्यास खेलमा श्रीलंका नेभीलाई १९७ रनको लक्ष्य प्रस्तुत गरेको छ । टस हारेर ब्याटिङका लागि आएको नेपालले ४३ ओभर तीन बलमा सबै विकेट ...	https://l.hamropatro.com/r/https://ratopati.com/story/225215/2022/3/8/cricket-	sports	L
न्यू डायमण्डले जित्याे दमक कप भलिबलको उपाधि	होङ्गान्जी न्यु डायमण्ड स्पोर्ट्स क्लब प्रथम दमक कप राष्ट्रिय महिला भलिबल प्रतियोगिताको उपाधि होङ्गान्जी न्यु डायमण्ड स्पोर्ट्स क्लबले उचालेको छ ।  झापा दमकको पसुहाटमा मंगलबार भएको फाइनल खेलमा एक ...	https://l.hamropatro.com/r/https://farakdhar.com/story/77612	sports	L
नेपालले श्रीलङ्का नेभीलाई दियाे १ सय ९७ रनकाे लक्ष्य	काठमाण्डाै – दोस्रो अभ्यास खेलमा नेपाली क्रिकेट टाेलीले श्रीलङ्का नेभीलाई एक सय ९७ रनको लक्ष्य दिएको छ ।  कोलम्बोमा आज मङ्गलवार पहिले ब्याटिङ गरेको नेपालले ४३ ओभर चार बलमा अलआउट हुँदै एक सय ९६ रन ...	https://l.hamropatro.com/r/https://ujyaaloonline.com/story/66171/2022/3/8/Sri-Lanka-Navy-get-197-target-from-Nepal	sports	L
नेपालले श्रीलंका नेभीलाई दियो १९७ रनको लक्ष्य 	काठमाडौं । आईसीसी क्रिकेट विश्वकप लिग–२ को तयारीका लागि श्रीलंकामा रहेको नेपाली राष्ट्रिय क्रिकेट टिमले मंगलबार अभ्यास खेलमा त्यहाँको स्थानीय टिम श्रीलंका नेभी स्पोर्ट्स क्लबलाई जितका लागि १९७ रनको...	https://l.hamropatro.com/r/https://baahrakhari.com/news-details/343646	sports	L
व्यास नगर म्याराथनको उपाधि कान्छीमायालाई	२४ फागुन, तनहुँ । दोस्रो व्यास नगर महिला खुला हाफ म्याराथनको उपाधि कान्छीमाया कोजुले जितेकी छन् । अन्तराष्ट्रिय नारी दिवसको अवसरमा मंगलबार व्यास नगरपालिकाले आयोजना गरेको हाफ म्याराथनमा एक घण्टा ५५ ...	https://l.hamropatro.com/r/https://www.nepalbahas.com/2022/03/08/390638/	sports	L
विश्वकप क्रिकेटमा पाकिस्तानमाथि अस्ट्रेलियाको शानदार जित	आइसिसी महिला एकदिवसीय विश्वकपअन्तर्गत आज सम्पन्न खेलमा अस्ट्रेलिया विजयी भएको छ । लगातार दोस्रो जित निकाल्ने क्रममा अस्ट्रेलियाले पाकिस्तामाथि ७ विकेटको जित हात पारेको हो । १९१ रनको लक्ष्य उसले ३४....	https://l.hamropatro.com/r/https://farakdhar.com/story/77610	sports	L
११ वर्षकी तरबार चलाउने खेलाडी प्रतिक्षा (फोटो फिचर)	२४ फागुन, काठमाडौं । पोखराकी प्रतिक्षा राना ११ वर्ष मात्र भइन् । उनी अहिले कक्षा ५ मा अध्ययनरत छिन् । तर खेलप्रतिको उनको रुची लगाव र मिहिनेतले भने उनी अनुभवी खेलाडी जस्तै देखिन्छिन् । काठमाडौंमा स...	https://l.hamropatro.com/r/https://www.onlinekhabar.com/2022/03/1090636	sports	L
बी डिभिजन लिगमा झम्सिखेलको पहिलो जित	२४ फागुन, काठमाडौं । शहीद स्मारक बी डिभिजन लिगमा झम्सिखेल युथ क्लबले पहिलो जित हात पारेको छ । मंगलबारदेखि सुरु भएको तेस्रो चरणको पहिलो खेलमा झम्सिखेलले ब्वाइज युनियन क्लबलाई ३-१ ले पराजित गरेको हो...	https://l.hamropatro.com/r/https://www.onlinekhabar.com/2022/03/1090647	sports	L
‘बी’ डिभिजन लिगमा झम्सिखेलको पहिलो जित	शहीद स्मारक ‘बी’ डिभिजन लिगअन्तर्गत मंगलबारको पहिलो खेलमा झम्सिखेल युथ क्लब विजयी भएको छ । सातदोबाटोस्थित एन्फा कम्प्लेक्समा पहिलो जित निकाल्ने क्रममा झम्सिखेलले ब्वाइज युनियन क्लबलाई ३–१ ले पराजित...	https://l.hamropatro.com/r/https://farakdhar.com/story/77609	sports	L
युद्धको प्रभाव: युक्रेन र स्कटल्याण्डबीचको सेमिफाइनल खेल स्थगित	एजेन्सीः युक्रेन र स्कटल्याण्डबीचको विश्वकप सेमिफाइनल प्लेअफ खेल स्थगित भएको छ। मार्च २४ का लागि तय भएको खेल रुस-युक्रेन युद्धका कारण हाललाई स्थगित भएको हो।	https://l.hamropatro.com/r/https://www.ukeraa.com/news/2022/03/08/15831	sports	L
