एमसीसी सम्झौता पार्टीले अनुमोदन नगरे अध्यक्षबाट राजीनामा दिन्छुः प्रचण्ड	विराटनगर । नेकपा माओवादी केन्द्रका अध्यक्ष पुष्पकमल दाहाल प्रचण्डले एमसीसी सम्झौता पारित गर्ने पार्टीको यसअघिको निर्णय फेल भएमा राजीनामा दिने बताएका छन् । आइतबार विराटनगर विमानस्थलमा आयोजित पत्रका...	https://l.hamropatro.com/r/https://saralpatrika.com//content/46877/2022-03-13	popular	L
प्रकाश सपुतलाई प्रतिगामी तत्वले परिचालन गरेको माओवादीको निश्कर्ष, ‘पिर’ युट्युवबाट हटाउन दबाब	नेकपा (माओवादी केन्द्र) निकट विभिन्न संगठनहरूले कलाकार प्रकाश सपुतको बहुचर्चित म्युजिक भिडियो ‘पिर’ युट्युवबाट हटाउन दबाब दिएका छन्।  ‘पिर’ कलाकार सपुतको सिर्जना नभई प्रतिगामी तत्वले परिचालन गरेको...	https://l.hamropatro.com/r/https://www.himalkhabar.com/news/128815	popular	L
हाँस्ने खेल्ने उमेरका युक्रेनी किशोरहरू रुसी फोजविरुद्ध लड्न तयार हुँदै	जेरेमी बोवेन, किभ । करिब एक साताअघि युवाहरूको एक समूहलाई भेटेको थिएँ । उनीहरूले युक्रेनका लागि लड्न राजधानी किभस्थित एउटा स्वयम्सेवकको तालिम लिएका रहेछन् । उनीहरूमध्ये अधिकांश किशोरावस्थाको उत्तरार...	https://l.hamropatro.com/r/https://baahrakhari.com/news-details/344059	popular	L
सपुतलाई समर्थन गर्दै युथ फोर्सले भन्यो - ‘धम्कि नरोकिए हामी प्रतिकार गर्छौ ’	गायक प्रकाश सपुतको नयाँ गीत ‘पीर’को विवाद चुलिँदो छ । दशवर्षे सशस्त्र द्वन्दका परिणामको केही हिस्सा समेटेपछि गीत विवादमा मुछिएको हो । गीतमा सपुतलाई स्वरमा साथ सम्झना भण्डारीले दिएकी छन् । प्रकाशकै ...	https://l.hamropatro.com/r/https://ratopati.com/story/226283/2022/3/13/prakash-saput	popular	L
तत्कालका लागि जोगियो नेकपा एस	सर्वोच्च अदालतले नेकपा एमालेबाट टुक्रिएर गठन भएको नेकपा (एकीकृत समाजवादी) र सो दलमा गएका १४ सांसदको पद तत्कालका लागि जोगिनेगरी आइतबार आदेश गरेको छ। यस विषयमा परेको मुद्दामा न्यायाधीशहरू ईश्वरप्रसाद...	https://l.hamropatro.com/r/https://ratopati.com/story/226301/2022/3/14/madhav-nepal-	popular	L
युक्रेनी सैनिक अखडामा रुसी फौजद्वारा ३० वटा क्षेप्यास्त्र प्रहार, ३५ जनाको मृत्यु	किभ । युक्रेनको एउटा सैनिक अखडामा रुसी फौजबाट भएको भयानक आक्रमण देख्नेहरूले पोल्यान्डको सीमाना नजिक भटाभट क्षेप्यास्त्र खस्दा त्यहाँको आकास नै रातो दखिएको बताएका छन् ।  निरन्तर जारी रहेको द्वन्द्व...	https://l.hamropatro.com/r/https://baahrakhari.com/news-details/344058	popular	L
टेस्ट क्रिक्रेटमा ऋषभ पन्तले तोडे कपिल देवको ४० वर्षे पुरानो कीर्तिमान	काठमाडौं- भारत र श्रीलंकाबीच बैंगलोरमा जारी डे–नाइट टेस्ट सिरिजमा भारतीय विकेटकिपर ब्याट्सम्यान ऋषभ पन्तले कीर्तिमानी अर्धशतक बनाएका छन्।  श्रीलंकाविरुद्ध उनले २८ बलमा तूफानी अर्धशतक बनाएका हुन्। ...	https://l.hamropatro.com/r/https://nepallive.com/story/275262	popular	L
रुसी फौजले युक्रेनमा फेरि अर्को मेयरलाई पनि अपहरण गरेको आरोप	"किभ । युक्रेनी सरकारले रुसी फैेजले आफूले कब्जा गरेको क्षेत्रका अर्को मेयरलाई अपहरण गरेको आरोप लगाएको छ । युक्रेनका विदेशमन्त्री दिमित्री कुलेवाले ट्विटर मार्फत भनेका छन्, ""दक्षिणी सहर निप्रोरुन्देक..."	https://l.hamropatro.com/r/https://baahrakhari.com/news-details/344061	popular	L
पश्चिमी प्रतिबन्धबाट जुध्न चिनियाँ सहयोगको अपेक्षा गरेका छौं : रुस	काठमाडौं- पश्चिमी प्रतिबन्धबाट देशको अर्थतन्त्रमा परेको धक्कासँग जुध्न चीनको सहयोगको अपेक्षा गरेको रुसले बताएको छ। प्रतिबन्धले आफ्नो सुन र विदेशी मुद्रा सञ्चिति झण्डै आधा जफत भएको रुसले जनाएको छ। ...	https://l.hamropatro.com/r/https://nepallive.com/story/275255	popular	L
सगरमाथामा चियापान आयोजना गरेर विश्व कीर्तिमान	न्युयोर्क । अमेरिकाको सियटल निवासी एक साहसिक व्यक्तिलाई विश्वकै सबैभन्दा अग्लो स्थानमा टी–पार्टी आयोजना गरेबापत गिनिज वर्ल्ड रेकर्ड्सले उपाधि दिएको छ । समुद्री सतहदेखि २१ हजार ३१२ फिट अग्लो सगरमाथ...	https://l.hamropatro.com/r/https://baahrakhari.com/news-details/344060	popular	L
युक्रेनमा अमरिकी पत्रकारको हत्या, रुसी फौजले मारेको दाबी	किभ । युक्रेनमा कार्यरत एकजना अमेरिकी पत्रकारलाई राजधानी किभ नजिकको इर्पिन सहरमा गोली हानी हत्या भएको छ । किभका प्रहरी प्रमुख एन्द्रिय नेवितोभले उनलाई रुसी फौजले आक्रमण गरेको बताएका छन् । यस घटनाम...	https://l.hamropatro.com/r/https://baahrakhari.com/news-details/344057	popular	L
भारतमा रोकियो नेपाल आउने कोइला	समुद्रपारबाट आउने कोइलाको ढुवानी अवरुद्ध भएको छ । भारतीय रेलवेले रेक नदिएपछि हल्दिया बन्दरगाहमा आइपुगेको करीब २ लाख मेट्रिकटन कोइला रोकिएको हो । रेलवेले रेक नदिएपछि वीरगञ्जका व्यवसायीले कोलकातास्थ...	https://l.hamropatro.com/r/https://ratopati.com/story/226300/2022/3/14/coal-	popular	L
प्रकाशको ‘पिर’ विवाद : युट्युबबाट हटाउन माओवादीका चार संगठनको चेतावनी, प्रतिवाद गर्ने युथफोर्सको घोषणा	काठमाडौं– नेकपा माओवादी केन्द्रनिकट ४ संगठनले गायक प्रकाश सपुतको ‘पिर’ बोलको गीतको भिडियो तत्काल युट्युबबाट हटाउन चेतावनी दिएका छन्।  जनक्रान्तिका घाइते तथा अपाङ्ग योद्धा संघका इन्चार्ज दिपेन्द्र ...	https://l.hamropatro.com/r/https://nepallive.com/story/275270	popular	L
आसाममा बालक हत्या आरोपित जिउँदै जलाइए	२९ फागुन, काठमाडौं । भारतको आसाममा ५ वर्षीय बालकको हत्या गरेको आरोपमा आक्रोशित भीडले एक व्यक्तिलाई जिउँदै जलाएको छ । शनिबार डिब्रुगढ सहरबाट २५ किलोमिटर टाढा रहेको ढोलजन चिया बगानमा हत्या आरोपी व्य...	https://l.hamropatro.com/r/https://www.onlinekhabar.com/2022/03/1093135	popular	L
चीनमा बढ्न थाल्यो कोरोना संक्रमण, ठूलो सहर लकडाउन	चीनका ठूला सहरमध्ये एक शेन्जेनमा आइतबारदेखि लकडाउन लागू गरिएको छ। समाचार एजेन्सी एएफपीको रिपोर्टअनुसार सहरका सबै बासिन्दा लकडाउनको दायरामा परेका छन्। दक्षिणी चीनको शेन्जेन सहरको जनसङ्ख्या एक करोड ...	https://l.hamropatro.com/r/https://nepalkhabar.com/global/123481-2022-3-13-20-49-32	popular	L
इन्जिनियरसँग शिक्षामन्त्रीको गुनासो– जाँदा पिच भएको बाटो फर्किँदा भत्किएको हुन्छ	काठमाडौं । शिक्षा, विज्ञान तथा प्रविधिमन्त्री देवेन्द्र पौडेलले विश्वविद्यालय आधुनिकीकरण नुहँदासम्म उच्च शिक्षामा सुधार नुहने बताएका छन् । थापाथली इन्जिनियरिङ क्याम्पसको ५६औँ वार्षिकोत्सवमा बोल्दै ...	https://l.hamropatro.com/r/https://baahrakhari.com/news-details/344055	popular	L
चक्रपथ विस्तार: साइट क्लिअर नै नभई चिनियाँलाई पत्र लेख्दै सरकार	काठमाडौं । सरकारले चक्रपथ विस्तारअन्तर्गत कलंकीदेखि महाराजगञ्जसम्मको दोस्रो खण्डको साइट नै क्लिअर नगरी चिनियाँ पक्षलाई पत्र लेख्ने तयारी गरेको छ । सरकारले अबको दुई महिनाभित्र साइट क्लिअर गरिसक्ने प...	https://l.hamropatro.com/r/https://rajdhanidaily.com/id/58088/	popular	L
नेपाली कांग्रेस सिन्धुपाल्चोक सभापतिमा जंगबहादुर लामा निर्वाचित	चौताराः नेपाली कांग्रेस सिन्धुपाल्चोकको जिल्ला सभापतिमा जंगबहादुर लामा निर्वाचित भएका छन्। आइतबार भएको मतदानमा इन्द्रावती गाउँपालिकाका अध्यक्षसमेत रहेका वंशलाल तामाङलाई पराजित गर्दै जंगबहादुर जिल्...	https://l.hamropatro.com/r/https://pahilopost.com/content/20220313225520.html	popular	L
माधव नेपालसहित १४ सांसदविरुद्धको मुद्दा पूर्ण इजलासमा	काठमाडौं । सर्वोच्च अदालतले नेकपा एमालेले निष्कासन गरेका १४ सांसदविरुद्धको मुद्दा सुनुवाइका लागि पूर्णइजलासमा पठाउने आदेश गरेको छ । सर्वोच्च अदालतका न्यायाधीश ईश्वरप्रसाद खतिवडा र कुमार चुडालको संय...	https://l.hamropatro.com/r/https://rajdhanidaily.com/id/58093/	popular	L
सुनसान चोकमा ४७ वर्षअघि किशोरीले खोलेको पान पसल	कुरा ४७ वर्षअघिको हो। धनुषाको नगराइन नगरपालिकास्थित विर्ता गाउँका १८ वर्षीय किशोरी ठाकुर दिनभरि साथीहरूसँग डुलिरहन्थे। पढालेखा थिएनन्। भविष्यमा के गर्नेबारे सोचेकै थिएनन्। किशोरी र उनका साथीहरू ज...	https://l.hamropatro.com/r/https://www.setopati.com/kinmel/business/264551	popular	L
प्रकाश सपुतको ‘पिर’ले अइय्या अइय्या हुनेहरुलाई चार टिप्स	एमसीसीपछि पल शाहको पालो आएको थियो। पलपछि अब प्रकाश सपुतको ‘पिर’ अहिले राष्ट्रिय बहसको विषय बनेको छ। ‘पिर’ एउटा सामान्य गीतको म्युजिक भिडियो मात्र रहेन, यो ठीक छ कि ठीक छैन भन्ने पिर गर्दै देशै लागे...	https://l.hamropatro.com/r/https://www.mysansar.com/2022/03/49171/	popular	L
रुसी सेनाको हमलामा न्युयोर्क टाइम्सका पत्रकार मारिए	रुसी सेनाको हमलामा न्युयोर्क टाइम्सका एक पत्रकार मारिएका छन् ।  इरपिन सहरमा रुसी फौजको हमलामा न्युयोर्क टाइम्सका भिडियो पत्रकार ब्रेन्ट रिनाउड मारिएको किभ क्षेत्रका प्रमुखले बताएका छन् । हमलामा अर्...	https://l.hamropatro.com/r/https://ratopati.com/story/226308/2022/3/14/russian-army-	popular	L
रूसले रासायनिक हतियार प्रयोग गर्ने खतरा रहेको नेटो प्रमुखको भनाइ, रूसद्वारा खण्डन	उत्तर एटलान्टिक सैन्य गठबन्धन (नेटो) प्रमुखले रूसले यूक्रेनमा रासायनिक हतियार प्रयोग गर्न सक्ने चेतावनी दिएका छन् । नेटोका महासचिव जेन्स स्टोल्टेनबर्गले आइतबार रुसले रासायनिक हतियार प्रयोग गर्न सक्...	https://l.hamropatro.com/r/https://lokaantar.com/story/175475/2022/3/13/international/russia-	popular	L
‘रुसले चीनसँग सैन्य तथा आर्थिक सहयोग मागिरहेको छ’	Created with sketchtool. सम्बन्धित रुसी आक्रमणमा अमेरिकी पत्रकारको निधन रुसले युक्रेनमाथिको जारी आक्रमणका लागि चीनसँग सैन्य र आर्थिक सहयोग माग गरेको अमेरिकी अधिकारीले बताएका छन् । फाइनान्सियल ट...	https://l.hamropatro.com/r/https://deshsanchar.com/2022/03/14/623865/	popular	L
प्रकाश सपुतको गीतमा माओवादीका पाँच भातृ संगठनको आपत्तिः ‘जनयुद्धको अपमान भयो, अपराध स्वीकार गरी माफी माग्न चेतावनी’	काठमाडौँः नेकपा (माओवादी केन्द्र) निकटका भातृ संगठनहरुले हालै सार्वजनिक भएको गायक प्रकाश सपुतको गीत पीरले जनयुद्धलाई विद्रुपीकरण गर्न खोजेको आरोप लगाएका छन्। गीतले जनयुद्धमा जनमुक्ति सेनाले गरेको य...	https://l.hamropatro.com/r/https://pahilopost.com/content/20220313220909.html	popular	L
युक्रेन र रुसबाट धनियाँदेखि तेलसम्म	नेपाली भान्साको पहिचान नै हो- तोरीको तेल र धनियाँ । हामी यी सामान आफ्नै बारीको उत्पादन हो भनेर गर्व गछौँ। तर, वास्तविकता फरक छ। नेपालमा जति खपत हुन्छ त्यसको धेरै हिस्सा रूस र युक्रेनबाट भित्रिने गर...	https://l.hamropatro.com/r/https://ratopati.com/story/226310/2022/3/14/ukraine-russia-	popular	L
अर्थतन्त्र भयावह अवस्थामा छ, सरकारले श्वेतपत्र जारी गरोस् : ओली	२९ फागुन, काठमाडौं । नेकपा एमालेका अध्यक्ष केपी शर्मा ओलीले मुलुकको अर्थतन्त्र भयवह अवस्थामा पुगेको दावी गरेका छन् । पार्टीको उद्योग, वाणिज्य तथा आपूर्ति विभागले गरेको अर्थतन्त्रको वर्तमान अवस्थाबा...	https://l.hamropatro.com/r/https://www.onlinekhabar.com/2022/03/1093221	popular	L
रुस-युक्रेन युद्ध: रुसलाई सैन्य वा आर्थिक सहयोग नगर्न चीनलाई अमेरिकाको चेतावनी	अमेरिकाले रुसलाई कुनै पनि किसिमको आर्थिक वा सैन्य सहायता उपलब्ध नगराउन चीनलाई चेतावनी दिएको छ। रुसले चीनसँग त्यस्तो सहायता मागेको अमेरिकी अधिकारीहरूले भिन्नाभिन्नै पत्रिकाहरूलाई बताएका छन्। तर ची...	https://l.hamropatro.com/r/https://www.bbc.com/nepali/news-60732285?xtor=AL-73-[partner]-[hamro.patro]-[headline]-[nepali]-[bizdev]-[isapi]	popular	L
एनआइसी एशिया बैंकले ल्यायो ‘सर्वश्रेष्ठ तलब खाता’	विभिन्न संस्थाहरूले कर्मचारीको नाममा एनआइसी एशिया बैंकमा ‘सर्वश्रेष्ठ तलब बचत खाता’ खोल्दा बीमा, कर्जा लगायतका २४ सर्वश्रेष्ठ फाइदाहरू हात पार्न सक्ने भएका छन् । बैंकिङ क्षेत्रमा रहेका तलब खाताहरूम...	https://l.hamropatro.com/r/https://ratopati.com/story/226297/2022/3/13/nic-asia-bank-	popular	L
स्मरणशक्ति बढाउने यी ८ उपाय	काठमाडौं, — आजकलको व्यस्त जीवनशैलीमा दिमागलाई अत्यधिक भार पर्छ । यसैले गर्दा धेरै मानिसको दिमाग कमजोर हुन थाल्छ । दिमाग कमजोर भएपछि स्मरणशक्ति पनि गुम्ने नै भयो ।  तपाईंमा यो समस्या छ भने यहाँ बता...	https://l.hamropatro.com/r/https://lokaantar.com/story/41900/2022/3/13/lifestyle/health-tips-	popular	L
लोसपा पर्साका नेता पटेल एमाले प्रवेश	वीरगंजः मधेशको राजनीतिमा सक्रिय लोकतान्त्रिक समाजवादी पार्टी (लोसपा) पर्साका नेता शिव पटेल नेकपा (एमाले) मा प्रवेश गरेका छन्। आइतबार बहुदरामाई नगरपालिका १ पिपरामा आयोजित नगर स्तरीय कर्याकर्ता भेला ...	https://l.hamropatro.com/r/https://pahilopost.com/content/20220313223330.html	popular	L
राज्य विधिमा नहिँडेमा अर्थतन्त्र बिग्रने र त्यसको भयावह परिणामः अध्यक्ष ओली	काठमाडौं । नेकपा एमालेका अध्यक्ष केपी शर्मा ओलीले देशको अर्थतन्त्र भयाभवह ढंगले ओरालो लागेको बताएका छन् । आइतबार पार्टीको उद्योग वाणिज्य तथा आपूर्ति विभागले आयोजना गरेको छलफलमा अध्यक्ष ओलीले अर्थतन...	https://l.hamropatro.com/r/https://saralpatrika.com//content/46889/2022-03-13	popular	L
प्रधानमन्त्रीलाई बादलसँग आँगनमा परेको माछाकोमात्रै चिन्ता छ : ओली	नेकपा एमालेका अध्यक्ष केपी शर्मा ओलीले वर्तमान सरकार र सरकारका मन्त्रीहरु नै ब्ल्याकमेलर भएको आरोप लगाएका छन् । आइतबार एमाले उद्योग विभागले उद्यमी व्यवसायीसँग गरेको अन्तरक्रियामा बोल्दै पूर्व प्रधा...	https://l.hamropatro.com/r/https://ratopati.com/story/226289/2022/3/13/kp-oli	popular	L
नेपालको मौसममा बंगलादेशको प्रणालीको प्रभाव	नेपालको मौसममा बंगलादेशको उत्तरी भेग तथा आसपासका क्षेत्रमा रहेको निम्न चापीय प्रणालीको सामान्य प्रभाव परिरहेको छ।  मौसम पूर्वानुमान महाशाखाका मौसमविद् निराजन सापकोटाका अनुसार निम्न चापीय प्रणालीको...	https://l.hamropatro.com/r/https://nepalkhabar.com/society/123479-2022-3-13-20-34-55	popular	L
कोरिया पठाउन नौ हजार ६५४ जनाको आवेदन खुला गरिँदै	नेपाल सरकारले रोजगार अनुमति प्रणाली (ईपीएस) मार्फत कामदार दक्षिण कोरिया पठाउन नौ हजार ६५४ जनाको आबेदन खुला गर्ने भएको छ। बैदेशिक रोजगार विभागअन्तर्गतको ईपीएस शाखाले सोमबार सार्वजनिक सूचना प्रकाशन ...	https://l.hamropatro.com/r/https://ratopati.com/story/226306/2022/3/14/eps-korea-	popular	L
रियल जोडी जीवन र लक्ष्मीको ‘ह्याप्पी एनिभर्सरी’ अभिनय	रियल जोडी कलाकार अभिनेत्री लक्ष्मी बर्देवा र जीवन भट्टराईको अभिनय तथा निर्देशक रहेको गीत  ‘ह्याप्पी एनिभर्सरी’ सार्वजनिक भएको छ । गायक सुगम पोखरेल र गायिका मिलन नेवारको स्वर रहेको गीतमा हरि लम्साल...	https://l.hamropatro.com/r/https://ratopati.com/story/226294/2022/3/13/happy-anniversary	popular	L
अहिले अर्थतन्त्रको प्रमुख समस्या तरलता अभाव र ब्याजदर नै हो : उद्योगी	काठमाडौं । निजी क्षेत्रले अर्थतन्त्रमा देखिएको प्रमुख समस्या तरलता अभाव भएको बताएका छन् । एमालेले आयोजना गरेको वर्तमान आर्थिक अवस्थासम्बन्धी छलफल कार्यक्रममा नेपाल उद्योग परिसंघका अध्यक्ष विष्णु अ...	https://l.hamropatro.com/r/https://baahrakhari.com/news-details/344054	popular	L
मलाई नुन, गाँजा र अफिमको तस्कर भनियो : दुगड	२९ फागुन, काठमाडौं । पूर्व उद्योग वाणिज्य तथा आपूर्ति राज्यमन्त्री मोतीलाल दुगडले राज्यको हितका लागि काम गर्दा आफूलाई तस्कर भनिएको भन्दै आपत्ति जनाएका छन् । नेकपा एमालेको उद्योग तथा वाणिज्य तथा आप...	https://l.hamropatro.com/r/https://www.onlinekhabar.com/2022/03/1093179	popular	L
साउदी राजकुमार नेपाल आउँदै	साउदी अरब अधिराज्यका विदेशमन्त्री राजकुमार फैसल बिन फहरान अल साउदले यही फागुन ३० देखि चैत १ गतेसम्म नेपालको औपचारिक भ्रमण गर्ने भएका छन् । भ्रमणका क्रममा साउदी अरबका विदेशमन्त्री राजकुमार फैसलले र...	https://l.hamropatro.com/r/https://ratopati.com/story/226286/2022/3/13/saudi	popular	L
दुर्घटनामा मृत्यु हुने तीनको सनाखत	पृथ्वीराजमार्गअन्तर्गत तनहुँको आँबुखैरेनी गाउँपालिका–२ ऐनापहरामा आज दिउँसो भएको सवारी दुर्घटनामा मृत्यु भएका तीनजनाको सनाखत भएको छ । दुर्घटनामा परी मृत्यु हुनेमा शुक्लागण्डकी नगरपालिका–८ का ७३ वर्ष...	https://l.hamropatro.com/r/https://lokaantar.com/story/175492/2022/3/13/current-affairs/news-	popular	L
‘आप’को विजय र नेपालमा विकल्पको जिज्ञासा	हालै भारतको पाँच वटा प्रान्त उत्तर प्रदेश, पन्जाब, उतराखण्ड, मणिपुर र गोवा मा प्रान्तीय सदनकालागि निर्वाचन सम्पन्न भएको छ। यस पटकको मत परिणाम अनुसार पन्जाब बाहेक बाँकि चारवटै प्रान्तमा भारतीय जनता ...	https://l.hamropatro.com/r/https://www.khabarhub.com/2022/14/361219/	national	L
स्थानीय तहका जनप्रतिनिधिलाई प्रधानमन्त्रीले भने– जनताको मन जित्ने काम गरेर देखाउनूस्	 प्रधानमन्त्री शेरबहादुर देउवाले स्थानीय तहका जनप्रतिनिधिहरूसँग काम गरेर देखाउन आग्रह गरेका छन् । स्थानीय सरकार वा स्थानीय तह भन्ने विवादमा नअल्झिन उनको सुझाव छ । ‘स्थानीय तह भने पनि भयो, स्थानीय स...	https://l.hamropatro.com/r/https://nayapatrikadaily.com/feed-detail.php?nid=82440	national	L
स्थानीय तहको चुनाव आउन दुई महिना बाँकी : दलहरु चुनाव केन्द्रित अभियानमा	काठमाण्डाै - स्थानीय तहको चुनाव आउन दुई महिना बाँकी रहँदा दलहरु चुनाव केन्द्रित अभियानमा जुटेका छन् । नेपाली कांग्रेसले हिजोदेखि घरघर पुग्ने अभियान सुरु गरेको छ । एक महिनासम्म चल्ने अभियानमा गाउँ ...	https://l.hamropatro.com/r/https://ujyaaloonline.com/story/66428/2022/3/14/local-elections-are-two-months-away	national	L
प्रेस युनियनको महाधिवेशन जेठमा	नेपाल प्रेस युनियनको महाधिवेशन जेठमा गर्ने निर्णय भएको छ। युनियनको आठौं महाधिवेशन भएको आठ वर्षपछि नवौं महाधिवेशन गर्न लागिएको हो। आइतबार बसेको युनियनको बैठकले नवौं महाधिवेशन ०७९ जेठ १३ र १४ गते ग...	https://l.hamropatro.com/r/https://www.setopati.com/politics/264586	national	L
नजिकै क्याम्पस नहुँदा उच्च शिक्षाबाट वञ्चित	धनुषाको  मिथिला  नगरपालिकामा  एसईई  र  १२  कक्षापछि  पढाइ  छोड्ने  विद्यार्थीको  सङ्ख्या  बढ्दो  छ  । नजिकै  स्नातक  तथा  स्नातकोत्तर  तहका  शिक्षण  संस्था  नहुँदा  १२  कक्षा  पढेपछि  पढाइ  छोड्ने...	https://l.hamropatro.com/r/https://lokaantar.com/story/175510/2022/3/14/press/news-	national	L
आयोग उपाध्यक्ष पौडेलले वडास्तरको योजना संघमा सारे	राष्ट्रिय योजना आयोग उपाध्यक्ष डा. विश्वनाथ पौडेलले गृहजिल्ला चितवनको वडास्तरम कार्यान्वयन भइरहेको आयोजना संघमा सारेका छन् । चितवनको खैरहनी नगरपालिका वडा नं. १ र २ मा कार्यान्वयन भइरहेको ‘सुन्दर खा...	https://l.hamropatro.com/r/https://ratopati.com/story/226315/2022/3/14/bishwanath-poudel-water-project-	national	L
कांग्रेस सिन्धुपाल्चोकको सभापतिमा लामा निर्वाचित	सिन्धुपाल्चोक, फागुन ३० : नेपाली कांग्रेस सिन्धुपाल्चोकको जिल्ला कार्यसमिति सभापतिमा जंगबहादुर लामा निर्वाचित भएका छन्। गएराति सम्पन्न अन्तिम मतपरिणामअनुसार, उनी ६४ मतान्तरले विजयी भएका हुन्। उनले...	https://l.hamropatro.com/r/https://kathmandupress.com/news/60279	national	L
साउदीका परराष्ट्रमन्त्री साउद नेपाल भ्रमणमा, मृत्युदण्ड पाएका नेपालीलाई माफी दिन आग्रह गरिने	काठमाडौं । साउदी अरबका राजकुमार एवं परराष्ट्रमन्त्री फैजल बिन फरहान बिन साउद आज नेपाल आउदैछन् । उनी नेपालका परराष्ट्रमन्त्री नारायण खड्काको निमन्त्रणामा नेपाल आउन लागेका हुन् । साउदीका परराष्ट्रमन...	https://l.hamropatro.com/r/https://www.news24nepal.tv/2022/03/14/863366	national	L
१८२ किलो गाँजासहित पाँचजना पक्राउ	हेटौंडा : मकवानपुरमा १८२ किलो गाँजासहित पाँचजना पक्राउ परेका छन्। आइतवार राक्सिराङ गाउँपालिकाको चैनपुरबाट हेटौंडातर्फ आइरहेको बा ७ च १६०६ नम्बरको पिकअप गाडीलाई मनहरी-७ पुल नजिकै रोकेर खोजतलास गर्दा...	https://l.hamropatro.com/r/https://thahakhabar.com/news/147898	national	L
जसपाका चार केन्द्रीय सदस्यसहित नेता–कार्यकर्ता माओवादी केन्द्रमा प्रवेश	आइतबार हुम्लामा ठुलो संख्यामा जसपा नेपालका नेता–कार्यकर्ता नेकपा माओवादी केन्द्रमा प्रवेश गरेका छन् । सदरमुकाम सिमकोटमा आयोजित कार्यक्रममा जसपा नेपालका एक हजारभन्दा बढी नेता–कार्यकर्ता नेकपा माओवाद...	https://l.hamropatro.com/r/https://ratopati.com/story/226314/2022/3/14/jasapa-maoist-	national	L
‘बढ्दो ब्याजले व्यवसाय संकटमा’	विराटनगर — सुनसरी–मोरङ क्षेत्रका उद्योगीले पूर्वप्रधानमन्त्री एव माओवादी केन्द्रका अध्यक्ष पुष्पकमल दाहाल र अर्थमन्त्री जनार्दन शर्मालाई आइतबार ज्ञापन बुझाउँदै बढ्दो बैंक ब्याजदरले व्यवसाय संकटमा प...	https://l.hamropatro.com/r/https://ekantipur.com/business/2022/03/14/16472206626362555.html	national	L
महाभियोग प्रस्तावमा बुधबारदेखि छलफल	काठमाडौँ — प्रधानन्यायाधीश चोलेन्द्रशमशेर जबराविरुद्धको महाभियोग प्रस्तावमाथि बुधबारदेखि छलफल हुने भएको छ । प्रतिनिधिसभाको आइतबारको बैठकमा माओवादी केन्द्रका प्रमुख सचेतक देव गुरुङले महाभियोग ल्याउन...	https://l.hamropatro.com/r/https://ekantipur.com/news/2022/03/14/16472204835917836.html	national	L
नयाँ ट्याक्सीको दर्ता किन खुलेन ?	बागमती प्रदेश सरकारका मुख्यमन्त्री राजेन्द्र पाण्डे र यातायातमन्त्री घनश्याम दाहाललाई नयाँ ट्याक्सीको दर्ता खोल्न नदिनको लागि यातायात व्यवसायी र मजदुर संगठनहरुले तयारी अघि बढाएका छन् । नेपाल याताया...	https://l.hamropatro.com/r/https://www.newsofnepal.com/2022/03/14/481123/	national	L
जसपा बैठक निर्वाचनमा केन्द्रित	स्थानीय  तहको निर्वाचनको   विषयलाई   छलफलको   मुख्य विषयवस्तु  बनाएर  सत्ता  साझेदार  दल  जनता समाजवादी  दल  (जसपा)  को  केन्द्रीय  समिति बैठक सुरु भएको छ । पार्टी अध्यक्ष उपेन्द्र यादवको सभापतित्...	https://l.hamropatro.com/r/https://lokaantar.com/story/175507/2022/3/14/press/jasapa-	national	L
दुई वर्षपछि मलेसियाको रोजगारी सुचारु	सरकारले मलेसियाको रोजगारी खुलाउने तयारी सुरु गरेपछि मेनपावर र अन्य निकायमा विभिन्न प्रक्रियाका लागि आवेदन दिएर प्रतीक्षामा रहेका नेपाली लामो समयदेखि मलेसिया जाने बाटो खुलेको छ । मलेसियास्थित नेपाल...	https://l.hamropatro.com/r/https://www.karobardaily.com/news/177936	national	L
नेपाली कांग्रेसको सिन्धुपाल्चोक जिल्ला सभापतिमा जंगबहादुर विजयी	३० फागुन, काठमाडौं । नेपाली कांग्रेसको सिन्धुपाल्चोक जिल्ला सभापतिमा जंगबहादुर लामा निर्वाचित भएका छन्। दोस्रो चरणको मतदानबाट लामाले संस्थापनइतरका उम्मेदवार बंशलाल तामाङलाई पराजित गरेका हुन् । जम्...	https://l.hamropatro.com/r/https://www.onlinekhabar.com/2022/03/1093238	national	L
एकीकृत समाजवादीविरुद्धको मुद्दामा २० चैतदेखि अन्तिम सुनुवाइ	 एमाले अध्यक्ष केपी ओलीले नेकपा (एकीकृत समाजवादी) दलको दर्ता र त्यसका १४ सांसदको पद खारेजको माग गरी दायर गरेको रिटउपर सर्वाेच्चले अन्तिम सुनुवाइ प्रक्रिया अघि बढाएको छ । २० चैतदेखि सो मुद्दा अन्तिम...	https://l.hamropatro.com/r/https://nayapatrikadaily.com/feed-detail.php?nid=82438	national	L
सर्लाही कांग्रेसमा संस्थापन पक्षका सिंह विजयी	सर्लाही — सर्लाही कांग्रेसको सभापतिमा सुरेन्द्रप्रसाद सिंह विजयी भएका छन् । पूर्वसभापति समेत रहेका कोइराला पक्षका उम्मेदवारलाई पराजित गर्दै संस्थापन पक्षका सिंह निर्वाचित भएका हुन् । शनिबार सम्पन्...	https://l.hamropatro.com/r/https://ekantipur.com/pradesh-2/2022/03/14/16472200360475188.html	national	L
आजको मौसम : पहाडी क्षेत्रमा क्षणिक वर्षाको सम्भावना	काठमाडौं– हाल देशभर मौसम सामान्यतया सफा रहेको मौसम पूर्वानुमान महाशाखाले जनाएको छ। देशमा हाल देशमा बंगलादेश तथा आसपासका क्षेत्रमा उत्पन्न निम्न चापीय प्रणालीको सामान्य प्रभाव रहेको महाशाखाले जनाएको...	https://l.hamropatro.com/r/https://nepallive.com/story/275273	national	L
प्रेमध्वजको समर्थन पाएका बंशलाललाई हराउँदै जंगबहादुरले जिते सिन्धुपाल्चोक कांग्रेस सभापति	नेपाली कांग्रेस सिन्धुपाल्चोक जिल्ला कार्यसमितिको सभापति पदमा जंगबहादुर तामाङ विजयी भएका छन्। आइतबार दोस्रो चरणमा गरिएको अधिवेशनबाट तामाङ ९१२ मतसहित सभापति निर्वाचित भएका हुन्। शनिबार भएको पहिलो ...	https://l.hamropatro.com/r/https://www.setopati.com/politics/264580	national	L
पिर युट्युबबाट हटाउन माओवादीका चार संगठनको चेतावनी	काठमाडौं :  नेकपा माओवादी केन्द्र निकट संगठनहरूले कलाकार प्रकाश सपुतको म्युजिक भिडियो  पिर युट्युवबाट हटाउन दबाब दिएका छन्।  माओवादी निकट जनक्रान्तिमा घाइते तथा अपाङ्ग योद्धा सघ, अखिल नेपाल महिला ...	https://l.hamropatro.com/r/https://thahakhabar.com/news/147895	national	L
सांसदका लागि आवास बनाउने तयारी	काठमाडौं । सरकारले सांसदका लागि संयुक्त आवास निर्माण गर्ने तयारी अघि बढाएको छ । आवास निर्माण गर्न संघीय संसद् सचिवालको पत्रअनुसार शहरी मन्त्रालयले प्रारम्भिक डिजाइनको काम सम्पन्न गरेको छ । सांसदक...	https://l.hamropatro.com/r/https://www.newsofnepal.com/2022/03/14/481119/	national	L
विवादास्पद व्यक्ति नै तारागाउँमा सदस्यसचिव	काठमाडौं : अख्तियारको छानबिनमा रहेका नारदकुमार लुइँटेल तारागाउँ विकास समितिको सदस्यसचिव पदमा नियुक्त भएका छन्। संस्कृति, पर्यटन तथा नागरिक उड्डयनमन्त्री प्रेमबहादुर आलेले फागुन २५ गते लुइँटेललाई नि...	https://l.hamropatro.com/r/https://annapurnapost.com/news/198382	national	L
कांग्रेस सिन्धुपाल्चोकको सभापतिमा जंगबहादुर तामाङ विजयी	काठमाडौं– नेपाली कांग्रेस सिन्धुपाल्चोकको सभापतिमा जंगबहादुर तामाङ विजयी भएका छन्। प्रतिद्वन्द्वी बंशलाल तामाङलाई पराजित गर्दै उनी सभापति बनेका हुन्। आइतबार राति प्राप्त अन्तिम नतिजाअनुसार जंगबहाद...	https://l.hamropatro.com/r/https://nepallive.com/story/275272	national	L
साउदी अरेबियाका राजकुमार नेपाल आउँदै	साउदी  अरेबियाका  राजकुमार  तथा विदेशमन्त्री फैजल अल  बिन  फरहान  अल  साउद  सोमबार  नेपाल  भ्रमणमा  आउँदै  छन् ।   परराष्ट्र  मन्त्रालयले  दिएको  जानकारीअनुसार  राजकुमार  फैजल  दुई  दिने  भ्रमणका ...	https://l.hamropatro.com/r/https://lokaantar.com/story/175505/2022/3/14/press/news-	national	L
साना उद्यम, ठूलो प्रेरणा	विकास र समृद्धिका कुरा हुँदा ठूलाठूला पूर्वाधार, उद्योगधन्दा र कलकारखानाका कुरा आउँछन्। नेपालको समृद्धिको बहसमा छायामा परेको मुद्दा साना उद्योगधन्दाको हो। ठूला उद्योग धन्दा खुल्नु पर्छ। तर यो होइन ...	https://l.hamropatro.com/r/https://annapurnapost.com/news/198381	national	L
कांग्रेसको एक महिने चुनावी अभियान शुरू	काठमाडौं, (नेस) । प्रमुख सत्ताधारी दल नेपाली कांग्रेसको चुनाव केन्द्रित एक महिने अभियान हिजो आइतबारदेखि शुरू भएको छ । वैशाख ३० गते हुने स्थानीय निर्वाचनलाई लक्षित गर्दै आइतबारबाट शुरू भएको ‘घर–घर ...	https://l.hamropatro.com/r/https://www.newsofnepal.com/2022/03/14/481115/	national	L
सुनसान चोकमा ४७ वर्षअघि किशोरीले खोलेको पान पसल	कुरा ४७ वर्षअघिको हो। धनुषाको नगराइन नगरपालिकास्थित विर्ता गाउँका १८ वर्षीय किशोरी ठाकुर दिनभरि साथीहरूसँग डुलिरहन्थे। पढालेखा थिएनन्। भविष्यमा के गर्नेबारे सोचेकै थिएनन्। किशोरी र उनका साथीहरू ज...	https://l.hamropatro.com/r/https://www.setopati.com/kinmel/business/264551	national	L
साना दललाई स्वतन्त्र समूहमा रहेको चुनाव चिह्न दिन सकिने	दलीय चुनाव चिह्नमा निर्वाचन  लड्न पाउनुपर्ने माग राखेर आन्दोलनरत ३७ साना दलको मागबारे निर्वाचन आयोगले सोमबार राजनीतिक दलका नेताहरूसँग छलफल गर्ने भएको छ। आयोगले साना दलको माग सम्बोधन गर्ने सम्बन्धम...	https://l.hamropatro.com/r/https://ratopati.com/story/226303/2022/3/14/election-commmission-	national	L
साना दलका मागबारे छलफल गर्दै निर्वाचन आयोग	काठमाडौं । दलीय चुनाव चिह्नमा निर्वाचन लड्न पाउनुपर्ने माग राखेर आन्दोलनरत ३७ साना दलको मागबारे निर्वाचन आयोगले सोमबार राजनीतिक दलका नेताहरूसँग छलफल गर्ने भएको छ । आयोगले साना दलको माग सम्बोधन गर...	https://l.hamropatro.com/r/https://www.newsofnepal.com/2022/03/14/481111/	national	L
पुष्पपरागद्वारा वर्ष सम्मान तथा पुरस्कारको घोषणा 	काठमाडौं । पुष्पपराग साहित्य प्रतिष्ठानले बर्सेनि प्रदान गर्ने सम्मान तथा पुरस्कारको घोषणा गरेको छ । प्रतिष्ठानले ‘पुष्पपराग वर्ष सम्मान–२०७८’ साहित्यकार बखतबहादुर थापालाई प्रदान गर्ने भएको छ । प्...	https://l.hamropatro.com/r/https://baahrakhari.com/news-details/343942	literature	L
आनन अच्युतको झञ्झावात सार्वजनिक	आख्यानकार आनन अच्युतको नयाँ उपन्यास झञ्झावात नेपाल प्रज्ञा प्रतिष्ठान, कमलादीमा आयोजित एक कार्यक्रम बिच आज सार्वजनिक भएको छ ।  वरिष्ठ पत्रकार एवं साहित्यकार विजय चालिसे, समालोचक डा. अम्बिका अर्याल...	https://l.hamropatro.com/r/https://ratopati.com/story/226096/2022/3/12/book-launch-	literature	L
अब मार्खेज नै पात्र भएको पुस्तक पनि पढ्नुस्	गाब्रियल गार्सिया मार्खेजलाई चिन्ने धेरै आयाम छन् – ‘हन्ड्रेज इयर्स अफ सोलिच्चुड’, ‘लभ इन द टाइम अफ कोलेरा’जस्ता विख्यात उपन्यास लेख्ने उपन्यासकार। साहित्यमा म्याजिकल रियालिज्मको शैली भित्र्याउने क...	https://l.hamropatro.com/r/https://ekagaj.com/article//article/thought-interview/91131/	literature	L
श्रीमतीहरूजस्तै श्रीमानहरू पनि श्रीमतीको कमाइमा गर्व गर्न सक्लान्?	‘पाँचौं वैवाहिक वर्षगाँठको शुभकामना! तिम्रो जिन्दगीको पारिलो घाम कहिल्यै नअस्ताओस् अप्सरा!’ अप्सरा सधैं पलाँसको फूलसँग आफूलाई तुलना गर्थी। उसको जिन्दगीमा कतिपटक घाम उदाएर अस्तायो। कति पटक असिना पा...	https://l.hamropatro.com/r/https://www.setopati.com/literature/264450	literature	L
चित्रमा समाजबाट हराउँदै गएका सामाग्रीहरू (फोटोफिचर)	काठमाडौं । समाजबाट हराउँदै गएका सामाग्रीहरूबारे बनाइएका चित्रहरूको प्रदर्शनी ललितपुरको ढोकैमा क्याफेमा शुरू भएको छ। यस प्रदर्शनीमा परम्परागत र समकालीन चित्रकलाहरू राखिएका छन्।	https://l.hamropatro.com/r/https://www.nepalviews.com/2022/03/10/46548/	literature	L
महिला दिवसको अवशरमा सांग्रिला बुक्स र बुद्ध एयरको तर्फबाट २५ सय यात्रुलाई पुस्तर उपहार	काठमाडौँ– विश्वव्यापी मनाईरहिएको ११२ औँ अन्तराष्ट्रिय श्रमिक महिला दिवसका अवसरमा सांग्रिला बुक्स र बुद्ध एयरको सहकार्यमा काठमाडौंबाट बुद्ध एयरबाट यात्रा गर्ने पहिलो २५०० यात्रुलाई पुस्तक उपहार दिइए...	https://l.hamropatro.com/r/https://deshsanchar.com/2022/03/08/621904/	literature	L
महिला दिवस : सांग्रिला बुक्स र बुद्ध एयरले २५०० यात्रुलाई दियो पुस्तक उपहार	काठमाडौं । अन्तर्राष्ट्रिय (श्रमिक) महिला दिवसका अवसरमा सांग्रिला बुक्स र बुद्ध एयरको सहकार्यमा काठमाडौँबाट बुद्ध एयरबाट यात्रा गर्ने पहिलो २५०० यात्रुलाई पुस्तक उपहार दिइएको छ ।  सांग्रिला बुक्सल...	https://l.hamropatro.com/r/https://hamrakura.com/news-details/118915/2022-03-08	literature	L
काठमाडौंबाट बुद्ध एयरमा यात्रा गर्ने पहिलो २५०० यात्रुलाई पुस्तक उपहार	काठमाडौं– अन्तर्राष्ट्रिय श्रमिक महिला दिवसका अवसरमा सांग्रिला बुक्स र बुद्ध एयरको सहकार्यमा काठमाडौंबाट बुद्ध एयरमा यात्रा गर्ने पहिलो २५०० यात्रुलाई पुस्तक उपहार दिइएको छ। सांग्रिला बुक्सले प्रक...	https://l.hamropatro.com/r/https://nepallive.com/story/274805	literature	L
धरानले प्रकाशन गरेको कविता कृति ‘कचहरी’ माथि खोटामा विमर्श	रामधन राई, खोटाङ । धरान प्रज्ञा प्रतिष्ठान धरान उपमहानगरपालिकाले प्रकाशन गरेको कविता कृति ‘कचहरी’माथि खोटाङमा विमर्श गरिएको छ । दिक्तेल रुपाकोट मझुवागढी नगरपालिका–११ खार्मीमा जन्मनुभएका युवा साहित...	https://l.hamropatro.com/r/https://www.newsofnepal.com/2022/03/08/479676/	literature	L
ध्रुवचन्द्रको ‘ह्याङ्गरमा झुण्डिएको आकाश’ विमोचन	काठमाडौँ — आख्यानकार ध्रुवचन्द्र गौतमको पहिलो कवितासंग्रह ‘ह्याङ्गरमा झुण्डिएको आकाश’को विमोचन गरिएको छ । आइतबार धनगढीमा आयोजित सुदूरपश्चिम साहित्य महोत्सवको अवसरमा कवितासंग्रह विमोचन गरिएको हो । ...	https://l.hamropatro.com/r/https://ekantipur.com/literature/2022/03/07/164663105531323886.html	literature	L
अभिवन्द्य : रोदनको रचनात्मक लेखनशैली	नेपाली निबन्ध, नियात्रा, लघुकथा विधालाई पृथक लेखनशैली र शिल्पले सिँगार्दै आएका श्रीओम श्रेष्ठ ‘रोदन’ व्यक्तिचित्र उतार्नमा पनि उत्तिकै दख्खल राख्छन्। यसको सप्रमाण उनको सद्यः प्रकाशित कृति ‘अभिवन्द्...	https://l.hamropatro.com/r/https://www.nepalviews.com/2022/03/05/45065/	literature	L
सबैलाई सँगै घुमाउने ‘आँखाभरि देश मनभरि परिवेश’ 	साहित्यिक पत्रकार नवराज रिजालको नियात्रासंग्रह ‘आँखाभरि देश मनभरि परिवेश’ एउटा महत्त्वपूर्ण नियात्राकृति हो । साहित्यिक पत्रकारितामा निरन्तर क्रियाशील नवराजले साहित्यजगत्मा आफ्नो स्थान बनाउँदै आएका...	https://l.hamropatro.com/r/https://baahrakhari.com/news-details/343330	literature	L
यसरी बन्न सक्छौँ फूलमा आत्मनिर्भर	फूललाई विषय बनाएर यसको सौन्दर्यतामाथि धेरै कुराहरू लेखिएका छन् । चाहे त्यो गीतमा होस् वा साहित्यमा । यस मानेमा फूलको आयतन निकै फराकिलो देखिन्छ । आमनेपालीको जीवनशैलीमा फूलको साइनो जन्मदेखि मृत्युसम्...	https://l.hamropatro.com/r/https://www.merolifestyle.com/archives/30868	literature	L
उमङ्ग लघुकथा सङ्ग्रह विमोचन	सत्या अधिकारीद्वारा लिखित उमङ्ग लघुकथा सङ्ग्रह विमोचन गरिएको छ । अक्षर धाम नेपालले प्रकाशन गरेको यस कृतिको विमोचन लघुकथा समाज नेपालका केन्द्रीय अध्यक्ष तथा प्रमुख अतिथि श्रीओम श्रेष्ठ रोदन, वरिष्ठ ...	https://l.hamropatro.com/r/https://ratopati.com/story/223858/2022/3/1/umanga-	literature	L
लेखनाथ पोखरेलको हाँस्य-निबन्ध ‘चिबे नकटो’ बजारमा	काठमाडौं । स्रष्टा लेखनाथ पोखरेलको हाँस्य-निबन्ध ‘चिबे नकटो’ पाठकमाझ आएको छ । केही समयअघि नियात्रासंग्रह ‘फकलीको गाउँ’ र कथासंग्रह ‘मार्बल हाउसकी शालिनी’ पाठकमाझ ल्याउनुभएका पोखरेलको तेस्रो कृति ‘च...	https://l.hamropatro.com/r/https://www.nepalpress.com/2022/02/28/161053/	literature	L
भीष्मराज फुलाराको उपन्यास ‘वासुदेव’ सार्वजनिक	१६ फागुन, काठमाडौं । कानुन व्यवसायी वासुदेव फुलाराको संघर्ष कथामा आधारित उपन्यास ‘वासुदेव’ सार्वजनिक गरिएको छ । उपन्यासलाई साहित्यकार भीष्मराज फुलाराले लेखेका हुन् । उनी वासुदेवका भाइसमेत हुन् । अ...	https://l.hamropatro.com/r/https://www.onlinekhabar.com/2022/02/1086521	literature	L
तीन साहित्यिक स्रष्टालाई वडाको सम्मान	काठमाडौं । काठमाडौं महानगरपालिका, वडा नं. ४ ले सोही वडामा बसोबास गर्ने नेपाली भाषा, साहित्य, संस्कृतिमा योगदान दिने तीन स्रष्टालाई सम्मान गरेको छ । वडाले कवि बैरागी काँइला, आख्यानकार डा. ध्रुवचन्द्...	https://l.hamropatro.com/r/https://baahrakhari.com/news-details/342777	literature	L
निबन्ध संग्रह ‘आकाशमुखी’ सार्वजनिक	काठमाडौँ — विश्वका चर्चित निबन्धहरूको नेपालीमा अनुवादित संग्रह ‘आकाशमुखी’ सार्वजनिक भएको छ । पत्रकार तथा लेखक मोहन मैनालीले अनुवाद गरेको कृतिमा १५ वटा निबन्ध संग्रहित छन् । बुकर टी. वासिङ्टन, जर्ज ...	https://l.hamropatro.com/r/https://ekantipur.com/news/2022/02/27/164592713956615828.html	literature	L
कविता सङ्ग्रह  ‘समयको कठघरा’ लोकार्पण	कविता सङ्ग्रह ‘समयको कठघरा’ सार्वजनिक गरिएको छ । कवि जुनु खड्काद्वारा लिखित कविता सङ्ग्रहको शनिबार लोकार्पण गरिएको हो । शुक्लागण्डकी नगरपालिका–१० ढोरमुलकोट दरबारको फेदीमा आयोजित कार्यक्रममा कवि भूप...	https://l.hamropatro.com/r/https://ratopati.com/story/223273/2022/2/26/poem	literature	L
पाभेल : प्रिय र अविस्मरणीय पात्र	रूसी साहित्यमा, विशेष गरी रूसी आख्यानमा अधिक प्रयोग हुने पात्रहरूका नाममध्ये एउटा हो- पाभेल। रूसका केही ठूला साहित्यकारहरूले ‘पाभेल’ नामको पात्रलाई आफ्ना रचनाको प्रमुख पात्र बनाएको पाइन्छ। कतिपयले ...	https://l.hamropatro.com/r/https://www.nepalviews.com/2022/02/26/43175/	literature	L
रूस र युक्रेनबाट अर्बौंको आयात	काठमाडौं : नेपाली भान्साको पहिचान नै हो– तोरीको तेल र धनियाँ। हामी यी सामान आफ्नै बारीको उत्पादन हो भनेर गर्व गर्छौं। तर, वास्तविकता फरक छ। नेपालमा जति खपत हुन्छ त्यसको धेरै हिस्सा रूस र युक्रेनबाट...	https://l.hamropatro.com/r/https://annapurnapost.com/news/198384	health	L
साना कुरा : ठूला प्रभाव	पेशल आचार्य प्राचीन कालमा मानिसहरू सूर्यले पृथ्वीलाई परिक्रमा गर्दछ भन्थे साथै पृथ्वी चेप्टोसमेत भन्थे । यो भनाइलाई युनानी पाइथो गोरसले चुनौती दिँदै भने– ‘सूर्यले पृथ्वीलाई होइन बरू पृथ्वीले सूर्य...	https://l.hamropatro.com/r/https://www.newsofnepal.com/2022/03/14/481125/	health	L
बिहान किन मुखबाट दुर्गन्ध आउँछ ?	कहिल्यै सोच्नुभएको छ कि बिहान उठ्दा तपाईंको मुख किन दुर्गन्ध आउँछ ? उठेपछि मुखबाट हल्का गन्ध आउनु सामान्य कुरा हो तर कडा गन्ध आयो भने धेरै रोगको संकेत हुन सक्छ । कतिपयको मुखमा स्थायी गन्ध आउँछ । य...	https://l.hamropatro.com/r/https://www.merolifestyle.com/archives/32714	health	L
युक्रेन र रुसबाट धनियाँदेखि तेलसम्म	नेपाली भान्साको पहिचान नै हो- तोरीको तेल र धनियाँ । हामी यी सामान आफ्नै बारीको उत्पादन हो भनेर गर्व गछौँ। तर, वास्तविकता फरक छ। नेपालमा जति खपत हुन्छ त्यसको धेरै हिस्सा रूस र युक्रेनबाट भित्रिने गर...	https://l.hamropatro.com/r/https://ratopati.com/story/226310/2022/3/14/ukraine-russia-	health	L
कोरोना महामारीप्रति अझै सचेतनाको खाँचो	काठमाडौं । नेपाललगायतका मुलुकमा कोरोना संक्रमण न्यून हुँदै गएको अवस्थामा चीनमा भने केही दिनदेखि कोरोना संक्रमितको संख्या बढेको छ । चीनले संक्रमित क्षेत्रका विद्यालय बन्द गर्नुका साथै संक्रमण भएर न...	https://l.hamropatro.com/r/https://www.newsofnepal.com/2022/03/14/481113/	health	L
स्मरणशक्ति बढाउने यी ८ उपाय	काठमाडौं, — आजकलको व्यस्त जीवनशैलीमा दिमागलाई अत्यधिक भार पर्छ । यसैले गर्दा धेरै मानिसको दिमाग कमजोर हुन थाल्छ । दिमाग कमजोर भएपछि स्मरणशक्ति पनि गुम्ने नै भयो ।  तपाईंमा यो समस्या छ भने यहाँ बता...	https://l.hamropatro.com/r/https://lokaantar.com/story/41900/2022/3/13/lifestyle/health-tips-	health	L
पर्सामा सञ्चालित कुखुरा फर्ममा भेटियो बर्डफ्लू	हरिशंकर शर्मा, वीरगन्ज (पर्सा) । पर्सामा सञ्चालित कुखुरा फर्ममहरुमा बर्डफ्लू संक्रमण फेला परेको छ । वीरगञ्ज महानगरपालिका–१५ भेडियाहीस्थित रत्नेश सिंहले सञ्चालन गरेका कुखुरा फर्ममा पालिएका कुखुराहर...	https://l.hamropatro.com/r/https://www.news24nepal.tv/2022/03/13/863332	health	L
फ्रान्समा बढ्दै कोरोना संक्रमित	काठमाडौँ — फ्रान्स सरकारले कोरोना संक्रमण नियन्त्रणका लागि लगाएको प्रतिबन्धहरू सोमबारबाट हटाउने तयारी गरिरहेकै बेला संक्रमितको संख्या बढ्न थालेको छ । फ्रान्समा केहि हप्तायता कोरोनाका संक्रमितको संख...	https://l.hamropatro.com/r/https://ekantipur.com/world/2022/03/13/1647178593185960.html	health	L
यसो गरे बेडरुम मात्र हैन घरै सुन्दर देखिन्छ	हामीले हाम्रो सुत्ने कोठामा सबैभन्दा बढी आराम पाउँछौँ र कोठाको सजावट पनि आफँैले गर्ने हो भने अझ राम्रो महसुस हुन्छ । तर, कम बजेटमा पनि आफ्नो बेडरुमको लुक्स यसरी परिवर्तन गर्न सक्नुहुन्छ । सम्झनाका...	https://l.hamropatro.com/r/https://www.merolifestyle.com/archives/32681	health	L
फेरि आक्रमण नहोला भनेर कसरी विश्वास गर्ने ?	ममाथि निर्घात कुटपिट भएको एक वर्षपछि अहिले त्रिभुवन विश्वविद्यालयमा पढाउन जान थालेको छु । पढाउन जानु हुँदैनथ्यो कि भन्ने पनि लागिरहन्छ, मनमा एककिसिमको डर भइरहन्छ । मैले १५ वर्षदेखि गरिरहेको काम यह...	https://l.hamropatro.com/r/https://www.onlinekhabar.com/2022/03/1093105	health	L
यसरी गर्नुहोस् विन्डोज कम्प्युटरको जंक फाइल क्लिन	डिजिटल डिभाइसको पनि राम्ररी हेरचाह गर्नु एकदमै महत्वपूर्ण हुने गर्दछ । हेरचाह गर्ने क्रममा जंक फाइल सफा गर्नु पनि एकदमै महत्वपूर्ण हुने गर्दछ । आज हामी कमाण्ड प्रम्प्टको प्रयोग  गरेर विन्डो पिसीको...	https://l.hamropatro.com/r/https://ictsamachar.com/news-details/10522/2022-03-13	health	L
थप ६५ जनामा काेराेना संक्रमण	नेपालमा पछिल्लो २४ घन्टामा थप ६५ जनामा काेराेना संक्रमणकाे पुष्टि भएकाे छ। देशभरका विभिन्न प्रयाेगशालामा ७ हजार ९४७ जनाकाे नमुना परीक्षण गर्दा ६५ जनामा संक्रमण पुष्टि भएकाे हाे ।  पछिल्लाे २४ घन्...	https://l.hamropatro.com/r/https://farakdhar.com/story/78125	health	L
डीएभीद्वारा शिक्षा क्षेत्रमा समर्पित महिला सम्मानित	डीएभी सुशील केडिया विश्व भारती विद्यालय तथा कलेजले काठमाडौं उपत्यका लगायत प्रदेश तहका शिक्षा क्षेत्रमा समर्पित महिलालाई सम्मान गरेको छ । ११२औं विश्व महिला दिवस अवसरमा २१६ मनोनित महिलामध्येबाट शिक्ष...	https://l.hamropatro.com/r/https://ratopati.com/story/226263/2022/3/13/dav-college-	health	L
थप ६५ जनामा काेराेना सङ्क्रमण, १ सय ९२ जना निकाे	काठमाण्डाै – गएको २४ घण्टामा नेपालमा ६५ जनामा कोरोना  भाइरसको सङ्क्रमण पुष्टि भएको छ । पीसीआर र एन्टिजेन गरी  सात हजार नौ सय ४७ जनाको नमुना परीक्षण गर्दा ६५ जनामा  सङ्क्रमण पुष्टि भएको स्वास्थ्य तथ...	https://l.hamropatro.com/r/https://ujyaaloonline.com/story/66416/2022/3/13/Other-65-covid-cases-in-Nepal	health	L
कोरोना अपडेट : ६५ जना संक्रमित थपिए, कति संक्रमणमुक्त भए ?	काठमाडौं । नेपालमा पछिल्लो २४ घण्टामा थप ६५ जनामा कोरोना संक्रमण पुष्टि भएको छ । देशभर गरिएको ७ हजार ९४७ परीक्षणमा ६५ जनामा संक्रमण पुष्टि भएको स्वास्थ्य तथा जनसंख्या मन्त्रालयले जनाएको छ । त्यस्त...	https://l.hamropatro.com/r/https://www.lokpath.com/story/508699	health	L
कोरोना संक्रमणदर घट्दो, संक्रमित मृत्यु पनि शून्य	केही सातायता नेपालमा कोरोना संक्रमणदर घटिरहेको छ । पछिल्लो २४ घण्टामा देशभर ६५ जना कोरोना संक्रमित फेला परेका छन् । स्वास्थ्य तथा जनसंख्या मन्त्रालयका अनुसार छ हजार तीन सय छ पीसीआर परीक्षणमा ५९ जना...	https://l.hamropatro.com/r/https://www.janaaastha.com/archives/82954	health	L
अक्सफोर्ड विश्वविद्यालयले गरेको अनुसन्धानमा मानिसबारे यस्तो अनौठो तथ्य	सामान्यतया, एउटा परिवारमा ५, १० वा २० मानिस रहेका हुन्छन्, तर वैज्ञानिकहरूको एक टोलीले मानिसहरूको पारिवारिक रूखबाट संसारलाई चकित पारेको छ । टोलीले २ करोड ७० लाख मानिसहरूको एउटै परिवारमा रहेको दाबी ...	https://l.hamropatro.com/r/https://www.merolifestyle.com/archives/32660	health	L
थप २२४ जनामा कोरोना संक्रमण पुष्टि, २५१ जना निको भए	पछिल्लो २४ घन्टामा थप ६५ जनामा कोरोना संक्रमण पुष्टि भएको छ। सात हजार नाै सय ४७ जनामा नमुना परीक्षण गरिएकोमा ६५ जनामा संक्रमण पुष्टि भएको हो। स्वास्थ्य तथा जनसंख्या मन्त्रालयका अनुसार ६ हजार तीन सय...	https://l.hamropatro.com/r/https://nayapatrikadaily.com/feed-detail.php?nid=82419	health	L
७ हजार ९४७ परीक्षणमा ६५ जना संक्रमित	काठमाडौँ — नेपालमा २४ घण्टामा ७ हजार ९४७ परीक्षण हुँदा ६५ जनामा कोरोना संक्रमण देखिएको छ । स्वास्थ्य तथा जनसंख्या मन्त्रालयले आइतबार दिएको जानकारीअनुसार देशभर ६ हजार ३०६ पीसीआर परीक्षणमा ५९ र १ हजा...	https://l.hamropatro.com/r/https://ekantipur.com/health/2022/03/13/164716986982331262.html	health	L
देशभर थपिए ६५ कोरोना संक्रमित, मृत्यु हुनेको संख्या शून्य	देशभर थप ६५ जनामा कोरोना भाइरसको संक्रमण पुष्टि भएको छ।  स्वास्थ्य तथा जनसंख्या मन्त्रालयकी प्रवक्ता संगिता मिश्राका अनुसार आइतबार थप ६५ जनामा संक्रमण पुष्टि भएको हो।  ७ हजार ९४७ जनाको कोरोना परी...	https://l.hamropatro.com/r/https://www.setopati.com/social/264553	health	L
थप ६५ जनामा कोरोना संक्रमण, १९२ जना निको	२९ फागुन, काठमाडौं । पछिल्लो २४ घण्टामा थप ६५ जनामा कोरोना भाइरस संक्रमण पुष्टि भएको छ । स्वास्थ्य तथा जनसंख्या मन्त्रालयका अनुसार ६ हजार ३०६ पीसीआर परीक्षणमा ५९ जना र एक हजार ६४१ एन्टीजेन परीक्षण...	https://l.hamropatro.com/r/https://www.onlinekhabar.com/2022/03/1093046	health	L
अमेरिकामा कोरोनाको खोप लगाएका ५ देखि १५ बर्षका बालबालिकामा जोखिम कम	काठमाडौं ।  खोपको प्रभावकारितालाई संयुक्त राज्य अमेरिकाको सेन्टर फर डिजीज कन्ट्रोलले गरेको एक अनुसन्धानले कोभिडविरुद्धको फाइजर खोपले बालबालिकामा ओमिक्रोन संक्रमणको जोखिम कम गराएको उल्लेख गरिएको छ ...	https://l.hamropatro.com/r/https://www.newsofnepal.com/2022/03/13/481008/	health	L
अरु प्रयोगकर्ताबाट फेसबुकको प्रोफाइल जोगाउन चाहनुहुन्छ ? यसो गर्नुहोस्	काठमाडौं– अहिलेको जमानामा फेसबुक मानव जीवनको अभिन्न अङ्ग बनिसकेको छ । फेसबुक नचलाउने वा फेसबुक प्रोफाइल नभएका मानिस आजकल भेट्न मुस्किल छ ।	https://l.hamropatro.com/r/https://www.khabarhub.com/2022/13/361013/	health	L
कोरोना महामारी प्रति अझै सचेतनाको खाँचो	न्युज अफ नेपाल, काठमाडौं । नेपाल लगायतका मुलुकहरुमा कोरोना संक्रमण न्यून हुँदै गएको अवस्थामा चीनमा भने केही दिन देखि कोरोना संक्रमितको संख्या बढेका कारण संक्रमित क्षेत्रका विद्यालयहरु बन्द गर्नुका...	https://l.hamropatro.com/r/https://www.newsofnepal.com/2022/03/13/480991/	health	L
नागरिकलाई सुशासनको प्रत्याभूति दिँदै रंगेली	पालिका रिभ्यू : रंगेली नगरपालिका नागरिकलाई प्रभावकारी सेवा प्रवाहको पहुँचमा पुर्‍याउन सके मात्र सही अर्थमा स्थानीय तहको औचित्य पुष्टि हुन्छ । सेवा प्रवाहलाई परिणाममुखी र प्रभावकारी बनाउन स्थानीय त...	https://l.hamropatro.com/r/https://palikakhabar.com/single-news/14049	health	L
ह्वील चेयरमा काठमाडौंदेखि गोरखासम्म	२९ फागुन, गोरखा । बारपाक सुलीकोट गाउँपालिका-८ जराङका दिवश परियार थाहा पाउँदादेखि नै अपाङ्ग छन् । मेरुदण्डको समस्याका कारण उनका दुवै खुट्टा चल्दैनन् । उनी ह्वील चेयरको सहारामा हिँडडुल गर्न थालेको ध...	https://l.hamropatro.com/r/https://www.onlinekhabar.com/2022/03/1092968	health	L
आईएसएमटी कलेज चितवनमा बेलायतको युनिभर्सिटी अफ सन्डरल्यान्डका शैक्षिक कार्यक्रम	काठमाडौं । विगत १० वर्षदेखि बेलायतका शैक्षिक कार्यक्रमहरू सञ्चालन गर्दै आएको आईएसएमटी कलेजले बेलायतको युनिभर्सिटी अफ सन्डरल्यान्डका शैक्षिक कार्यक्रमहरू आईएसएमटी कलेज चितवनमा पनि सञ्चालन गरिएको छ ।...	https://l.hamropatro.com/r/https://www.onlinekhabar.com/2022/03/1092960	health	L
बेलायतको सन्डरल्यान्ड युनिभर्सिटीका शैक्षिक कार्यक्रमहरू अब चितवनको आईएसएमटी कलेजमा	विगत १० वर्षदेखि बेलायतका विभिन्न शैक्षिक कार्यक्रमहरू सञ्चालन गर्दै आएको आईएसएमटी कलेज चितवनले बेलायतको युनिभर्सिटी अफ सन्डरल्यान्डका शैक्षिक कार्यक्रमहरू पनि सञ्चालन गरेको छ । शैक्षिक कार्यक्रम ...	https://l.hamropatro.com/r/https://shilapatra.com/detail/79578	health	L
निःशुल्क स्वास्थ्य शिविरबाट २ सय जना लाभान्वित	नवलपरासी। राधा क्यान्सर सचेतना फाउण्डेशनको आयोजनामा निःशुल्क स्वास्थ्य शिविरबाट २ सय जना लाभान्वित भएका छन्। हुप्सेकोट ४ शंखदेवको शिक्षा बोधनि माविमा शनिबार भएको एक दिवशीय निःशुल्क स्वास्थ्य शिविरम...	https://l.hamropatro.com/r/https://www.nepalviews.com/2022/03/13/47155/	health	L
रुपवती शहर, आरुका फूलले ढकमक्क	२९ फागुन, काठमाडौं । कठ्यांग्रिदो चिसो छैन । ठिही र तुसारो हटिसके । बोट–बिरुवाले पाउलो फेर्दैछ । प्रकृतिमा हरियाली छाउँदैछ । मौसम मोहक र मादक बन्दैछ । प्रकृतिको यो खुला क्यानभासलाई सप्तरंगी फूलहरुल...	https://l.hamropatro.com/r/https://www.onlinekhabar.com/2022/03/1092826	health	L
त्शो रोल्पा र इम्जा त्सो हिमताल जुनसुकै बेला विस्फोट हुन सक्ने	काठमाडौँ – नेपालका दुई प्रसिद्ध हिमताल त्शो रोल्पा र इम्जा जुनसुकै बेला फुट्न सक्ने विज्ञले बताएका छन् ।	https://l.hamropatro.com/r/https://www.khabarhub.com/2022/13/360901/	health	L
मृत्युको खतरा कम गर्न हिँडडुल जरुरी	पैदल हिँड्नुको फाइदा तपाईंलाई थाहा नै होला । यो एक यस किसिमको व्यायाम हो, जुन कुनै पनि मानिस सजिलै गर्न सक्छ । आजको व्यस्त जीवनशैलीको कारण विशेषज्ञ यताउती घुम्ने विषयमा बढी जोड दिन्छन् । यसबाट हाम्...	https://l.hamropatro.com/r/https://ratopati.com/story/226178/2022/3/13/walking-step	health	L
यी हुन् ‘घरबाट काम’ गर्नुका फाइदा र हानी	एजेन्सी, २९ फागुन । कोभिड–१९ महामारीले हाम्रो सबै जीवनलाई हरेक अर्थमा परिवर्तन गरेको छ। चाहे त्यो स्वास्थ्य होस्, पैसा होस्, व्यक्तिगत जीवन होस् वा व्यावसायिक । महामारीले ठूलो परिवर्तन गरेको एउटा क...	https://l.hamropatro.com/r/https://www.reportersnepal.com/2022/03/659734	health	L
महिला तथा बालबालिका सेवा केन्द्रमा पीडितहरूको पहुँच	हरेक मानिसका मानवीय मूल्य र मर्यादा समान हुन्छन् । बालबालिका, महिला, युवा अथवा वृद्ध सबैलाई सहअस्तित्वको भावले व्यवहार गर्नुपर्छ । मानव अधिकारको विश्वव्यापी मापदण्डहरू आए पनि परम्परागत मूल्य, मान्य...	https://l.hamropatro.com/r/https://ratopati.com/story/226173/2022/3/13/rikesh-niraula-	health	L
आफ्नो ट्वीटर अकाउन्ट भेरिफाई गर्न चाहनुहुन्छ ? यस्तो छ तरिका	काठमाडौं । यदि तपाईं ट्वीटर प्रयोगकर्ता हुनुहुन्छ र ब्लू टिक भेरिफिकेसनका लागि आवश्यक योग्यता पुरा गर्नु भएको छ भने यसका लागि आवेदन दिन सक्नुहुन्छ । ट्वीटरमा तपाईंको वास्तविक नाम वा त्यस समानको ना...	https://l.hamropatro.com/r/https://www.techpana.com/2022/121350/	technology	L
आगोमा नपोली इट्टा बनाउने प्रविधि नेपाली बजारमा, यसरी गर्छ काम	काठमाडौं । आगोमा नपोली इट्टा बनाउने ‘गुड ब्रिक्स सिस्टम’ नेपालमा भित्रिएको छ । वातावरणमैत्री निर्माण सामग्री बनाउँदै आएको कोरियाली कम्पनी इन्नोसिएसआरले यो प्रविधि नेपालमा पनि भित्र्याएको हो । याे ...	https://l.hamropatro.com/r/https://www.techpana.com/2022/121327/	technology	L
विपद् व्यवस्थापनमा उत्कृष्ट आइडिया दिने १० जनालाई तालिम र लगानीको अवसर	काठमाडौं । यूएसएड नेपाल र टायर नेपालको संयुक्त आयोजनामा प्राइभेट सेक्टर इनोभेसन च्यालेन्ज (पीएसआईसी) हुने भएको छ । विपद् व्यवस्थापमा दिगो समाधान दिनसक्ने इनाेभेटिभ बिजनेश/आइडियालाई सहयोग गर्ने भन्...	https://l.hamropatro.com/r/https://www.techpana.com/2022/121325/	technology	L
स्थानीय तहमा मातृभाषा : कतै उत्साह, कतै सकस	२९ फागुन, काठमाडौ । काठमाडौं महानगरपालिकाभित्रका विद्यालयहरूमा शैक्षिक सत्र २०७७ बाट नेपाल भाषाको पाठ्यक्रम लागू भएको छ । रैथाने भाषा जोगाउन महानगरले सबै विद्यालयमा मातृभाषाको रुपमा नेपाल (नेवारी)...	https://l.hamropatro.com/r/https://www.onlinekhabar.com/2022/03/1093160	technology	L
भिभोले उपभोक्तामैत्री प्राविधिक प्रवृत्तिको विकास कसरी गर्दैछ ? 	भनिन्छ जिज्ञासा सबै आविष्कारको जननी हो । आज, विश्वमा प्रविधि भन्दा आकर्षक अरु केहि छैन । यसलाई अझ सहज र पहुँचयोग्य बनाउने हाम्रो अन्तिम लक्ष्य हो ।  त्यसलाई मध्यनजर गर्दै, हालै, भिभोले आफ्नो वार्ष...	https://l.hamropatro.com/r/https://arthadabali.com/2022/03/13/22209	technology	L
१५ लाखको लगानी, ५० करोडको व्यापार	काठमाडौं । कोलिन पावेलले एकपटक भनेका थिए, ‘सफलताकाे पछि कुनै पनि राज छैन । यो त केवल कडा परिश्रम, तयारी र असफलताको सिकाइबाट सम्भव भएको हो ।’ यही महान् वाणी वसन्त घर्तीको जीवनमा निकै मेल खान्छ । प्...	https://l.hamropatro.com/r/https://www.techpana.com/2022/121321/	technology	L
गुगल म्यापले ठेगाना गलत देखाइरहेको छ ? यसरी सच्याउनुहोस् 	काठमाडौं । गुगल म्याप्स विश्वभर सबैभन्दा लोकप्रिय म्याप तथा नेभिगेसन एपमध्ये एक हो । दैनिक दशौँ लाख प्रयोगकर्ताले यसको प्रयोग गरिरहेका हुन्छन् । पछिल्लो समय अनलाइन बजार तथा ई-कमर्सको प्रचलन पनि बढ्...	https://l.hamropatro.com/r/https://www.techpana.com/2022/121319/	technology	L
के तपाईँलाई थाहा छ, किन काटिएको हुन्छ सिमकार्डको एउटा कुना ? 	काठमाडौं । तपाईँ हामीले मोबाइलमा राख्ने सिम (SIM) कार्डको पूरा नाम हो, सब्सक्राइबर आइडेन्टिफिकेसन मोड्युल । यो एउटा त्यस्तो इन्टिग्रेटेड सर्किट हो, जसले कार्ड अपरेटिङ सिस्टम (सीओएस) सञ्चालन गर्दछ ।...	https://l.hamropatro.com/r/https://www.techpana.com/2022/121314/	technology	L
ह्वावेका दुई ल्यापटप नेपाली बजारमा, यस्तो छ मूल्य र फिचर	काठमाडौं । नेपाली बजारमा ह्वावेका दुई नयाँ ल्यापटप सार्वजनिक भएको छ । ह्वावेको नेपालस्थित आधिकारिक बिक्रेता कल मोबिलिटीले ‘ह्वावे मेटबुक डी१५’ र ‘ह्वावे मेटबुक १४’ बजारमा ल्याएको हो । एक वर्षकाे व...	https://l.hamropatro.com/r/https://www.techpana.com/2022/121295/	technology	L
नयाँ वेब ब्राउजर एक्सटेन्सन सार्वजनिक गरेर वेब च्याटलाई अझै सुरक्षित बनाउँदै ह्वाट्सएप	ह्वाट्सएपको प्यारेन्ट कम्पनी मेटाले कोड भेरिफाई नामक वेब ब्राउजर एक्सटेन्सन सार्वजनिक गरेको छ । ह्वाट्सएपको नयाँ वेब ब्राउजर एक्सटेन्सनले वेब च्याटलाई अझै सुरक्षित बनाउँछ । यसले ह्याकरहरुलाई डेटा ...	https://l.hamropatro.com/r/https://ictsamachar.com/news-details/10519/2022-03-13	technology	L
ह्याक हुनबाट जोगिन पालना गर्नैपर्ने पासवर्ड सम्बन्धी १० नियम	काठमाडौं । हामी दिनहुँ जसो इन्टरनेट प्रयोग गरिरहेका हुन्छौँ । फेसबुक, इन्स्टाग्राम लगायत विभिन्न सामाजिक सञ्जालदेखि बैङ्क खाता, विभिन्न स्ट्रिमिङ सेवाहरू र अन्य एपहरूमा लग-इन गर्दा पासवर्ड राख्ने ग...	https://l.hamropatro.com/r/https://www.techpana.com/2022/121293/	technology	L
‘बिजबजार अनलाइन सपिङ एप’ गुगलप्ले स्टोरमा	काठमाडौँ – नेपालका साना तथा मझौला उद्यमहरूलाई बढावा दिँदै नेपाली ट्रेडलाई डिजिटाइज बनाउने लक्ष्यसहित सञ्चालनमा रहेको बिजबजार ईकमर्स प्लेटफर्मको एप गुगलप्ले स्टोरबाट डाउनलोड गर्न सकिने भएको छ। अनला...	https://l.hamropatro.com/r/https://deshsanchar.com/2022/03/13/623667/	technology	L
मानविकी संकायका डिनलाई खुलापत्र: शिक्षामा भाषाको अवरोध हटाइयोस्	आदरणीय डिनज्यू, मानविकी तथा सामाजिक शास्त्र संकाय, त्रिभुवन विश्वविद्यालय। सुरुमै हामी तपाईंसँग माफी माग्छौं, किनभने हामीले आफ्नो परिचय यहाँ खुलाउन सकेनौं। आफ्नो शैक्षिक भविष्यको चिन्ता भएरै हाम...	https://l.hamropatro.com/r/https://www.setopati.com/readers-opinion/264529	technology	L
चिपसेट अभाव र रुस-युक्रेन युद्धले बढ्यो इन्टरनेट उपकरणको मूल्य, दबाबमा सेवा प्रदायक 	काठमाडौं । चिपसेट अभाव र पछिल्लो समय जारी रुस-युक्रेन युद्धको प्रभाव नेपालको इन्टरनेट बजारमा समेत परेको छ । चर्को मूल्य वृद्धि र समयमै सामान आपूर्ति नहुँदा इन्टरनेट सेवा प्रदायक दबाबमा परेका हुन् ।...	https://l.hamropatro.com/r/https://www.techpana.com/2022/121286/	technology	L
बजारमा नक्कली रिचार्ज कार्ड, सतर्क रहन टेलिकमको आग्रह	काठमाडौं । नेपाल टेलिकमले बजारमा नक्कली रिचार्ज कार्ड बिक्री भइरहेको पाइरहेकाले सचेत रहन आग्रह गरेको छ । पछिल्लो समय विभिन्न नामबाट नेपाल टेलिकमका सेवासमेत रिचार्ज हुने भनी अनधिकृत रिचार्ज कार्ड ब...	https://l.hamropatro.com/r/https://www.techpana.com/2022/121276/	technology	L
रिचार्ड कार्ड किन्दा सचेत हुन टेलिकमको आग्रह	काठमाडौं- नेपाल टेलिकमका सेवाहरू समेत रिचार्ज हुने भन्दै बजारमा विभिन्न नामबाट अनधिकृत रिचार्ज कार्डहरू बिक्री भइरहेको भन्दै सचेत रहन नेपाल टेलिकमले आग्रह गरेको छ। टेलिकमले सूचना जारी गर्दै भनेको ...	https://l.hamropatro.com/r/https://nepalsamaya.com/market/2022-03-13-064231	technology	L
अनधिकृत रिचार्ज कार्डहरू बिक्री भइरहेकाले सचेत रहन टेलिकमले आग्रह	बजारमा विभिन्न नामबाट नेपाल टेलिकमका सेवाहरू समेत रिचार्ज हुने भनी अनधिकृत रिचार्ज कार्डहरू समेत बिक्री भइरहेकाले सचेत रहन नेपाल टेलिकमले आग्रह गरेको छ । टेलिकमले एक सूचना जारी गर्दै यसबारे जानकारी...	https://l.hamropatro.com/r/https://ratopati.com/story/226113/2022/3/13/nepal-telecom-	technology	L
मोबाइलबाटै उत्कृष्ट फोटो खिच्न चाहनुहुन्छ ? थाहा पाउनुहोस् यी ८ क्यामेरा मोड	काठमाडौं । अहिलेको समयमा सबैको हात हातमा स्मार्टफोन पुगेको छ । जतिखेर जहाँ जाँदा पनि स्मार्टफोन साथमै हुनेभएपछि फोटो पनि यसैबाट खिच्ने कुरा भई नै हाल्छ । राम्रो फोटोको लागि तपाईंसँग प्रोफेसनल क्या...	https://l.hamropatro.com/r/https://www.techpana.com/2022/121265/	technology	L
नयाँ फोनमा पुराना डेटा सार्ने स्मार्ट तरिका	काठमाडौं । सामसङको नयाँ ग्यालेक्सी फोन किन्नुभयो । फोन नयाँ किने पनि कतिपय महत्वपूर्ण डेटा पुरानो मोबाइलमा हुन्छ । जस्तै एप्स, कन्ट्याक्ट, म्यासेज, फोटो, म्युजिक, भिडिओ । यस्ता डेटा हामीलाई जुनसुकै...	https://l.hamropatro.com/r/https://www.techpana.com/2022/121257/	technology	L
कागजरहित स्वास्थ्य सेवा: एक नमुना बयालपाटा अस्पताल  	अछाम- सुचना प्रविधीको तीव्र विकाससँगै हरेक क्षेत्रमा प्रविधिको प्रयोग बढ्न थालेको छ। नेपालमा पनि पछिल्लो समय सूचना प्रविधिको विकास तीव्ररुपमा भइरहेको छ। कार्यालय वा व्यक्तिगत रुपमा हुने हरेक काममा ...	https://l.hamropatro.com/r/https://swasthyakhabar.com/story/45092	technology	L
रुस-युक्रेन युद्धले चिप अभाव थप जटिल बन्दै 	काठमाडौं । युक्रेनमा रूसको आक्रमणले पहिले नै तनावपूर्ण विश्वव्यापी कम्प्युटर चिप आपूर्तिमा थप जटिलता थपिएको छ । रुसी सैन्य आक्रमणले युक्रेनका दुई प्रमुख नियोन आपूर्तिकर्ताले आफ्नो काम रोक्न बाध्य भ...	https://l.hamropatro.com/r/https://www.techpana.com/2022/121255/	technology	L
सामसङले खोल्यो महिला कर्मचारीमात्र भएको पहिलो मोबाइल स्टोर	काठमाडौं । सामसङले भारतमा आफ्नो पहिलो मोबाइल स्टोर खोलेको छ, जहाँ महिला कर्मचारीहरू मात्र हुनेछन् । यो वर्षको अन्तर्राष्ट्रिय महिला दिवसको अवसर पार्दै सामसङ इण्डियाले लैंगिक विभेदविरुद्ध यो कदम चाल...	https://l.hamropatro.com/r/https://www.techpana.com/2022/121250/	technology	L
साना उद्यमी र किसानलाई डिजिटल ऋणमा सहजीकरण गर्ने स्टार्टअप	काठमाडौं । २१औं शताब्दीको यो समयसम्म आइपुग्दा प्रविधि हाम्रो अभिन्न अंग बनिसकेको छ । हरेक पाइला पाइलामा हामी प्रविधिमा निर्भर भइसक्यौं । जान्ने बुझ्नेहरूका लागि प्रविधिले दैनिकी जति सरल बनाइदिएको छ...	https://l.hamropatro.com/r/https://www.techpana.com/2022/121234/	technology	L
यसरी सुरक्षित रुपमा प्रयोग गर्नुहोस् सार्वजनिक वाइ–फाइ	नविन प्रविधिले हाम्रो दैनिक जीवनमा आधुनिक र सहज बानएको छ तर सँगसँगै थ्रेट पनि बढीरहेका छन् । स्मार्टफोन, ट्याब्लेट, तथा एड्भान्स्ट कम्प्युटरहरुको प्रयोग अहिले अपरिहार्य बनिसकेको छ । यस्ता डिभाइसहर...	https://l.hamropatro.com/r/https://ictsamachar.com/news-details/10514/2022-03-12	technology	L
विश्वभर रूसी मिडियाका युट्युव च्यानलमाथि प्रतिबन्ध	काठमाडौं । युट्युवले रूस सरकारको स्वामित्वमा रहेका मिडियासँग सम्बद्ध युट्युव च्यानलमाथि विश्वव्यापी रुपमा प्रतिबन्ध लगाएको छ । एक विज्ञप्ति जारी गर्दै युट्युवले कुनै पनि हिंसात्मक घटनालाई अस्वीकार...	https://l.hamropatro.com/r/https://www.techpana.com/2022/121232/	technology	L
फेसबुक ग्रुपमा अब गलत सूचना पोस्ट भए स्वतः हट्ने	काठमाडौं । फेसबुक ग्रुपमा भ्रामक तथा गलत सूचनाको प्रवाहलाई रोक्न मेटाले नयाँ फिचर सार्वजनिक गरेको छ । यो फिचर विशेषगरी ग्रुप एडमिन (ग्रुप व्यवस्थापन गर्ने व्यक्ति) का लागि बनाइएको हो । यो फिचरको स...	https://l.hamropatro.com/r/https://www.techpana.com/2022/121230/	technology	L
कोभिड १९ उच्च सङ्क्रमित नौ देशको सुची	एजेन्सी । जोन्स हप्किन्स युनिभर्सिटीको सेन्टर फर सिस्टम्स साइन्स एण्ड इन्जिनियरिङले  माार्च १२ मा प्रकाशित कोभिड १९ बाट सबैभन्दा बढी प्रभावित नौ देशहरूको सुची निम्न प्रकार रहेका छ ।  देश          ...	https://l.hamropatro.com/r/https://www.nepalipatra.com/news/corona-list/90630	technology	L
सबै मतदान केन्द्रमा निःशुल्क वाई-फाई व्यवस्था गर्न माग	रसुवा । नेपाली काँग्रेसका केन्द्रीय सदस्य एवं प्रतिनिधि सभाका सदस्य मोहन आर्चायले आसन्न स्थानीय निर्वाचनका लागि सबै मतदात स्थलमा निःशुल्क वाई-फाईको व्यवस्था गर्न माग गरेका छन् । रसुवाको उत्तरगया ग...	https://l.hamropatro.com/r/https://www.techpana.com/2022/121220/	technology	L
कोभिड - १९ उच्च सङ्क्रमित भएका ९ देशहरू कुन कुन हुन् ? हेर्नुस् सूचीसहित 	बेइजिङ / जोन्स हप्किन्स युनिभर्सिटीको सेन्टर फर सिस्टम्स साइन्स एण्ड इन्जिनियरिङका अनुसार हाल ४५ करोड ५२ लाख ३१ हजार ३५२ जना कोरोना भाइरसका संक्रमित रहेका छन् ।  युनिभर्सिटीले  मार्च १२ मा प्रकाशि...	https://l.hamropatro.com/r/https://arthadabali.com/2022/03/12/22138	technology	L
हरियो रंग मन पराउनेका लागि आईफोन १३ को नयाँ भेरियन्ट सार्वजनिक	काठमाडौं । स्मार्टफोनको नयाँ नयाँ फिचर मात्र होइन, नयाँ नयाँ रंगले पनि प्रयोगकर्तालाई आकर्षित गर्ने गर्छ । यही कुरालाई मध्यनजर गर्दै एप्पलले गत वर्ष सार्वजनिक गरेको आईफोन १३ सिरिजको स्मार्टफोनहरू ...	https://l.hamropatro.com/r/https://www.techpana.com/2022/121217/	technology	L
रूसी सेना विरुद्ध पोस्ट गर्न फेसबुकको अनुमति 	काठमाडौं । सामान्यतया सामाजिक सञ्जालहरूमा कुनै घृणा फैलाउने तथा कसैलाई गाली बेइज्जती गर्ने भाषा प्रयोग गरेर कुनै पोस्ट राख्न पाइँदैन । तर जारी रुस र युक्रेनबीचकाे युद्धमा रुस विरुद्ध सामग्रीहरू पोस...	https://l.hamropatro.com/r/https://www.techpana.com/2022/121215/	technology	L
लिनक्स किन प्रयोग गर्ने ?	काठमाडौं । स्मार्टफोनदेखि कार, सुपरकम्प्युटर तथा घरेलु उपकरण, पर्सनल पीसीदेखि इन्टरप्राइज सर्भर सबैतिर लिनक्स अपरेटिङ सिस्टम छ । यसलाई १९९० को मध्यतिर फिनल्याण्डका सफ्टवेयर इन्जिनियर लिनस टोर्भाल्ड...	https://l.hamropatro.com/r/https://www.techpana.com/2022/121213/	technology	L
वेब एपलाई सुरक्षित राख्न ह्वाट्सएपले ल्यायो निःशुल्क ब्राउजर एक्सटेन्सन	काठमाडौं । मेसेजिङ एप ह्वाट्सएपले आफ्नो वेब एपलाई थप सुरक्षित बनाउन नयाँ ब्राउजर एक्सटेन्सन सार्वजनिक गरेको छ । कम्पनीले ‘कोड भेरिफाई’ नामक ओपन सोर्समा आधारित निःशुल्क वेब एक्सटेन्सन ल्याएको हो । ...	https://l.hamropatro.com/r/https://www.techpana.com/2022/121210/	technology	L
ब्याजदरमा फेरि ‘भद्र सहमति’	काठमाडौँ — चैतका लागि निक्षेपको ब्याजदर नबढाउन बैंक तथा वित्तीय संस्थाले फेरि ‘भद्र सहमति’ गरेका छन् । यही फागुनका लागि नयाँ ब्याजदर प्रकाशन गर्दा (गत माघमा) बैंक तथा वित्तीय संस्थाले त्यसअघिको ‘भद...	https://l.hamropatro.com/r/https://ekantipur.com/business/2022/03/14/164722073131552519.html	economics	L
नेपाल बैंकको नयाँ व्याजदर सार्वजनिक, कुन खातामा कति व्याज ?	नेपाल बैंक लिमिटेडले नयाँ व्याजदर प्रकाशन गरेको छ । बैंकले विभिन्न खातामा भोलि (चैत्र १ गते, मंगलबार) बाट लागु हुने गरी नयाँ व्याजदर प्रकाशन गरेको हो । उक्त व्याजदर अनुसार बैंकले बचत खातामा न्यूनत...	https://l.hamropatro.com/r/https://arthasansar.com/news/37583	economics	L
सूचना महामार्गको प्रगति निराशाजनक	नेपाल दूरसञ्चार प्राधिकरणले अघि बढाएको मध्यपहाडी लोकमार्ग तथा जिल्ला सदरमुकाम जोड्ने सूचना महामार्ग सम्बन्धी परियोजनाको प्रगति निराशाजनक रहेको छ । प्राधिकरणले ग्रामिण दूरसञ्चार विकास कोष परिचालन गर...	https://l.hamropatro.com/r/https://www.karobardaily.com/news/177938	economics	L
पेट्रोलियम पदार्थको मूल्य : ५ वर्षमा कति बढ्यो ?	नेपालको इतिहासमै यतिबेला पेट्रोल, डिजेल, मट्टितेल र एलपी ग्यासको मूल्य सबैभन्दा उच्च बिन्दुमा पुगेको छ । पेट्रोलियम पदार्थको मूल्य निर्धारण गर्दै आएको नेपाल आयल निगमले पेट्रोलको बिक्री मूल्य प्रतिल...	https://l.hamropatro.com/r/https://ratopati.com/story/226313/2022/3/14/petrol-price-	economics	L
कोरियन भाषा परीक्षाको आवेदन चैत १४ देखि खुल्ने, कसरी दिने आवेदन?	कोरियन भाषा परीक्षा (ईपिएस) को लागि आगामी चैत १४ देखि २१ गतेसम्म आवेदन दर्ता हुने भएको छ। ईपिएस कोरिया शाखाका अनुसार कोरियामा गई काम गर्न इच्छुक नेपालीका लागि भाषा परीक्षाको आवेदन खुल्न लागेको हो।...	https://l.hamropatro.com/r/https://www.setopati.com/kinmel/employment/264581	economics	L
शाखा सञ्जालमा अब्बल एनआइसी एशिया, गाउँ–गाउँमा पुर्‍याएको छ वित्तीय सुविधा	शाखा सञ्जाल विस्तारमा एन आई सी एशिया बैंक नेपालमा सञ्चालनमा रहेका सबै बैंक तथा वित्तीय संस्था भन्दा अब्बल देखिएको छ । नाफा भन्दा सेवालाई पहिलो प्राथमिकतामा राखेर शाखा सञ्जाल विस्तार गरिरहेको एन आई...	https://l.hamropatro.com/r/https://lokaantar.com/story/175506/2022/3/14/bank-share/nic-asia-	economics	L
भैरहवा–कुवेत उडान गर्न जजिराको प्रस्ताव	काठमाडौँ — भैरहवास्थित गौतम बुद्ध अन्तर्राष्ट्रिय विमानस्थलको यान्त्रिक परीक्षण सकिएलगत्तै उडान गर्न कुवेतको जजिरा एयरवेजले नेपाल सरकारमार्फत नागरिक उड्डयन प्राधिकरणसमक्ष प्रस्ताव गरेको छ । वैशाख १...	https://l.hamropatro.com/r/https://ekantipur.com/news/2022/03/14/164721888485485651.html	economics	L
‘दुर्गममा बिमाको पहुँच वृद्धि गर्न बिमा शिक्षाको प्रचार आवश्यक’	सिमकोट – कर्णाली प्रदेशका मुख्यमन्त्री जीवनबहादुर शाहीले प्रदेश सरकारले बिमा कार्यक्रमलाई अगाडि बढाएको जानकारी दिँदै बिमाको पहुँच विस्तारका लागि बिमा शिक्षाको प्रचार प्रसारमा जोड दिनुपर्ने बताएका छ...	https://l.hamropatro.com/r/https://deshsanchar.com/2022/03/13/623791/	economics	L
कोरिया पठाउन नौ हजार ६५४ जनाको आवेदन खुला गरिँदै	नेपाल सरकारले रोजगार अनुमति प्रणाली (ईपीएस) मार्फत कामदार दक्षिण कोरिया पठाउन नौ हजार ६५४ जनाको आबेदन खुला गर्ने भएको छ। बैदेशिक रोजगार विभागअन्तर्गतको ईपीएस शाखाले सोमबार सार्वजनिक सूचना प्रकाशन ...	https://l.hamropatro.com/r/https://ratopati.com/story/226306/2022/3/14/eps-korea-	economics	L
धुजाधुजा हुँदै पुराना अखबार	स्क्यानर मेसिन बिग्रिएपछि वर्षाैंदेखि प्रेस काउन्सिल नेपालमा रहेका अखबार टहरोमा अव्यवस्थित रूपमा थुपारिएको छ । डिजिटाइज हुन नसक्दा ती अखबार धुजाधुजा हुन थालिसकेका छन् । अखबारको सुरक्षाका कुनै उपाय...	https://l.hamropatro.com/r/https://lokaantar.com/story/175503/2022/3/14/press/news-	economics	L
शौर्य सिमेन्टको बिक्री लक्ष्य सफल	काठमाडौं (अस) । शौर्य सिमेन्ट आफ्नो व्यावसायिक उत्पादनको छोटो अवधि (१० महिना) मै मासिक १० लाखको बिक्री लक्ष्य पूरा गर्न सफल भएको छ । व्यावसायिक उत्पादनको पहिलो महिना जेठ ०७८ देखि कम्पनीको उत्पादनप्...	https://l.hamropatro.com/r/https://abhiyandaily.com/newscategory-detail/404495	economics	L
नबिल बैंक र नेपाल बंगलादेश बैंक मर्ज हुँदै	काठमाडौँ– नबिल बैंकले नेपाल बंगलादेश बैंक (एनबी) लाई आफूमा गाभ्न सैद्धान्तिक सहमति पाएको छ ।	https://l.hamropatro.com/r/https://www.khabarhub.com/2022/14/361185/	economics	L
एकै महिनामा ५ पटक बढ्यो कुखुराको मासु : उपभोक्ताले ४४० तिर्दा किसानको हातमा २८० मात्रै !	× काठमाडौँ, २९ फागुन । पछिल्लो समय कुखुराको मासुको मूल्य अत्यधिक बढेको छ । फागुन महिनामा मात्र ५ पटक मूल्य बढेको हो । बजारमा कुखुरा अभावका कारण मूल्य बढेको व्यवसायीहरू बताउँछन् । फागुन ७ गते २६० र...	https://l.hamropatro.com/r/https://halokhabar.com//news-details/10468/2022-03-13	economics	L
सुस्ता गाउँपालिकामा ‘पशु स्वास्थ्य तथा बाँझोपना निवारण’ शिविर सञ्चालन	× लुम्बिनी, २९ फागुन । सुस्ता गाउँपालिका–५, मा ‘पशु स्वास्थ्य तथा बाँझोपना निवारण’ शिविर सञ्चालन भएको छ । कृषि, खाद्य प्रविधि तथा भूमि व्यवस्था मन्त्रालय अन्तर्गतको पशुपन्छी तथा मत्स्य विकास निर्द...	https://l.hamropatro.com/r/https://halokhabar.com//news-details/10471/2022-03-13	economics	L
थेग्नै नसक्ने गरी महंगी बढ्यो,सरकार कानमा तेल हालेर बसेको छ !	बजारमा हरेक वस्तुको मुल्यवृद्धि अपत्यारिलो ढंगले उकालो लागिरहेको छ । दिनप्रतिदिन बढ्दो मृल्यवृद्धिका कारण नागरिकको भान्छा महंगीको चपेटामा छ । तर सरकार कानमा तेल हालेर बसेको छ । यता मन्त्रीहरु महंगी...	https://l.hamropatro.com/r/https://www.nepalghatana.com/news/95013/	economics	L
थप ६५ जनामा कोरोना संक्रमण पुष्टि, १ सय ९२ जना सङ्क्रमणमुक्त	देशभर आज थप ६५ जनामा कोरोना संक्रमण पुष्टि भएको छ । ७ हजार ९ सय ४७ नमुनाको परीक्षण गर्दा ६५ जनामा संक्रमण पुष्टि भएको स्वास्थ्य तथा जनसङ्ख्या मन्त्रालयले जनाएको छ । कूल परीक्षण अनुसार यो हप्ता को...	https://l.hamropatro.com/r/https://www.nepalghatana.com/news/95007/	economics	L
एनआइसी एशिया बैंकले ल्यायो ‘सर्वश्रेष्ठ तलब खाता’	विभिन्न संस्थाहरूले कर्मचारीको नाममा एनआइसी एशिया बैंकमा ‘सर्वश्रेष्ठ तलब बचत खाता’ खोल्दा बीमा, कर्जा लगायतका २४ सर्वश्रेष्ठ फाइदाहरू हात पार्न सक्ने भएका छन् । बैंकिङ क्षेत्रमा रहेका तलब खाताहरूम...	https://l.hamropatro.com/r/https://ratopati.com/story/226297/2022/3/13/nic-asia-bank-	economics	L
उद्योगीहरू भन्छन्– बैंकमा भएको अधिकांश पैसा आयातित बस्तुमा खर्च हुँदा आर्थिक संकट निम्तियो	काठमाडौं– बैंक तथा वित्तिय संस्था परिषद्का अध्यक्ष पवन गोल्यानले बैंकसँग भएको अधिकांश पैसा आयातमा गएको कारण अहिलेको तरलता समस्या तथा आर्थिक संकटको अवस्था आएको बताएका छन्।  अहिले बजारमा गएको कर्जाक...	https://l.hamropatro.com/r/https://nepallive.com/story/275266	economics	L
एमालेको मञ्चमा निजी क्षेत्रको गुनासो- अर्थतन्त्रमा चौतर्फी समस्या	२९ फागुन, काठमाडौं । उद्योगी व्यवसायीहरुले अर्थतन्त्र संकटपूर्ण अवस्थामा पुगेको बताएका छन् । नेकपा एमालेको उद्योग, वाणिज्य तथा आपूर्ति विभागले अर्थतन्त्रको अवस्थाबारे गरेको छलफलमा बोल्दै निजी क्षेत...	https://l.hamropatro.com/r/https://www.onlinekhabar.com/2022/03/1093207	economics	L
देशको उत्पादनमूलक क्षेत्र खराब अवस्थामा : ओली	नेकपा एमालेका अध्यक्ष केपी शर्मा ओलीले देशको उत्पादनमूलक क्षेत्र खराब अवस्थामा रहेको बताएका छन्।  उद्योगी व्यवसायीसँग एमाले उद्योग विभागले गरेको अन्तरक्रिया कार्यक्रममा उनले देशको उत्पादनमूलक क्षे...	https://l.hamropatro.com/r/https://nepalkhabar.com/economy/123477-2022-3-13-20-34-31	economics	L
इन्सेसेन्ट रेन र दायित्वबीच सार्वजनिक नीति फेलोसिप साझेदारी	नेपाली युवा तथा सरकारबीच थप विश्वास सुद‍ृढ गर्न तथा प्रमाण आधारित नीति निर्माणलाई प्रवर्द्धन गर्ने लक्ष्य साथ इन्सेसेन्ट रेन र दायित्वले ३ वर्षे साझेदारी गरेका छन्‌। यस साझेदारी अन्तर्गत ‘दायित्व न...	https://l.hamropatro.com/r/https://ratopati.com/story/226288/2022/3/13/fellowship-	economics	L
११ महिनाको आयात धान्ने संचिति छोडेको थिएँ अहिले ६ महिनापनि नपुग्ने गरी सिद्याए : ओली	नेकपा एमालेका अध्यक्ष केपी शर्मा ओलीले आफूले सरकार छोड्दा ११ महिनाको वस्तु तथा सेवाको आयात धान्न सक्ने गरी विदेशी मुद्राको संचिति राखेको बताएका छन् ।  उनले उक्त संचितिलाई अहिलेको सरकारले छोटो समयम...	https://l.hamropatro.com/r/https://lokaantar.com/story/175488/2022/3/13/main-news/kp-oli-	economics	L
सानिमा बैंकका ग्राहकले खल्ती वालेटमा फण्ड लोड गर्न सक्ने	काठमाडौँ । सानिमा बैंकले ‘खल्ती डिजिटल वालेट’ सँंग सम्झौता गरेको छ । सम्झौतापश्चात सानिमा बैंकको मोबाइल बैंकिङबाट ‘खल्ती डिजिटल वालेट’मा पैसा राख्न सकिने भएको हो । बैंकले आफ्ना ग्राहकहरुलाई सानिमा...	https://l.hamropatro.com/r/https://www.makalukhabar.com/2022/03/99977173302/	economics	L
प्रदेशमा ६१ अर्ब र स्थानीय तहमा एक खर्ब अनुदान सिफारिस (विवरणसहित)	काठमाडौं । अगामी आर्थिक वर्षको बजेटमा स्थानीय तहले एक खर्ब भन्दा बढी वित्तीय समानीकरण अनुदान पाउने भएका छन् । राष्ट्रिय प्रकृतिको स्रोत तथा वित्तीय आयोगले आगामी आर्थिक वर्ष २०७९/०८० को बजेटमा संघीय...	https://l.hamropatro.com/r/https://baahrakhari.com/news-details/344047	economics	L
होन्डाको मोटरसाइकल तथा स्कुटरहरूको सट्टापट्टा(एक्स्चेन्ज क्याम्प)आयोजना हुदै	काठमाडौं-  स्याकार ट्रेडिङ कम्पनी मार्फत सञ्चालन भएको होन्डाले बजारमा  होन्डा मोटरसाइकल  तथा स्कुटरहरूको सट्टापट्टा (एक्स्चेन्ज क्याम्प) आयोजना  गर्ने भएको छ । 	https://l.hamropatro.com/r/https://www.khabarhub.com/2022/13/361139/	economics	L
निर्माण क्षेत्रका नयाँ प्रविधिबारे एक्स्पोमा उल्लेख्य उपस्थिति (भिडियो)	काठमाडौँ – भृकुटीण्डपमा शुक्रबारदेखि सुरु भएको ‘सातौं नेपाल ब्युल्डकन इन्टरनेसनल एक्स्पो’ आइतबार सम्पन्न भएको छ। निर्माण सामग्रीमा कसरी बाहिरी प्रविधि भित्र्याउन सकिन्छ भन्ने उद्देश्यले एक्स्पोे आ...	https://l.hamropatro.com/r/https://deshsanchar.com/2022/03/13/623756/	economics	L
म्याक्स वे र करियर लिफ्टर्सको कार्यक्रम सम्पन्न	म्याक्स वे इन्टरनेसनल एजुकेसन कन्सल्टेन्सी र करिअर लिफ्टर्सको संयुक्त आयोजनामा करिअर काउन्सिलिङ एक्स्पो सम्पन्न भएको छ । एक्स्पोमा ‘प्लस टुपछिको अध्ययन र अवसर’का बारेमा जानकारी गराइएको थियो ।  का...	https://l.hamropatro.com/r/https://shilapatra.com/detail/79630	economics	L
११ हजार नाघ्यो बैंक तथा फाइनान्स कम्पनीहरुको कुल शाखा संख्या	काठमाडौं । बैंक तथा फाइनान्स कम्पनीहरुको कुल शाखा संख्या ११ हजार नाघेको छ । चालू आर्थिक वर्षको पछिल्लो सात महिनाको अवधिमा सञ्चालनमा रहेका २७ वटा वाणिज्य बैंक, १७ वटा विकास बैंक, १७ वटा फाइनान्स कम्...	https://l.hamropatro.com/r/https://www.lokpath.com/story/508738	economics	L
एनआरएन पृष्ठभूमिका अध्यक्षले पुँजी बजारमा लगानी भित्र्याउन कस्तो पहल गर्लान् ?	नेपाली पैसा   काठमाडौं : सेयर बजारमा गैरआवासीय नेपाली (एनआरएन) भित्र्याउने कुराले विगत लामो समयदेखि चर्चा पाए पनि यसले अझै पूर्णता पाएको छैन । नेपाल धितोपत्र बोर्डमा नयाँ अध्यक्ष आएपिच्छे एनआरएनल...	http://l.hamropatro.com/r/http://www.nepalipaisa.com/NewsDetail.aspx/id/46745	economics	L
२ वर्षपछि मलेसियाबाट आउन थाल्यो नेपाली श्रमिकको माग	२९ फागुन, काठमाडौं । नेपालीको प्रमुख श्रम गन्तव्य मलेसियाबाट फेरि नेपाली श्रमिाकको माग आउन थालेको छ । २ वर्षअघि कोरोना महामारी शुरु भएपछि मलेसियाले विदेशबाट श्रमिक लिन बन्द गरेको थियो । तर, गत २८ ...	https://l.hamropatro.com/r/https://www.onlinekhabar.com/2022/03/1093163	economics	L
आगामी आर्थिक वर्षका लागि स्वास्थ्यले पायो ७४ अर्बको बजेट सिलिङ	काठमाडौं- स्वास्थ्य तथा जनसंख्या मन्त्रालयले आगामी आर्थिक वर्ष २०७९/८० का लागि ७४ अर्बभन्दा बढीको बजेट सिलिङ पाएको छ। राष्ट्रिय योजना आयोगले स्वास्थ्यलाई ७४ अर्ब ३ करोड ५ लाखभित्र रहेर कार्यक्रमहरु...	https://l.hamropatro.com/r/https://swasthyakhabar.com/story/45237	economics	L
मलखादको भाउ कीर्तिमानी उचाईमा, ग्यास महँगिएको भन्दै उत्पादनमा कटौति, खाद्य संकटको चेतावनी !	सामान्य समयमा समेत मल नपाइने नेपालमा रूस-युक्रेन युद्धपछि झनै भयाबह अवस्था आउन सक्ने काठमाडौं । विश्व बजारमा मलखादको भाउ यस अघि कहिलेइ नदेखिएको कीर्तिमानी स्तरमा उक्लिएको छ । अमेरिकादेखि ब्राजिलसम...	https://l.hamropatro.com/r/https://abhiyandaily.com/newscategory-detail/404486	economics	L
विदेशी लगानी विविधिकरण गर्दै सहजै आउने वातावरण बनाउन अग्रवालको आग्रह	नेपालमा विदेशी लगानी विविधिकरण गर्दै सहजै आउने वातावरण बनाउन निजी क्षेत्रले आग्रह गरेको छ । नेपाल उद्योग परिसंघका अध्यक्ष विष्णु अग्रवालले नेपालमा विदेशी लगानी भित्र्याउन पनि समस्या रहेको उनले बता...	https://l.hamropatro.com/r/https://lokaantar.com/story/175471/2022/3/13/economy/bishnu-agrawal-	economics	L
एनआईसी एसिया सर्वश्रेष्ठ बचत : एउटै खाताबाट ४ जनाले पाउँछन् ८४ लाखकाे बीमा !	काठमाडौँ । एनआईसी एसिया बैंकले ग्राहकहरू सर्वश्रेष्ठ बचत खाता योजनामा अझ बढी सर्वश्रेष्ठ अर्थात् उच्चतम लाभ दिने गरी सञ्चालनमा ल्याएको छ । ग्राहकका लागि नयाँ नयाँ तथा आकर्षक योजना ल्याउँदै आएको बै...	https://l.hamropatro.com/r/https://www.makalukhabar.com/2022/03/99977173250/	economics	L
७ नगरपालिकालाई सम्मान, सबै राजधानी बाहिरका	प्रधानमन्त्री शेरबहादुर देउवाले उत्कुष्ट ७ नगरपालिकालाई सम्मान प्रदान गर्नुभएको छ । नेपाल नगरपालिका संघले ओयाजना गरेको कार्यक्रममा पाँच विधामा ती नगरपालिका उत्कृष्ट ठहरिएका हुन् । संघको २९औं वार्षि...	https://l.hamropatro.com/r/https://www.janaaastha.com/archives/82939	economics	L
यातायात व्यवस्था कार्यालय रुम्जाटारमा सिभिल बैंकको नयॉ एक्सटेन्सन काउन्टर	काठमाडौं । सिभिल बैंकले ओखलढुंगाको सिद्धिचरण नगरपालिका–४ रुम्जाटारस्थित यातायात व्यवस्था कार्यालयमा नयॉ एक्सटेन्सन काउन्टर सञ्चालनमा ल्याएको छ । उक्त एक्सटेन्सन काउन्टरको उद्घाटन भौतिक पूर्वाधार वि...	https://l.hamropatro.com/r/https://www.onlinekhabar.com/2022/03/1093153	economics	L
खाने तेल अनावश्यक मौज्दात नराख्न उपभोक्तालाई संघको आग्रह 	नेपाल वनस्पति घ्यू तेल उत्पादक संघले उपभोक्तालाई अनावश्यक रूपमा खानेतेल मौज्दात नराख्न आग्रह गरेको छ। विषम परिस्थितिमा हल्ला र भयको भरमा तेल मौज्दात नराख्न उपभोक्ताहरूलाई आग्रह गरेको हो।  कृतिम मू...	https://l.hamropatro.com/r/https://www.setopati.com/kinmel/business/264575	economics	L
१२ हजार रूसी सैनिकको मृत्यु भएको जेलेन्स्कीको दाबी	युक्रेनका राष्ट्रपति भोलोदिमिर जेलेन्स्कीले रूसले युक्रेनमाथि आक्रमण गरेपछि अहिलेसम्म १,३०० युक्रेनी सैनिक र झन्डै १२,००० रूसी सैनिकको मृत्यु भएको दाबी गरेका छन् । पत्रकार सम्मेलनमा बोल्दै उनले शु...	https://l.hamropatro.com/r/https://www.merolifestyle.com/archives/32751	international	L
रुस-युक्रेन युद्ध: रुसलाई सैन्य वा आर्थिक सहयोग नगर्न चीनलाई अमेरिकाको चेतावनी	अमेरिकाले रुसलाई कुनै पनि किसिमको आर्थिक वा सैन्य सहायता उपलब्ध नगराउन चीनलाई चेतावनी दिएको छ। रुसले चीनसँग त्यस्तो सहायता मागेको अमेरिकी अधिकारीहरूले भिन्नाभिन्नै पत्रिकाहरूलाई बताएका छन्। तर ची...	https://l.hamropatro.com/r/https://www.bbc.com/nepali/news-60732285?xtor=AL-73-[partner]-[hamro.patro]-[headline]-[nepali]-[bizdev]-[isapi]	international	L
जेलेन्स्कीले किन माग गरिरहेका छन् युक्रेनी आकाशमा उडान प्रतिबन्ध, के हो नो–फ्लाइ जोनको अर्थ?	Created with sketchtool. सम्बन्धित ‘रुसले चीनसँग सैन्य तथा आर्थिक सहयोग मागिरहेको छ’ युक्रेनका राष्ट्रपति भोलोडिमिर जेलेन्स्कीले फेरि पनि आफ्नो देशमाथिको आकाशलाई ‘नो–फ्लाइ जोन’ (उडान प्रतिबन्धित...	https://l.hamropatro.com/r/https://deshsanchar.com/2022/03/14/623870/	international	L
साउदी राजकुमार आज नेपाल आउँदै, राष्ट्रपति र प्रधानमन्त्रीलाई भेट्ने	साउदी अरबका विदेशमन्त्री राजकुमार फैसल बिन फहरान अल साउदले आज नेपाल आउने भएका छन्। परराष्ट्र  मन्त्रालयले  दिएको  जानकारीअनुसार  राजकुमार  फैजल  दुई  दिने  भ्रमणका  क्रममा आज अपरान्ह नेपाल  आउन ला...	https://l.hamropatro.com/r/https://www.setopati.com/politics/264583	international	L
१२–१३ चैतमा चिनियाँ विदेशमन्त्रीको नेपाल भ्रमण, शीर्ष नेतृत्वसँग भेट	संसद्ले १२ बुँदे व्याख्यात्मक घोषणासहित एमसिसी अनुमोदन गरेको एक महिना नपुग्दै चीनका विदेशमन्त्री तथा स्टेट काउन्सिलर वाङ यी चैत दोस्रो साता नेपाल भ्रमणमा आउने भएका छन् । नेपालका लागि चिनियाँ राजदूत...	https://l.hamropatro.com/r/https://nayapatrikadaily.com/feed-detail.php?nid=82439	international	L
साउदी अरबका विदेश मन्त्री आज नेपाल आउँदै	काठमाण्डाै - साउदी अरबका विदेशमन्त्री राजकुमार फाइसल विन फहरन अल साउद आज नेपाल भ्रमणमा आउँदै हुनुहुन्छ । दुई दिने नेपाल भ्रमणका क्रममा साउदी अरबका विदेशमन्त्री राजकुमार फाइसलले राष्टपति विद्यादेवी...	https://l.hamropatro.com/r/https://ujyaaloonline.com/story/66427/2022/3/14/foreign-minister-of-saudi-arabia-is-nepal	international	L
रुसी सेनाको हमलामा न्युयोर्क टाइम्सका पत्रकार मारिए	रुसी सेनाको हमलामा न्युयोर्क टाइम्सका एक पत्रकार मारिएका छन् ।  इरपिन सहरमा रुसी फौजको हमलामा न्युयोर्क टाइम्सका भिडियो पत्रकार ब्रेन्ट रिनाउड मारिएको किभ क्षेत्रका प्रमुखले बताएका छन् । हमलामा अर्...	https://l.hamropatro.com/r/https://ratopati.com/story/226308/2022/3/14/russian-army-	international	L
‘रुसले चीनसँग सैन्य तथा आर्थिक सहयोग मागिरहेको छ’	Created with sketchtool. सम्बन्धित रुसी आक्रमणमा अमेरिकी पत्रकारको निधन रुसले युक्रेनमाथिको जारी आक्रमणका लागि चीनसँग सैन्य र आर्थिक सहयोग माग गरेको अमेरिकी अधिकारीले बताएका छन् । फाइनान्सियल ट...	https://l.hamropatro.com/r/https://deshsanchar.com/2022/03/14/623865/	international	L
भारतले युक्रेनमा रहेको आफ्नो दूतावास पोल्याण्डमा सार्ने	काठमाडौं- युक्रेनमा तीव्र रूपमा बिग्रँदै गएको सुरक्षा अवस्थाबीच भारतले आफ्नो दूतावास अस्थायी रूपमा पोल्याण्डमा सार्ने निर्णय गरेको छ। रुसी सेना युक्रेनको राजधानी किएभ र अन्य प्रमुख सहर नजिक रहेको ब...	https://l.hamropatro.com/r/https://nepallive.com/story/275263	international	L
सगरमाथामा चियापान आयोजना गरेर विश्व कीर्तिमान	न्युयोर्क । अमेरिकाको सियटल निवासी एक साहसिक व्यक्तिलाई विश्वकै सबैभन्दा अग्लो स्थानमा टी–पार्टी आयोजना गरेबापत गिनिज वर्ल्ड रेकर्ड्सले उपाधि दिएको छ । समुद्री सतहदेखि २१ हजार ३१२ फिट अग्लो सगरमाथ...	https://l.hamropatro.com/r/https://baahrakhari.com/news-details/344060	international	L
रूस-युक्रेन युद्ध : विश्वलाई रूस र युक्रेन सप्लाई गर्ने यी चार चिजहरू, अझै महङ्गी बढ्छ ? 	पश्चिमी प्रतिबन्धका कारण मात्र नभई युक्रेनमा रूसी आक्रमणले पनि आपूर्ति शृङ्खला समस्याले कमोडिटी बजारमा वस्तुको मूल्य बढाएको छ।  युक्रेनमा रूसी आक्रमणपछि उक्त क्षेत्रबाट धातु र अन्नको आपूर्ति अवरुद...	https://l.hamropatro.com/r/https://arthadabali.com/2022/03/13/22223	international	L
रुसी फौजले युक्रेनमा फेरि अर्को मेयरलाई पनि अपहरण गरेको आरोप	"किभ । युक्रेनी सरकारले रुसी फैेजले आफूले कब्जा गरेको क्षेत्रका अर्को मेयरलाई अपहरण गरेको आरोप लगाएको छ । युक्रेनका विदेशमन्त्री दिमित्री कुलेवाले ट्विटर मार्फत भनेका छन्, ""दक्षिणी सहर निप्रोरुन्देक..."	https://l.hamropatro.com/r/https://baahrakhari.com/news-details/344061	international	L
हाँस्ने खेल्ने उमेरका युक्रेनी किशोरहरू रुसी फोजविरुद्ध लड्न तयार हुँदै	जेरेमी बोवेन, किभ । करिब एक साताअघि युवाहरूको एक समूहलाई भेटेको थिएँ । उनीहरूले युक्रेनका लागि लड्न राजधानी किभस्थित एउटा स्वयम्सेवकको तालिम लिएका रहेछन् । उनीहरूमध्ये अधिकांश किशोरावस्थाको उत्तरार...	https://l.hamropatro.com/r/https://baahrakhari.com/news-details/344059	international	L
युक्रेनी सैनिक अखडामा रुसी फौजद्वारा ३० वटा क्षेप्यास्त्र प्रहार, ३५ जनाको मृत्यु	किभ । युक्रेनको एउटा सैनिक अखडामा रुसी फौजबाट भएको भयानक आक्रमण देख्नेहरूले पोल्यान्डको सीमाना नजिक भटाभट क्षेप्यास्त्र खस्दा त्यहाँको आकास नै रातो दखिएको बताएका छन् ।  निरन्तर जारी रहेको द्वन्द्व...	https://l.hamropatro.com/r/https://baahrakhari.com/news-details/344058	international	L
युक्रेनमा अमरिकी पत्रकारको हत्या, रुसी फौजले मारेको दाबी	किभ । युक्रेनमा कार्यरत एकजना अमेरिकी पत्रकारलाई राजधानी किभ नजिकको इर्पिन सहरमा गोली हानी हत्या भएको छ । किभका प्रहरी प्रमुख एन्द्रिय नेवितोभले उनलाई रुसी फौजले आक्रमण गरेको बताएका छन् । यस घटनाम...	https://l.hamropatro.com/r/https://baahrakhari.com/news-details/344057	international	L
इन्जिनियरसँग शिक्षामन्त्रीको गुनासो– जाँदा पिच भएको बाटो फर्किँदा भत्किएको हुन्छ	काठमाडौं । शिक्षा, विज्ञान तथा प्रविधिमन्त्री देवेन्द्र पौडेलले विश्वविद्यालय आधुनिकीकरण नुहँदासम्म उच्च शिक्षामा सुधार नुहने बताएका छन् । थापाथली इन्जिनियरिङ क्याम्पसको ५६औँ वार्षिकोत्सवमा बोल्दै ...	https://l.hamropatro.com/r/https://baahrakhari.com/news-details/344055	international	L
चीनमा बढ्न थाल्यो कोरोना संक्रमण, ठूलो सहर लकडाउन	चीनका ठूला सहरमध्ये एक शेन्जेनमा आइतबारदेखि लकडाउन लागू गरिएको छ। समाचार एजेन्सी एएफपीको रिपोर्टअनुसार सहरका सबै बासिन्दा लकडाउनको दायरामा परेका छन्। दक्षिणी चीनको शेन्जेन सहरको जनसङ्ख्या एक करोड ...	https://l.hamropatro.com/r/https://nepalkhabar.com/global/123481-2022-3-13-20-49-32	international	L
राजधानी किभ नजिक भयंकर लडाइँ, १३ सय सेना मारिए	रुसले युक्रेनमाथि हमला गरेको आइतबार १८ दिन पुगेको छ । धेरै जसो संरचनाहरु ध्वस्त बनेका छन् । तर पनि युक्रेनी सेनाले हार मानेको छैन । यता रुसी सैनिक युक्रेनको राजधानी कब्जा गर्न अन्तिम लडाई लडिरहेको...	https://l.hamropatro.com/r/https://www.nepalghatana.com/news/94991/	international	L
युक्रेनमा मारिए एक अमेरिकी पत्रकार	किभ- युक्रेनमा एक अमेरिकी पत्रकार ब्रेन्ट रेनउड मारिएका छन्। युक्रेनको आन्तरिक मामिला मन्त्रालयका अनुसार आइतबार एक अमेरिकी पत्रकार तथा चलचित्र निर्माता रेनउडको मारिएका हुन्।  एचबीओ, एनबीसी तथा न्...	https://l.hamropatro.com/r/https://nepalsamaya.com/abroad/2022-03-13-202620	international	L
साउदी अरेबियाका विदेश मन्त्री भाेलि नेपाल आउँदै	काठमाण्डाै – साउदी अरेबियाका विदेश मन्त्री फाइसल विन फहरन अल साउद दुई दिने नेपाल भ्रमणमा आउनुहुने भएकाे छ । विदेश मन्त्री अल साउद भाेलि साेमवार दुई दिने भ्रमणका लागि नेपाल आइपुग्ने परराष्ट्र मन्त्र...	https://l.hamropatro.com/r/https://ujyaaloonline.com/story/66425/2022/3/13/Saudi-Arabia-foreign-ministry-in-a-Nepal-visit	international	L
साउदी राजकुमार नेपाल आउँदै	साउदी अरब अधिराज्यका विदेशमन्त्री राजकुमार फैसल बिन फहरान अल साउदले यही फागुन ३० देखि चैत १ गतेसम्म नेपालको औपचारिक भ्रमण गर्ने भएका छन् । भ्रमणका क्रममा साउदी अरबका विदेशमन्त्री राजकुमार फैसलले र...	https://l.hamropatro.com/r/https://ratopati.com/story/226286/2022/3/13/saudi	international	L
रुसी सेना पसेपछि चार लाख युक्रेनी घर छाडेर रोमानिया छिरे	182 Shares बुखारेष्ट । रूसले गत फेब्रुअरी २४ मा यूक्रेनमा सैन्य आक्रमण सुरू गरेदेखि अहिलेसम्म करिब चार लाख युक्रेनी नागरिक रोमानिया प्रवेश गरेका रोमानियाको सीमा प्रहरीले आइतबार जानकारी गराएको छ ।...	https://l.hamropatro.com/r/https://www.dainikonline.com/story/194447/2022/03/13/	international	L
कोरोना संक्रमित बढ्दै गएपछि चीनको शेन्झेन सहरमा लकडाउन	काठमाडौं- कोरोना संक्रमित बढ्दै गएपछि चीनले आइतबार आफ्नो सबैभन्दा ठूलो सहर शेन्झेनमा लकडाउन गरेको छ। समाचार एजेन्सी एएफपीको रिपोर्टका अनुसार सहरका सम्पूर्ण जनसंख्या यस लकडाउनको दायरामा परेका छन्। ...	https://l.hamropatro.com/r/https://nepallive.com/story/275257	international	L
रुसी आक्रमणमा न्युयोर्क टाइम्सका पत्रकारको निधन	रुसी आक्रमणमा परी युक्रेनमा न्युयोर्क टाइम्सका पत्रकारले ज्यान गुमाएका छन्। युक्रेनका आन्तरिक मामिला मन्त्री एन्टन गेरास्चेन्कोका अनुसार रुसी आक्रमणमा परी किभ क्षेत्रको इर्पेनमा न्युयोर्क टाइम्सका...	https://l.hamropatro.com/r/https://deshsanchar.com/2022/03/13/623829/	international	L
इराकको कुर्दिश क्षेत्रमा १२ क्षेप्यास्त्र प्रहार	बग्दाद — इराकको इर्बिलस्थित अमेरिकी कन्सुलेट कार्यालयलाई लक्षित गरी कम्तीमा १२ वटा क्षेप्यास्त्र प्रहार गरिएको छ । क्षेप्यास्त्र प्रहारबाट कम्तीमा एक जना घाइते भएका र केही भवनहरूमा क्षति पुगेको जना...	https://l.hamropatro.com/r/https://ekantipur.com/world/2022/03/13/164718227728322050.html	international	L
झन्डै चार लाख युक्रेनीहरू रोमानियामा प्रवेश	रूसले गत फेब्रुअरी २४ मा यूक्रेनमा सैन्य आक्रमण सुरू गरेदेखि अहिलेसम्म करिब चार लाख युक्रेनी नागरिक रोमानिया प्रवेश गरेका रोमानियाको सीमा प्रहरीले आइतबार जानकारी गराएको छ ।  सीमा प्रहरीले भनेको छ,...	https://l.hamropatro.com/r/https://ratopati.com/story/226281/2022/3/13/Ukraine	international	L
पश्चिमी प्रतिबन्धबाट जुध्न चिनियाँ सहयोगको अपेक्षा गरेका छौं : रुस	काठमाडौं- पश्चिमी प्रतिबन्धबाट देशको अर्थतन्त्रमा परेको धक्कासँग जुध्न चीनको सहयोगको अपेक्षा गरेको रुसले बताएको छ। प्रतिबन्धले आफ्नो सुन र विदेशी मुद्रा सञ्चिति झण्डै आधा जफत भएको रुसले जनाएको छ। ...	https://l.hamropatro.com/r/https://nepallive.com/story/275255	international	L
रूसले रासायनिक हतियार प्रयोग गर्ने खतरा रहेको नेटो प्रमुखको भनाइ, रूसद्वारा खण्डन	उत्तर एटलान्टिक सैन्य गठबन्धन (नेटो) प्रमुखले रूसले यूक्रेनमा रासायनिक हतियार प्रयोग गर्न सक्ने चेतावनी दिएका छन् । नेटोका महासचिव जेन्स स्टोल्टेनबर्गले आइतबार रुसले रासायनिक हतियार प्रयोग गर्न सक्...	https://l.hamropatro.com/r/https://lokaantar.com/story/175475/2022/3/13/international/russia-	international	L
शिक्षामन्त्रीले भने, ‘विश्वविद्यालय आधुनिकीरण नहुँदासम्म उच्च शिक्षा सुधार हुँदैन’	काठमाडौं/  शिक्षा, विज्ञान तथा प्रविधिमन्त्री देवेन्द्र पौडेलले विश्वविद्यालय आधुनिकीकरण नुहँदासम्म उच्च शिक्षामा सुधार नुहने बताएका छन् ।  थापाथली इन्जिनियरिङ क्याम्पसको ५६ औं वार्षिकोत्सवमा बोल्...	https://l.hamropatro.com/r/https://arthadabali.com/2022/03/13/22214	international	L
रूसको कब्जामा रहेका युक्रेनका सहर : खाना र पानीका लागि तड्पिरहेका छन् मानिस	रूस र युक्रेनबीचको युद्ध सुरु भएदेखि रूसी सेनाले धेरै सहर र गाउँहरू कब्जा गरिसकेको छ । र यी क्षेत्रहरूमा फसेका मानिसहरू मद्दतको लागि बिन्ती गरिरहेका छन्। बम विष्फोटसँगै यहाँका बासिन्दा चिसो मौसम र...	https://l.hamropatro.com/r/https://arthadabali.com/2022/03/13/22216	international	L
विश्वविद्यालय आधुनिकीकरण नहुँदासम्म उच्च शिक्षा सुध्रिँदैन : शिक्षामन्त्री	शिक्षा, विज्ञान तथा प्रविधिमन्त्री देवेन्द्र पौडेलले विश्वविद्यालय आधुनिकीकरण नहुँदासम्म उच्च शिक्षामा सुधार नुहने बताएका छन् । थापाथली इन्जिनियरिङ क्याम्पसको ५६ औं वार्षिकोत्सवमा बोल्दै मन्त्री पौ...	https://l.hamropatro.com/r/https://farakdhar.com/story/78141	international	L
युक्रेनमा बढ्दो तनाव, भारतले दूतावास हटाउने	युक्रेनको राजधानीमा रुसले गरेको आक्रामक हमलाबीच भारतले युक्रेनी राजधानी किभमा रहेको राजदूतावासलाई पोल्यान्डमा सार्ने भएको छ । बिग्रँदो सुरक्षा परिस्थितिलाई ध्यानमा राख्दै पोल्यान्डमा दूतावास सार्ने...	https://l.hamropatro.com/r/https://nayapatrikadaily.com/feed-detail.php?nid=82434	international	L
रुसी सेनाको घेरामा गरेका युक्रेनी सहरहरूको अवस्था कस्तो छ ?	रुस र युक्रेनबीचको युद्ध सुरु भएदेखि रुसी सेनाले धेरै सहर र गाउँहरू कब्जा गरिसकेको छ । र, यी क्षेत्रहरूमा फसेका नागरिकहरूको अवस्था दयनीय रहेको बताइएको छ । स्थानीयले मद्दतका लागि बिन्ती गरिरहेका अन्...	https://l.hamropatro.com/r/https://farakdhar.com/story/78137	international	L
रुसी फौजले आफ्ना २ जना मेयर अपहरण गरेको युक्रेनको आरोप	२९ फागुन, काठमाडौं । युक्रेनले रुसी फौजमाथि आफ्ना दुई जना मेयर अपहरण गरेको आरोप लगाएको छ । युक्रेनको सरकारले रुसी फौजमाथि मारिउपोल र दिनिप्रोरुड्ने शहरका मेयरलाई अपहरण गरेको आरोप लगाएको हो । युक्र...	https://l.hamropatro.com/r/https://www.onlinekhabar.com/2022/03/1093156	international	L
प्रकाश सपुतको प्रष्टिकरणः एउटा सच्चा कामरेडको कथा हो ‘पीर’, राजनीतिक पूर्वाग्रह छैन	काठमाडौं । गायक प्रकाश सपुतले आफ्नो नयाँ गीत ‘पीर’ का विषयमा उठाइएका प्रश्नहरुबारे प्रष्टिकरण दिएका छन् । आफ्नाे कसैप्रति पनि राजनीतिक पूर्वाग्रह र गलत नियत नरहेको उनको स्पष्टोक्ति छ । सपुतले भनेक...	https://l.hamropatro.com/r/https://www.nepalpress.com/2022/03/13/165203/	entertainment	L
यौनिक अल्पसंख्यकलाई समर्थन गर्न आग्रह गर्दै प्रदर्शन (फोटो)	काठमाडौं । यौनिक अल्पसंख्यकहरूलाई घर परिवारबाट साथ र समर्थन दिन आग्रह गर्दै आइतबार काठमाडौंको वसन्तपुर डबलीमा प्रदर्शन गरिएको छ।	https://l.hamropatro.com/r/https://www.nepalviews.com/2022/03/13/47342/	entertainment	L
प्रकाशको ‘पिर’ विवाद : युट्युबबाट हटाउन माओवादीका चार संगठनको चेतावनी, प्रतिवाद गर्ने युथफोर्सको घोषणा	काठमाडौं– नेकपा माओवादी केन्द्रनिकट ४ संगठनले गायक प्रकाश सपुतको ‘पिर’ बोलको गीतको भिडियो तत्काल युट्युबबाट हटाउन चेतावनी दिएका छन्।  जनक्रान्तिका घाइते तथा अपाङ्ग योद्धा संघका इन्चार्ज दिपेन्द्र ...	https://l.hamropatro.com/r/https://nepallive.com/story/275270	entertainment	L
एनिभर्सरीको खुशी साट्दै जीवन र लक्ष्मी	रियल लाइफमा जस्तै रिल लाइफमा पनि कलाकारद्धय लक्ष्मी बर्देवा र जीवन भट्टराइको जोडीलाई दर्शकले निक्कै रुचाएका छन् । भिडियोमा अभिनय मात्र होइन, यो जोडी निर्देशनमा पनि अगाडि बढिरहेको छ । यसैविच, गायक ...	https://l.hamropatro.com/r/https://www.nepalghatana.com/news/94997/	entertainment	L
रियल जोडी जीवन र लक्ष्मीको ‘ह्याप्पी एनिभर्सरी’ अभिनय	रियल जोडी कलाकार अभिनेत्री लक्ष्मी बर्देवा र जीवन भट्टराईको अभिनय तथा निर्देशक रहेको गीत  ‘ह्याप्पी एनिभर्सरी’ सार्वजनिक भएको छ । गायक सुगम पोखरेल र गायिका मिलन नेवारको स्वर रहेको गीतमा हरि लम्साल...	https://l.hamropatro.com/r/https://ratopati.com/story/226294/2022/3/13/happy-anniversary	entertainment	L
खेलाडीकै रूपमा हुर्काइएका प्रिन्स	२९ फागुन, काठमाडौं । दार्चुलाका नारायण दाहाललाई ब्याडमिन्टनको सोख थियो । खेलप्रेमी उनी भलिबल र एथ्लेटिक्सको जिल्लास्तरीय खेलाडीसम्म बने । सुदूरको विकट क्षेत्रबाट खेलकुदमा ‘माथि’ पुग्न सहज थिएन । त्...	https://l.hamropatro.com/r/https://www.onlinekhabar.com/2022/03/1093175	entertainment	L
सपुतलाई समर्थन गर्दै युथ फोर्सले भन्यो - ‘धम्कि नरोकिए हामी प्रतिकार गर्छौ ’	गायक प्रकाश सपुतको नयाँ गीत ‘पीर’को विवाद चुलिँदो छ । दशवर्षे सशस्त्र द्वन्दका परिणामको केही हिस्सा समेटेपछि गीत विवादमा मुछिएको हो । गीतमा सपुतलाई स्वरमा साथ सम्झना भण्डारीले दिएकी छन् । प्रकाशकै ...	https://l.hamropatro.com/r/https://ratopati.com/story/226283/2022/3/13/prakash-saput	entertainment	L
कलाबाट रंगीन विश्वको कल्पना (फोटो फिचर)	काठमाडौं– कलाकारहरुले आफ्ना कृतिमा अनेक सौन्दर्य शास्त्र तथा ब्रम्हाण्डलाई हेर्ने दृेष्टिकोण र अर्थ निर्माणमा रहेर रमणीय र रंगीन विश्व कल्पना गर्ने बहुलतालाई यथार्थ बनाउँछन्। मानवशास्त्रका दृष्टिद...	https://l.hamropatro.com/r/https://ekagaj.com/article//photo-story/91255/	entertainment	L
फिल्म ‘परस्त्री’को छायांकन सुरु, रिलिज मिति पनि घोषणा	काठमाडौं सुरज पाण्डेको निर्देशनमा बन्न लागेको फिल्म ‘परस्त्री’को छायांकन सुरु भएको छ । फिल्म छायांकनको लागि निर्माण टिम आइतबार नै मुस्ताङ हिडेको छ । लेखक तथा निर्माता दिपेन्द्र के खनालका अनुसार सब...	https://l.hamropatro.com/r/https://www.sutranews.com/115481/2022/03/13/	entertainment	L
बेजोड विषय उठान गर्दागर्दै बहकिएका प्रकाश सपुत	शुक्रबार साँझ सार्वजनिक भएको प्रकाश सपुतको नयाँ गीत ‘पीर’ अहिले सामाजिक सञ्जालमा ‘हट केक’ बनेको छ। राजनीतिक विषयलाई समेटेको गीतको ‘विश्लेषण’ गर्ने सञ्जाल प्रयोगकर्ता पनि दुई धारमा विभाजित भएका छन्।...	https://l.hamropatro.com/r/https://nepallive.com/story/275245	entertainment	L
विश्वकै लामो कारले आफ्नै पुरानो रेकर्ड तोड्यो	विश्वकै सबैभन्दा लामो कारको पुनः स्थापित संस्करणले आफ्नै पुरानो रेकर्ड तोडेको छ । १०० फिट १.५ इन्च लामो यो कारले आफ्नो पुरानो रेकर्ड तोडेको हो । गिनिज बुक अफ वर्ल्डमा विश्वकै लामो कारको कीर्तिमान ...	https://l.hamropatro.com/r/https://ratopati.com/story/226264/2022/3/13/world-car-	entertainment	L
मेलिना र प्रतापको ‘दुख्छ मन’ सार्वजनिक	२९ फागुन, काठमाडौं । मेलिना राई र प्रताप दासको स्वर रहेको गीत ‘दुख्छ मन’ सार्वजनिक भएको छ । आइतबार रिलिज गरिएको गीतमा साजन कट्टेलको शब्द र सरोज पोखरेलको संगीत छ । रोमान्टिक भावको गीतको भिडियोमा आक...	https://l.hamropatro.com/r/https://www.onlinekhabar.com/2022/03/1093085	entertainment	L
प्रताप र मेलिनाको ‘दुख्छ मन’को भिडिओ सार्वजनिक, आकाश र एलिजाको बोल्ड अवतार	काठमाडौं, २९ फागुन। चर्चित नायक आकाश श्रेष्ठ र नायिका एलिजा गौतम अभिनित ‘दुख्छ मन’ बोलको गीतको भिडिओ सार्वजनिक भएको छ। चर्चित गायक प्रताप दास र गायिका मेलिना राईको स्वर रहेको गीतमा शब्द, रचना भने ...	https://l.hamropatro.com/r/https://www.reportersnepal.com/2022/03/659956	entertainment	L
विजय र निशाको ‘पिपलु’ सार्वजनिक 	कास्की । लोक तथा दोहोरी गायक विजय केसी र गायिका निशा केसीको लोक दोहोरी गीत ‘पिपलु’ सार्वजनिक भएको छ ।माया प्रेमको भाव समावेश गरिएको दोहोरी गीत यही शुक्रवार शिव हमाल युट्युब च्यानलबाट सार्वजनिक भएक...	https://l.hamropatro.com/r/https://www.newsofnepal.com/2022/03/13/481027/	entertainment	L
माओवादी केन्द्रका नेताहरुले विरोध गरेको गीतमा बाबुरामको किन समर्थन?	काठमाडौँ– गायक तथा कलाकार प्रकाश सपुतको ‘पीर’ गीत सार्वजनिक भएपछि जनयुद्ध लडेका महिलाहरुको अपमान गरिएको भन्दै विवाद भइरहेको समयमा पूर्व माओवादी नेता, हाल जसपाका संघिय परिषद् अध्यक्ष रहेका डा.बाबुरा...	https://l.hamropatro.com/r/https://deshsanchar.com/2022/03/13/623712/	entertainment	L
हामीसँग कन्सेप्ट र कन्टेन्ट छ तर कन्ट्रोभर्सी छैन : चिसो एष्ट्रे टिम	काठमाडौं : आउँदो शुक्रवारदेखि  'चिसो एष्ट्रे' प्रदर्शनमा आउँदैछ। यतिखेर फिल्मका निर्माता, निर्देशक देखि कलाकारहरू प्रचारमै व्यस्त छन्। फिल्मको प्रमोशनको लागि आज काठमाडौंमा पत्रकार भेटघाट कार्यक्रम ...	https://l.hamropatro.com/r/https://pahilopost.com/content/20220313163521.html	entertainment	L
‘मेरो लागि बजेट ठूलो हो, एउटा फिल्मलाई ५० दिनभन्दा बढी समय दिन सकिँदैन ’	मुम्बई । बलिउडका सबैभन्दा व्यस्त र सफल अभिनेता हुन्, अक्षय कुमार । अक्षयले हरेक वर्ष धेरै फिल्ममा काम गर्छन् र उनका अधिकांश फिल्म हिट भएका छन् । अक्षयले हालै एक अन्तर्वार्तामा आफ्नालागि बजेट सबैभन...	https://l.hamropatro.com/r/https://www.nepalpress.com/2022/03/13/165084/	entertainment	L
माओवादी नेता-कार्यकर्ताले प्रकाश सपुतको भिडियोमा नदेखेका यी राम्रा पक्षहरु	काठमाडौं । माओवादी केन्द्रका नेता र विधार्थीहरु अहिले प्रकाश सपुतको नयाँ गीत ‘पिर’ को भिडियोलाई लिएर आक्रोशित छन् । माओवादी जनयुद्धका कथावस्तुमा तयार पारिएको गीतको भिडियोलाई लिएर माओवादीका नेताहरुल...	https://l.hamropatro.com/r/https://www.sutranews.com/115457/2022/03/13/	entertainment	L
प्रकाश सपूतको 'पिर'ले निम्त्याएको चिन्ता	काठमाडौँ — समकालिन नेपाली राजनीतिको प्रतिबिम्ब झल्केको रुपमा गायक प्रकाश सपूतको 'पिर' गीतको चर्चा भइहरेको छ । तर केही सीमित मानिसहरूलाई चाहिँ त्यसले ठूलै पिर पारेको छ । विशेषगरी माओवादीका नेता र का...	https://l.hamropatro.com/r/https://ekantipur.com/news/2022/03/13/164715914973238985.html	entertainment	L
‘सातौं राष्ट्रिय लोक दोहोरी अवार्ड’ सम्पन्न, बमबहादुर कार्कीलाई दिर्घ साधना सम्मान	गायक बमबहादुर कार्कीलाई दिर्घ साधना सम्मान अर्पण गर्दै ‘सातौं राष्ट्रिय लोक दोहोरी अवार्ड – २०७८’ सम्पन्न भएको छ । राष्ट्रिय लोक तथा दोहोरी गीत प्रतिष्ठान नेपाल, उपत्यका समन्वय समिती, काठमाडौंको आय...	https://l.hamropatro.com/r/https://canadanepal.com/content/47066	entertainment	L
‘बोलमाया’ देखि ‘पीर’ सम्म : प्रकाश सपुतका कालजयी ६ गीत	काठमाडौं । गायक प्रकाश सपुत फेरि एकपटक आफ्नो सिर्जनामार्फत चर्चाको केन्द्रमा छन् । उनको नयाँ गीतले ‘पीर’ ले सांगीतिक क्षेत्रको दायरा नाघेर राजनीतिक वृत्तमा नै तरंग ल्याइदिएको छ । संगीत मुलतः मनोरञ...	https://l.hamropatro.com/r/https://www.nepalpress.com/2022/03/13/165060/	entertainment	L
राधे श्यामको दोस्रो दिनको कलेक्शन : अपेक्षा भन्दा निकै कम	काठमाडौं । प्रभासको हालै रिलिज भएको फिल्म ‘राधे श्याम’सँग ‘नाम बडे र दर्शन छोटे’ भन्ने वाक्यांश एकदमै मिल्छ । बाहुबली पछि, सुपर स्टार बनेका प्रभासको फिल्मले बक्स अफिसमा आफ्नो चमत्कार देखाउन सकेन। ...	https://l.hamropatro.com/r/https://www.lokpath.com/story/508629	entertainment	L
प्रेममा रहेको सुहानाको संकेत, अनमोल भन्छन्- आज्ञा साथी मात्र 	२९ फागुन, काठमाडौं । सुहाना थापा र अनमोल केसी आगामी वैशाख १ गते रिलिजको तयारीमा रहेको ‘ए मेरो हजुर ४’को प्रचारप्रसारमा व्यस्त छन् । सार्वजनिक भएका यो फिल्मको गीत र टिजरमा यी दुईलाई रुचाइएको पनि छ ।...	https://l.hamropatro.com/r/https://www.onlinekhabar.com/2022/03/1093027	entertainment	L
उदय–मनिलाको नयाँ गीत ‘नजाऊ परदेश’ सार्वजनिक	गायक गायिका उदय – मनिला सोताङको स्वर रहेको गीत ‘नजाऊ परदेश’ सार्वजनिक भएको छ । डी. आर.को शब्द र ज्योतिप्रकाशको संगीत रहेको गीत भिडियो सहित सार्वजनिक भएको हो । भिडियोमा निम्नवर्गीय एक युवकको वैदेशिक...	https://l.hamropatro.com/r/https://ratopati.com/story/226225/2022/3/13/song-	entertainment	L
सुरज पाण्डेको डेब्यु निर्देशन ‘परस्त्री’को छायांकन सुरु	काठमाडौं– अभिनेता सुरज पाण्डले निर्देशकको रुपमा डेब्यु गर्न लागेको फिल्म ‘परस्त्री’को छायांकन सुरु भएको छ। आइतबार ललितपुरको बंगलामुखी मन्दिरमा फिल्मको शुभमुहुर्तसँगै छायांकन सुरु भएको फिल्मको निर्म...	https://l.hamropatro.com/r/https://nepallive.com/story/275232	entertainment	L
साहित्यिक पत्रकार नगेन्द्रराज शर्मालाई विशेष सम्मान	काठमाडौं, फागुन २९ : अभिनव साहित्य समाज र सुरभि साहित्य प्रतिष्ठानले वरिष्ठ साहित्यिक पत्रकार नगेन्द्रराज शर्मालाई नगद पुरस्कारसहित विशेष सम्मान गरेका छन्।  अभिनव साहित्य समाजको २४१औँ साहित्यिक शङ...	https://l.hamropatro.com/r/https://kathmandupress.com/news/60222	entertainment	L
परस्त्रीको शुभमुहूर्त, नेपाली र हिन्दी भाषामा बन्ने	काठमाडौँ– चलचित्र ‘परस्त्री’ को शुभमुहूर्त गरिएको छ। सुरज पाण्डेको डेव्यु निर्देशन रहने चलचित्रको आइतबार ललितपुरको बंगलामुखी मन्दिरमा शुभमुहूर्तसँगै छायांकन सुरु भएको हो। शुभमुहूर्तसँगै चलचित्र निर...	https://l.hamropatro.com/r/https://deshsanchar.com/2022/03/13/623618/	entertainment	L
गोल्डकप र झापाली क्रेज	बिर्तामोड — खेल तोकिएको थियो सवा ३ बजे । तर, १ बजे नै चर्को घाममै दर्शक लाइन लाग्न तम्तयार थियो । खेल सुरु हुन एक घण्टा बाँकी नै थियो, बाइक पार्किङस्थल भरिहाल्यो । बाँसको प्यारापिटमा दर्शक खचाखच भइ...	https://l.hamropatro.com/r/https://ekantipur.com/sports/2022/03/14/164722092633685414.html	sports	L
पुरानै प्रतिद्वन्द्वीबीच उपाधि होड	बिर्तामोड — पाँचौं झापा गोल्डकप फुटबल प्रतियोगिताको उपाधिका लागि सोमबार आयोजक झापा–११ र विभागीय टोली त्रिभुवन आर्मी क्लबबीच अन्तिम भिडन्त हुँदै छ । चिरप्रतिद्वन्द्वी यी दुई टिम झापा गोल्डकपको उपाधि...	https://l.hamropatro.com/r/https://ekantipur.com/sports/2022/03/14/164722088288876043.html	sports	L
चर्कँदै एनएसएल/ए डिभिजनको लफडा : सम्झौतामा यस्तो बुँदा, जसले झस्कायो ए डिभिजन क्लबलाई	काठमाडौं : शहीद स्मारक ए डिभिजन लिग सकिँदा नसकिँदै पहिलो संस्करणमा राम्रो चर्चा पाएको नेपाल सुपर लिगले मार्की खेलाडी र प्रशिक्षक अनुबन्धन गर्ने प्रकृया अघि बढायो। पहिलो संस्करणमा खासै आपत्ति नजनाएक...	https://l.hamropatro.com/r/https://pahilopost.com/content/20220314071139.html	sports	L
सानदार जितसहित बार्सिलोना तेस्रो स्थानमा उक्लियो	ओसासुनामाथि सानदार जित निकाल्दै बार्सिलोना स्पेनिस ला लिगाको तेस्रो स्थानमा उक्लिएको छ।  घरेलु मैदानमा गए राती भएको खेलमा ओसासुनालाई ४–० को फराकिलो अन्तरले हराउँदै बार्सिलोना शीर्ष तीनमा पुगेको हो...	https://l.hamropatro.com/r/https://www.setopati.com/sports/football/264585	sports	L
प्रिमियर लिगमा चेल्सीको कठिन जित	इंग्लिस प्रिमियर लिगमा चेल्सी विजयी भएको छ । गएराति स्टाम्फोर्ड ब्रिजमा भएको खेलमा घरेलु टोली चेल्सी न्युकासल युनाइटेडमाथि १–० ले विजयी भएको हो ।   खेलको ८९ औं मिनेटमा काइ हार्भट्जले गरेको १ मात्र...	https://l.hamropatro.com/r/https://farakdhar.com/story/78160	sports	L
इंलिस प्रिमियर लिगमा लेस्टर सिटीलाई हराउँदै आर्सनल शीर्ष चारमा	एजेन्सी। इंलिस प्रिमियर लिगमा लेस्टर सिटीलाई २–० ले हराउँदै आर्सनल चौथो स्थानमा उक्लेको छ। पछिल्लो ५ खेलमा लगातार विजयी भइरहेको आर्सनलले लेस्टरलाई हराएर च्याम्पियन्स लिगमा छनोट हुने बलियो दाबेदारी ...	https://l.hamropatro.com/r/https://www.nepalviews.com/2022/03/14/47356/	sports	L
इङ्ग्लिस प्रिमियर लिगमा चेल्सी, वेस्टह्याम र आर्सनल विजयी	काठमाण्डाै - इङ्ग्लिस प्रिमियर लिग फुटबलमा चेल्सी विजयी भएको छ । गएराति भएको खेलमा चेल्सीले न्युक्यासललाई १–० गोल अन्तरले हराएको हो । घरेलु मैदानमा चेल्सीलाई जिताउन काइ हार्भट्जले खेलको ८९औँ मिनेट...	https://l.hamropatro.com/r/https://ujyaaloonline.com/story/66426/2022/3/14/english-premier-league-winners-chelsea-west-ham	sports	L
शानदार जीतसँगै तेस्रो स्थानमा उक्लियो बार्सा	फेरान टोरेसको दुई गोलको मद्दतले बार्सिलोनाले ओसासुनामाथि ४-० को शानदार जीत हासिल गरेको छ । ला लिगामा बार्सिलोनाको लगातार चौथो जीत हो । जीतसँगै बार्सिलोना लिगको तेस्रो स्थानमा उक्लिएको छ । बार्सिलो...	https://l.hamropatro.com/r/https://ratopati.com/story/226309/2022/3/14/barcelona-	sports	L
लेस्टर सिटीलाई हराउँदै आर्सनल शीर्ष चारमा	एजेन्सी । इंग्लिस प्रिमियर लिग फुटबल अन्तर्गत आर्सनलले सहज जित निकालेको छ । आइतबार राति भएको खेलमा आर्सनलले लेस्टर सिटीलाई २-० गोलले पराजित गरेको हो ।  आर्सनलको घरेलु मैदान इमिरेट्स स्टेडियममा भएक...	https://l.hamropatro.com/r/https://www.nepalipatra.com/news/premier-league/90697	sports	L
एभर्टनलाई रेलिगेसनको खतरा !	काठमाडौँ । इङलिश प्रिमियर लिग अन्तर्गत एभर्टन वोल्भ्ससँग पराजित भएको छ । आइतबार भएको खेलमा एभर्टन वोल्भ्ससँग १-० गोल अन्तरले पराजित भएको हो । एभर्टनको प्रिमियर लिगमा यो लगातार चौथो हार हो । एभर्ट...	https://l.hamropatro.com/r/https://kharibot.com/news-details/101546/2022-03-14	sports	L
न्युकासल युनाइटेडमाथि चेल्सीको जित	काठमाडौं– इंग्लिस प्रिमियर लिग फुटबलअन्तर्गत चेल्सीले जित हात पारेको छ। आइतबार राति सम्पन्न खेलमा चेल्सीले न्युकासल युनाइटेडमाथि १–० गोल अन्तरको झिनो जित  निकालेको हो। घरेलु मैदानमा चेल्सीलाई जित ...	https://l.hamropatro.com/r/https://nepallive.com/story/275271	sports	L
एम्बाप्पे र नेयमारको गोलमा पीएसजीको शानदार जित	काठमाडौं – गएराति भएको फ्रेन्च लिग वान फुटबलमा पेरिस सेन्ट जर्मेन (पीएसजी) ले ओर्डेअक्समाथि शानदार जित निकालेको छ।	https://l.hamropatro.com/r/https://www.khabarhub.com/2022/14/361197/	sports	L
इंग्लिस प्रिमियर लिग : आर्सनलले लेस्टर सिटीलाई हरायो	इंग्लिस प्रिमियर लिग फुटबलमा आर्सनलले जीत निकालेको छ । आइतवार राति भएको खेलमा आर्सनलले लेस्टर सिटीलाई २-० गोल अन्तरले हराएको हो । जीतसँगै आर्सनल लिगको चौंथो स्थानमा उक्लिएको छ । आर्सनलले २६ खेलम...	https://l.hamropatro.com/r/https://lokaantar.com/story/175499/2022/3/14/sports/football-	sports	L
न्यूक्यासलमाथि चेल्सीको संघर्षपूर्ण जित	काठमाडौँ । इङलिश प्रिमियर लिग अन्तर्गत चेल्सीले न्यूक्यासल युनाइटेडलाई पराजित गरेको छ । आइतबार सम्पन्न खेलमा चेल्सीले न्यूक्यासललाई १-० गोल अन्तरले पराजित गरेको हो । चेल्सीको जितमा खेलको ८९औं मिन...	https://l.hamropatro.com/r/https://kharibot.com/news-details/101545/2022-03-14	sports	L
टेस्ट क्रिक्रेटमा ऋषभ पन्तले तोडे कपिल देवको ४० वर्षे पुरानो कीर्तिमान	काठमाडौं- भारत र श्रीलंकाबीच बैंगलोरमा जारी डे–नाइट टेस्ट सिरिजमा भारतीय विकेटकिपर ब्याट्सम्यान ऋषभ पन्तले कीर्तिमानी अर्धशतक बनाएका छन्।  श्रीलंकाविरुद्ध उनले २८ बलमा तूफानी अर्धशतक बनाएका हुन्। ...	https://l.hamropatro.com/r/https://nepallive.com/story/275262	sports	L
दौड प्रतियोगितामा भाग लिन जुम्लाका चार खेलाडी भारत जाँदै	भारतको नागाल्यान्डमा हुने सार्कस्तरीय क्रसकन्ट्री एथ्लेटिक्स खेल प्रतियोगितामा भाग लिन जुम्लाका चार खेलाडी त्यसतर्फ जाने भएका छन् । यही २७ मार्च २०२२ मा उक्त प्रतियोगिता हुँदैछ ।   प्रतियोगितामा भ...	https://l.hamropatro.com/r/https://lokaantar.com/story/175496/2022/3/13/sports/running-	sports	L
इतिहास शिरोमणि बाबुराम आचार्यको १३५ औँ जन्मजयन्तीः किन भएनन् ३१ वर्षसम्म खरदारबाट बढुवा ?	काठमाडौं । इतिहासशिरोमणि बाबुराम आचार्यको १३५ औँ जन्मजयन्ती आज काठमाडौंको नेपाल प्रज्ञा प्रतिष्ठानमा भव्य रुपमा मनाइएको छ। नेपाल प्रज्ञा प्रतिष्ठान र इतिहास शिरोमणि बाबुराम आचार्य स्मृति प्रतिष्ठा...	https://l.hamropatro.com/r/https://www.newsofnepal.com/2022/03/13/481102/	sports	L
जुम्लाका ४ खेलाडी दौड प्रतियोगितामा भाग लिन भारत जाँदै	जुम्लाका खेलाडी  दौड प्रतियोगितामा भाग लिन भारत जाने भएका छन् ।  भरतको  नागल्याण्डमा हुने दौड प्रतियोगितामा भाग लिन जुम्लाका ४ खेलाडी जाने भएका हुन्  । २७ मार्च २०२२ मा हुने सार्क स्तरीय क्रसकन्ट्...	https://l.hamropatro.com/r/https://ratopati.com/story/226292/2022/3/13/jumla-youth	sports	L
पाकिस्तानमा भएको पीएटीएस प्रतियोगितामा स्वर्ण जितेका सैनिकहरूलाई सम्मान	काठमाडौँ– पाकिस्तानमा भएको पाँचौ अन्तर्राष्ट्रिय पाकिस्तान आर्मी टिम स्प्रिट (पीएटीएस) प्रतियोगिता २०२२ मा स्वर्ण पदक जितेका नेपाली सैनिकहरूलाई सम्मान गरिएको छ ।	https://l.hamropatro.com/r/https://www.khabarhub.com/2022/13/361151/	sports	L
पीएसजीलाई लिगमा १५ अंकको अग्रता 	फ्रेन्च लिग वानमा पेरिस सेन्ट जर्मेइन (पीएसजी)ले तालिकामा १५ अंकका अग्रता लिएको छ । शीर्ष स्थानमा रहेको पीएसजीले ब्रोडेक्सलाई ३–० गोल अन्तरले पराजित गर्दै ३ अंक थप्दा उसको २८ खेलबाट ६५ अंक पुगेको ...	https://l.hamropatro.com/r/https://www.neplays.com/archives/128576	sports	L
बालमिका सर्वोत्कृष्ट खेलाडी, प्रतिभा उत्कृष्ट	आइतबार, फागुन २९, २०७८ चितवन (हाम्रो खेलकुद) – होङ्गान्जी न्यु डायमन्डकी युवा खेलाडी तथा मिडिल ब्लकर बालमिका आचार्य चितवन सम्पन्न लोक बहादुर पुन स्मृति कप राष्ट्रिय महिला भलिबल प्रतियोगिताको सर्वो...	https://l.hamropatro.com/r/https://www.hamrokhelkud.com/featured/106834.html	sports	L
मेयर कप : थालिगडा र बाराकोट अन्तिम चारमा सुरक्षित	बैतडीको दशरथचन्द नगरपालिकामा जारी पाँचौँ संस्करणको मेयर कप क्रिकेट प्रतियोगितामा दनपा–६ थालिगडा र दनपा–१० बाराकोट सेमिफाइनलमा प्रवेश गरेका छन् । थालिगडाले दनपा–८ त्रिपुरा र बाराकोटले दनपा–१ गुरुखोल...	https://l.hamropatro.com/r/https://www.neplays.com/archives/128575	sports	L
गुजरात टाइटन्सको जर्सी सार्वजनिक	काठमाडौं- इण्डियन प्रिमियर लिग (आईपीएल)– २०२२ सुरु हुन दुई साताभन्दा कम समय बाँकी छ। हालै मुम्बई इन्डियन्स, रोयल च्यालेन्जर्स बैंगलोर र दिल्ली क्यापिटल्सले आफ्नो टोलीको नयाँ जर्सी लन्च गरेका छन्। ...	https://l.hamropatro.com/r/https://nepallive.com/story/275260	sports	L
प्रथम वागमती प्रदेश खेलकुद: फुटबलमा ललितपुरको कठिन जित	हेटौडा: प्रथम प्रदेश खेलकुद प्रतियोगिताको अन्तर्गत पुरुष फुटबलमा ललितपुरले कठिन जित निकालेको छ। हेटौंडास्थित क्याम्पा डाँडा रंगशाला आइतबार भएको खेलमा ललितपुरले चितवनमाथी १–० को कठिन जित निकाल्न सफल...	https://l.hamropatro.com/r/https://pahilopost.com/content/20220313204332.html	sports	L
झापा गोल्डकपः फाइनलमा त्रिभुवन आर्मी र झापा–११ भिड्दै	काठमाडौँ – झापा गोल्डकपको फाइनल खेल सोमबार त्रिभुवन आर्मी फुटबल क्लब र झापा–११ बीच हुँदै छ। बिर्तामोडस्थित डोमालाल राजवंशी रंगशालामा हुने खेलमा दुवैले उपाधि रक्षाका लागि प्रतिस्पर्धा गर्नेछन्। झाप...	https://l.hamropatro.com/r/https://deshsanchar.com/2022/03/13/623817/	sports	L
बोर्डेक्समाथि पिएसजीको सहज जित	काठमाडौँ । फेन्च लिग वानमा पिएसजीले बोर्डक्समाथि सहज जित हासिल गरेको छ । आइतबार सम्पन्न खेलमा पिएसजीले बोर्डेक्सलाई ३-० गोल अन्तरले पराजित गरको हो । पिएसजीको जितमा किलियन एम्बाप्पे, नेइमार र लीन्द...	https://l.hamropatro.com/r/https://kharibot.com/news-details/101538/2022-03-13	sports	L
फ्रेन्च लिग वान : पिएसजीकाे सहज जित	फ्रेन्च लिग वानअन्तर्गत आज सम्पन्न खेलमा लिग लिडर पेरिस सेन्ट जर्मेन (पिएसजी) विजयी भएकाे छ । घरेलु टाेली पिएसजीले बाेर्डियक्समाथि ३-० काे सहज जित हात पारेकाे हाे । पार्क डेस प्रिन्सेसमा पिएसजीला...	https://l.hamropatro.com/r/https://farakdhar.com/story/78146	sports	L
राष्ट्रिय महिला भलिबलको उपाधि न्यु डायमन्डलाई	चितवन — काठमाडौंको हाङबाङजी न्यु डायमन्ड स्पोर्ट्स क्लबले ‘स्वर्गीय लोकबहादुर पुन स्मृति कप’ महिला भलिबल प्रतियोगिताको उपाधि जितेको छ । विभागीय टोली नेपाल पुलिस क्लबलाई पराजित गर्दै डायमन्ड स्पोर्ट...	https://l.hamropatro.com/r/https://ekantipur.com/sports/2022/03/13/164717984950323045.html	sports	L
नेपाली धावक नारायणले कुवेतमा जिते उपाधी	नेपाली धावक नारायण श्रेष्ठले अमेरिकन युनिर्भसिटी अ,ि मिडिल इष्ट दौडको (एयूएम) को उपाधी जितेका छन् । उनले यो लगातार तेस्रो पटक उपाधी जितेका हुन् । मध्य पुर्व एयुएम रनमा उपाधी हात पारेपछि उत्साहित हु...	https://l.hamropatro.com/r/https://rajdhanidaily.com/id/58083/	sports	L
चार क्लबले भने : एनएसलबारे विवाद छिटो समाधान गर	२९ फागुन, काठमाडौं । शहीद स्मारक ए डिभिजन लिग खेल्ने चार क्लबले नेपाल सुपर लिग (एनएसएल) का कारण उत्पन्न विवाद चाँडै समाधान गर्न अखिल नेपाल फुटबल संघ एन्फालाई आग्रह गरेका छन् । न्यूरोड टिम (एनआरटी)...	https://l.hamropatro.com/r/https://www.onlinekhabar.com/2022/03/1093168	sports	L
प्रथम प्रदेश खेलकुद प्रतियोगिता : ललितपुरको विजयी शुरुआत	प्रदेश खेलकुद विकास परिषद् बागमती प्रदेशको आयोजनामा भएको प्रथम प्रदेश खेलकुद प्रतियोगिताको पुरुष फुटबल प्रतियोगिता अन्तरगत ललितपुर जिल्लाले विजयी शुरुआत गरेको छ । आज प्रदेश राजधानी हेटौंडाको पिप्ले...	https://l.hamropatro.com/r/https://hamrakura.com/news-details/119280/2022-03-13	sports	L
एन्फालाई चार क्लबले भने– जस्केलोबाट छिर्न खोजे सैह्य हुने छैन	काठमाडौं । सहिद स्मारक ‘ए’ डिभिजन लिगका चार क्लबले अखिल नेपाल फुटबल संघ (एन्फा) र नेपाल सुपर लिग (एनएसएल) को आयोजक नेपाल स्पोर्ट्स एन्ड इभेन्ट म्यानेजमेन्ट प्रालिबीच भएको सम्झौताको विरोध गरेका छन् ...	https://l.hamropatro.com/r/https://baahrakhari.com/news-details/344040	sports	L
