युक्रेनभित्रै राष्ट्रपति जेलेन्स्कीको हत्या प्रयास : ३ पटक असफल, कहाँ भए गायब ?	रुससँग डटेर युद्ध गरिरहेका युक्रेनका राष्ट्रपति भोलोदीमीर जेलेन्स्कीको हत्या गर्ने प्रयास भइरहेको छ । रुसले राष्ट्रपति जेलेन्स्कीसहित युक्रेनका २४ उच्च अधिकारीको हत्या गर्न छुट्टै सैन्य टोली परिचा...	https://l.hamropatro.com/r/https://lokaantar.com/story/174537/2022/3/5/international/volodymyr-zelenskyy	popular	L
युद्धमा सहयोग गर्न नेटो सेना युक्रेनमा प्रवेश गरिसक्यो ? रुसको यस्तो दाबी	रुस र युक्रेनबीच युद्ध जारी रहेका बेला नेटो सेनाको नाम चर्चामा आएको छ । अमेरिका नेतृत्वको सैन्य गठबन्धन नेटोमा युक्रेन आवद्ध हुन खोज्दा आक्रोशित रुसले आक्रमण गरेको पृष्ठभूमिमा रुसलाई ठेगान लगाउन न...	https://l.hamropatro.com/r/https://lokaantar.com/story/174539/2022/3/5/international/ukraine	popular	L
युक्रेनमा ‘भाडाका विदेशी सेना’ रुसको टाउको दुःखाइ बन्दै	२१ फागुन, काठमाडौं । रुसले युक्रेनमा विशेष सैन्य कारबाही थालनी गरेको नौ दिन पुगिसकेको छ । तर रुसी सेना अपेक्षा गरे अनुसार अघि बढ्न सकिरहेको छैन । हुन त, खेर्सन जस्तो महत्वपूर्ण बन्दरगाह शहर रुसको ...	https://l.hamropatro.com/r/https://www.onlinekhabar.com/2022/03/1089228	popular	L
अभिनेत्रीको दर्दनाक कथा : मोटोपनका कारण काम पाइनन्, शल्यक्रिया गर्दा ३१ वर्षको उमेरमा मृत्यु	तेलगु चलचित्र अभिनेत्री आरती अग्रवालको आज जन्म जयन्ती हो । आरतीको जन्म मार्च ५ मा न्यु जर्सीमा भएको थियो। आरती १४ वर्षको हुँदा अभिनेता सुनिल शेट्टीले उनलाई पेन्सिलभेनिया सिटीको फिलाडेल्फियामा आयोजि...	https://l.hamropatro.com/r/https://ratopati.com/story/224559/2022/3/5/arthi-agrawal-	popular	L
सबासँग विवाह गर्ने योजनामा ऋतिक ?	ऋतिक रोशन र उनकी श्रीमती सुजेन खान छुट्टिएको धेरै समय भइसकेको छ । यसैबीच, ऋतिक रोशन र साबा आजाद एकसाथ देखिए र त्यसपछि दुईको  सम्बन्धको निकै खबर छ । खाना खानेदेखि किनमेलसम्ममा पपाराज्जीले दुई जनालाई...	https://l.hamropatro.com/r/https://ratopati.com/story/224577/2022/3/5/ritik-roshan	popular	L
युक्रेनको राष्ट्रपति भवनमा रकेट हमला भएको आरोप, जेलेन्स्कीले भने – निशाना चुक्यो	युक्रेनका राष्ट्रपति भोलोदीमीर जेलेन्स्कीले राष्ट्रपति कार्यालयमा रकेट हमला भएको आरोप लगाएका छन् । रुसी सेनाले सैन्य कारवाही गरेपछि युद्ध निम्तिएको युक्रेनमा राष्ट्रपति जेलेन्स्कीको हत्या गर्न रके...	https://l.hamropatro.com/r/https://lokaantar.com/story/174557/2022/3/5/international/ukraine	popular	L
रुसी सेनालाई समाप्त पारिदिन्छौं : युक्रेन	२१ फागुन, काठमाडौं । युक्रेनका राष्ट्रपति भ्लोदोमिर जेलेन्स्कीले युरोपको आकासमा हवाई प्रतिबन्ध नलगाएको भन्दै पश्चिमा देशहरुको आलोचना गरेका छन् । यसैगरी राष्ट्रपति जेलेन्स्कीका एकजना सल्लाहकारले रु...	https://l.hamropatro.com/r/https://www.onlinekhabar.com/2022/03/1089257	popular	L
युक्रेन रुस युद्ध यी हुन् सम्भावित ५ नतिजा	युद्धको कुहिरोमा अगाडिको बाटो हेर्न गाह्रो हुन सक्छ। रणभूमिबाट आउने समाचार, देश-देशको वाक्प्रचार, घरबारविहीन जनताको पीडा, यी सबैको कोलाहलले तपाईंलाई युद्धको समयमा घेरिरहेको हुन्छ । त्यसोभए केही सम...	https://l.hamropatro.com/r/https://ratopati.com/story/224561/2022/3/5/5-outcome-of-russia-ukraine-war	popular	L
युक्रेन-रूस युद्धको दसौं दिन : के-के भयो?	किभ : युक्रेन र रुस युद्धको आज दसौं दिन हो । पछिल्लो चौबीस घण्टामा के-के भए थाहा पाउनुहोस्: ब्रसेल्समा नेटो देशका विदेशमन्त्रीहरूको बैठकपछि गठबन्धनका महासचिव यान्स स्टोल्टेनबर्गले युक्रेनमाथि गठबन...	https://l.hamropatro.com/r/https://annapurnapost.com/news/197732	popular	L
ऋषभ पन्तले बराबरी गरे धोनीको नचाहिने कीर्तिमान	शुक्रबारदेखि मोहालीमा सुरु भएको भारत र श्रीलंकाबीचको पहिलो टेस्टको सुरुवाती दिनमा ६ विकेटको क्षतिमा भारतले ३५७ रन बनायो । ऋषभ पन्त भारतका लागि सबैभन्दा धेरै रन बनाउने खेलाडी थिए। यद्यपि उनी शतक बना...	https://l.hamropatro.com/r/https://ratopati.com/story/224563/2022/3/5/wicket-keeper-batsman-to-get-out-in-nervous-nineties-	popular	L
रुसले गर्‍यो युद्धविरामको घोषणा : सर्वसाधारणका लागि मानवीय करिडोर खोल्ने	किभ : रुसले युद्धविरामको घोषणा गरेको छ। बीबीसी संवाददाता जेम्स वाटरहाउसले रुस र युक्रेनबीच जारी युद्धको दसौं दिनमा रसियाले युद्धविरामको घोषणा गरेको बताएका छन्।  सामाजिक सञ्जालमा पोस्ट गर्दै उनले स...	https://l.hamropatro.com/r/https://annapurnapost.com/news/197756	popular	L
विवाह गरेको ८ वर्षपछि आधिकारिक रुपमा सिंगल बनिन् किम	विवाह गरेको ८ वर्षपछि चर्चित सेलिब्रिटी किम कार्दशियन गायक कान्ये वेस्टबाट अलग भएकी छन् । यी दुईबीच सम्बन्ध विच्छेदको मुद्दा विगत केही महिनादेखि चलिरहेको छ । यही बीचमा किमले आफूलाई सिंगल घोषणा गर्न...	https://l.hamropatro.com/r/https://ratopati.com/story/224566/2022/3/5/kim-kardasian	popular	L
मानवीय सहायताका लागि रूसले गर्‍यो युक्रेनमा युद्धविराम 	छिमेकी युक्रेनमाथि आक्रमण गरेको दशौं दिनमा रूसले युद्धविराम घोषणा गरेको छ।  रूसी  समाचार संस्था स्पुतनिकका अनुसार मानवीय सहायताका लागि शनिबार जिएमटी (ग्रिनविच मिन टाइम) अनुसार ६ बजेदेखि युद्धविराम...	https://l.hamropatro.com/r/https://www.setopati.com/politics/263799	popular	L
रुसी आक्रमणपछि १२ लाखले छोडे देश, युक्रेनी राष्ट्रपतिले अमेरिकी सिनेटलाई सम्बोधन गर्ने	रुसको आक्रमणपछि १२ लाख युक्रेनीले देश छोडेका छन् भने अझै छिमेकी देशतर्फ जाने क्रम जारी रहेको छ। संयुक्र राष्ट्रसंघीय शरणार्थी सम्बन्धी उच्च आयोगका अनुसार शनिबार बिहानसम्म १२ लाख नौ हजार ९७६ युक्रे...	https://l.hamropatro.com/r/https://www.himalkhabar.com/news/128680	popular	L
१२ घण्टाअघि अर्का क्रिकेटरलाई दिएको श्रद्धाञ्जली बन्यो वार्नको अन्तिम ट्वीट	अष्ट्रेलियाली दिग्गज लेग स्पिनर शेन वार्नको ५२ वर्षको उमेरमा निधन भएको छ। हृदयाघातका कारण उनको निधन भएको हो । वार्नले शुक्रबार बिहान अस्ट्रेलियाका पूर्व विकेटकिपर-ब्याट्सम्यान रड मार्शको निधनबारे ...	https://l.hamropatro.com/r/https://ratopati.com/story/224552/2022/3/5/shane-warne-death-	popular	L
तीनपटक राष्ट्रपति जेलेन्स्कीको हत्या प्रयास 	किभ । युक्रेनको टेलिभिजनमा विदुषकको भूमिका निभाउँदा निभाउँदै राष्ट्रपति बन्न पुगेका भोलोदिमिर जेलेन्सकी गत साता युद्ध शुरु भएयता कम्तिमा तीनपटक विशेष सुरक्षादस्ताको ज्यान लिने प्रयासबाट बच्न सफल भए...	https://l.hamropatro.com/r/https://baahrakhari.com/news-details/343325	popular	L
हतारमा निःशस्त्रीकरणले युक्रेनको दुःख बन्दै रुस	काठमाडौं, फागुन ३१ । सन् १९९६ अघिको समय हुँदो हो त युक्रेनमाथि आक्रमण गर्ने ‘साहस’ हरकोही देशले गर्ने थिएन। तर अहिलेको युक्रेनमाथि छिमेकी शक्तिशाली देश रुसले हमला गरेर क्षति पुर्‍याइरहेको छ। एक सा...	https://l.hamropatro.com/r/https://www.reportersnepal.com/2022/03/656155	popular	L
पुटिनका ८० प्रतिशत आर्मी युक्रेनमा छन्, उनीहरुलाई हामी यहिँ गाड्ने छौँ : युक्रेनी अधिकारी	युक्रेनका राष्ट्रपति भोलोडिमिर जेलेन्स्कीका एक सल्लाहकारले आफ्नो देशको आर्मीले जारी युद्धमा अप्रत्यासित वा भाग्यका कारण सफल नभएको बताएका छन् । राष्ट्रपतिका सल्लाहकार एलेक्सी एरिस्तोविकले सामाजिक स...	https://l.hamropatro.com/r/https://deshsanchar.com/2022/03/05/620807/	popular	L
सवारी नम्बर प्लेटमा नेपाली वर्ण निषेध !	यही फागुन १३ गते नेपाल प्रज्ञा प्रतिष्ठानले भाषाविद् र कानुन व्यवसायीहरूलाई आमन्त्रण गरेर सवारी साधनमा अङ्ग्रेजी वर्णको नम्बर प्लेटको प्रयोगबारे सरकारको निर्णयलाई पुनर्विचार कसरी गराउन सकिन्छ भनेर ...	https://l.hamropatro.com/r/https://ratopati.com/story/224564/2022/3/5/embossed-number-plate-	popular	L
रुस-युक्रेन युद्धः के के हुँदैछ ?	एजेन्सी, २१ फागुन । रुस र युक्रेनबीचको युद्धको नवौं दिन पुगेको छ । हालसम्म दुवैतर्फ ठूलो क्षति भइसकेको छ । रुसले ५ सय सैनिकको मृत्युको पुष्टि गरेको छ । युक्रेनले २ हजारभन्दा बढी सर्वसाधारणको मृत्यु...	https://l.hamropatro.com/r/https://www.reportersnepal.com/2022/03/656169	popular	L
जेलेन्स्की भन्छन्– नेटोले रुसलाई बमबारी जारी राख्ने अनुमति दियो	युक्रेनका राष्ट्रपति भोलोदिमिर जेलेन्स्कीले अमेरिकी सैन्य गठबन्धन नेटो तथा पश्चिमा मुलुकले रुसलाई युक्रेनमा बमबारी जारी राख्ने अनुमति दिएको आरोप लगाएका छन्। शुक्रबार उनले युक्रेनले निरन्तर ‘नो फ्ल...	https://l.hamropatro.com/r/https://nepalkhabar.com/global/122674-2022-3-5-9-32-5	popular	L
राष्ट्रसंघद्वारा रुस–युक्रेन वार्ताको स्वागत	संयुक्त राष्ट्र संघले रुस–युक्रेन वार्ताको स्वागत गर्दै सबै सम्झौताहरू ढिलाइ नगरी कार्यान्वयन हुने आशा व्यक्त गरेको छ। ‘हामी युक्रेनी र रुसी वार्ताकारहरू बीच हिजो बेलारुसमा दोस्रो चरणको वार्ताको क्...	https://l.hamropatro.com/r/https://ratopati.com/story/224590/2022/3/5/united-nation	popular	L
इन्धनको मूल्य बढ्दा सरकारलाई दैनिक थप ५५ लाख आम्दानी	पछिल्लो दुई महिनामाचारपटक पेट्रोलियम पदार्थको मूल्य बढेर उपभोक्ताको ढाड सेकिँदा अर्थ मन्त्रालय भने खुसी छ। इन्धनको मूल्य बढ्दा उपभोक्तालाई भार परेको छ। तर प्रतिशतका आधारमा राजस्व वृद्धि हुने भएकाले...	https://l.hamropatro.com/r/https://ratopati.com/story/224550/2022/3/5/petrol-price-	popular	L
युक्रेनले रुससँगकाे युद्ध जित्ने अमेरिकाकाे दावी	Created with sketchtool. सम्बन्धित नेटोको आलोचना गर्दै जेलेन्स्कीले भने–जति पनि मृत्यु हुनेछ त्यसको कारक तिमीहरु हुने छौ युक्रेनले रुससँगको जारी युद्ध जित्न सक्ने र जित्ने अमेरिकाका विदेशमन्त्री...	https://l.hamropatro.com/r/https://deshsanchar.com/2022/03/05/620834/	popular	L
टिकटक र फेसबुकमा आएका आफ्नाबारेको भ्रामक सूचनाबारे नेपाली सेनाको आपत्ति	नेपाली सेनाले टिकटक र फेसबुकमा आएका आफ्नाबारेको भ्रामक सूचनाबारे आपत्ति जनाएको छ। सेनाका विभिन्न गतिविधिका फोटो तथा भिडिओ प्रयोग गरेर जनमानसमा गलत सूचना फैलाउन खोजेको भन्दै सेनाले गम्भीर ध्यानाकर्...	https://l.hamropatro.com/r/https://www.setopati.com/politics/263777	popular	L
युक्रेन बचेन भने पूरै युरोप बन्चे छैन : युक्रेनी राष्ट्रपति	काठमाडौं- देश छाडेर पोल्याण्ड भागेको समाचारहरुकाबीच युक्रेनी राष्ट्रपति भ्लादमिर जेलेस्कीको नयाँ भिडियो सार्वजनिक भएको छ।  युक्रेनी राष्ट्रपति कार्यालयबाट जारी एक भिडियोमा उनले युरोपका मानिसहरुसँग...	https://l.hamropatro.com/r/https://nepallive.com/story/274523	popular	L
रुसी सैनिक युक्रेनको अर्को आणविक संयन्त्रतर्फ बढ्दैछ : राष्ट्रसंघमा अमेरिकी राजदूत	संयुक्त राष्ट्रसंघका लागि अमेरिकी राजदूतले रुसी सेना युक्रेनको अर्को आणविक संयन्त्रको नजिक पुगेको बताएकी छन् । युक्रेनको सबैभन्दा ठूलो आणविक संयन्त्र जेपोराजियामाथि रुसले बिहीबार गरेको आक्रमणपछि लि...	https://l.hamropatro.com/r/https://ratopati.com/story/224573/2022/3/5/usa-ambassador	popular	L
उल्टो हिँडाइ, सुल्टो गन्तव्य	यसपटक उल्टो हिँडेर फेरि गिनिजमा नाम लेखाउने जमर्को गर्दैछन् ऋषि परियार। उनको अबको करिब ४० दिनमा महाकाली पुग्ने लक्ष्य छ। लगातारको हिँडाइले खुट्टामा ठेला उठेका छन्।  शरीर थकित छ।  तर पनि उनलाई थकान...	https://l.hamropatro.com/r/https://annapurnapost.com/news/197744	popular	L
युक्रेनको चेतावनी– हामी पुटिनका सेनालाई जमिनमुनि गाडिदिन्छौं	युक्रेन राष्ट्रपति भोलोदिमिर जेलेन्स्कीका सल्लाहकारले आफूहरु भाग्य वा संंयोगको कारण सफल नभएको उल्लेख गरेका छन्। शुक्रबार सामाजिक सञ्जाल फेसबुकमार्फत सल्लाहकार एलेक्सी एरेस्तोभिचले भने, ‘हामी सफलता...	https://l.hamropatro.com/r/https://nepalkhabar.com/global/122662-2022-3-5-7-9-10	popular	L
फिनल्याण्ड र स्वीडेन नेटोमा सामेल हुने चर्चा	अमेरिकी राष्ट्रपति जो बाइडेन फिनल्याण्डलाई सुरक्षा र रक्षा सहयोगलाई थप बढाउन सहमत भएका छन्। युक्रेनमाथि रुसको आक्रमणले रुससँग सीमा जोडिरहेका युरोपेली देशहरुमा चिन्ता उत्पन्न भएको छ । त्यही क्रममा फ...	https://l.hamropatro.com/r/https://ratopati.com/story/224568/2022/3/5/neto-member	popular	L
रूसको निसानामा परमाणु केन्द्र	किभ : रूसले युक्रेनको परमाणु ऊर्जा केन्द्रलाई समेत आक्रमणको निसाना बनाएको छ। आक्रमणको नवौं दिन शुक्रबार जापोरिज्यास्थित एक परमाणु ऊर्जा केन्द्रमा बम खसाल्दा आगलागी भएको बीबीसीले उल्लेख गरेको छ। उक्...	https://l.hamropatro.com/r/https://annapurnapost.com/news/197727	popular	L
तिब्बती शरणार्थीसँगै अमेरिकी, बेलायती, फ्रान्सेली र अष्ट्रेलियन राजदूतले मनाए ल्होसार	काठमाडौं: नेपालमा रहेका तिब्बती शरणार्थीले ल्होसार पर्व मनाएका छन्। ललितपुरको जावलाखेलमा नेपालस्थित कूटनीतिक नियोगका प्रतिनिधिहरुसहित उनीहरुले २१४९ बाघ वर्ष मनाएका हुन्। कार्यक्रममा नेपालका लागि अ...	https://l.hamropatro.com/r/https://annapurnapost.com/news/197748	popular	L
प्रचण्डलाई एमालेले सिध्याउनै पर्दैन, उनले चिनामै त्यस्तो भाग्य बोकेर आएका छन् – ओली	झापा – प्रमुख प्रतिपक्षी दल नेकपा एमालेका अध्यक्ष केपी शर्मा ओलीले माओवादी केन्द्रका अध्यक्ष पुष्पकमल दाहालप्रति कटाक्ष गर्दै उनलाई एमालेले सकेको नभई उनले चिनामा नै त्यस्तो भाग्य बोकेर आएको बताएका ...	https://l.hamropatro.com/r/https://deshsanchar.com/2022/03/05/620891/	popular	L
कपिलवस्तुमा एक १२ वर्षीया बालिकाको हत्या, आमा पक्राउ	कपिलवस्तुमा एक बालिकाको हत्या भएको छ । जिल्लाको बाणगंगा नगरपालिका–१ उत्तमनगरमा सीता नेपालीकी १२ बर्षीया छोरीको हत्या भएको छ । हत्या आरोपमा प्रहरीले सीता नेपालीलाई प्रहरीले पक्राउ गरेको  छ । गोप्य ...	https://l.hamropatro.com/r/https://ratopati.com/story/224575/2022/3/5/murder-of-girl	popular	L
सबै किस्ता बुझाउँदा पनि कर्जा बाँकी भन्छ बीओके	काठमाडौं । सोझासाझा सिधा ग्राहकलाई मुर्गा बनाई कर्जा प्रवाह गर्ने र कर्जा प्रवाह गरिसकेपछि पनि कर्जा बाँकी छ भनेर ग्राहकलाई दुःख दिने बैंकका रूपमा बैंक अफ काठमाण्डु (बीओके) चिनिन थालेको छ । सुरुमा ...	https://l.hamropatro.com/r/https://rajdhanidaily.com/id/57525/	popular	L
चीनले रक्षा बजेट ७.१ प्रतिशत बढाउने : राष्ट्रिय सुरक्षाका लागि २३० अर्ब डलर विनियोजन	बेइजिङ : चीनले सन् २०२२ मा आफ्नो रक्षा बजेट ७.१ प्रतिशतले बढाउने शनिबार घोषणा गरेको छ। अमेरिकापछि सबैभन्दा धेरै रक्षा बजेट चीनको छ। समाचार एजेन्सी एएफपीका अनुसार चीन सरकारले राष्ट्रिय सुरक्षाका ला...	https://l.hamropatro.com/r/https://annapurnapost.com/news/197747	popular	L
युक्रेन–रुस युद्धमा पश्चिमा मिडियाको 'नश्लवाद' !	युक्रेनमा रुसले आक्रमण गरेपछि रुसी राष्ट्रपति भ्लादिमिर पुटिनको आक्रामक अडानको आलोचना भइरहेका बेला पश्चिमी मुलुकका नेताहरूको नीतिमाथि पनि प्रश्न उठिरहेको छ । यस आक्रमणको समाचारमा पश्चिमी सञ्चार मा...	https://l.hamropatro.com/r/https://ratopati.com/story/224553/2022/3/5/ukraine-russia-war-media-	popular	L
नेटोको आलोचना गर्दै जेलेन्स्कीले भने–जति पनि मृत्यु हुनेछ त्यसको कारक तिमीहरु हुने छौ	Created with sketchtool. सम्बन्धित पुटिनका ८० प्रतिशत आर्मी युक्रेनमा छन्, उनीहरुलाई हामी यहिँ गाड्ने छौँ : युक्रेनी अधिकारी युक्रेनका राष्ट्रपति भोलोडिमिर जेलेन्स्कीले पश्चिमा सैन्य गठबन्धन नेट...	https://l.hamropatro.com/r/https://deshsanchar.com/2022/03/05/620813/	popular	L
युक्रेनको दावी – ‘रुसको आर्मी बलिया छैनन् तर धेरै संख्यामा छन्, युक्रेन छिरेका सबैलाई सिध्याउछौँ’	काठमाडौं । युक्रेनी राष्ट्रपति भोलोडिमिर जेलेन्स्कीका सल्लाहकार एलेक्सी एरिस्तोविकले रुसबिरुद्धको युद्धमा आफूहरुले सफलता पाइरहेको दावी गरेका छन् । उनले सामाजिक संजालमा आफ्नो पोष्ट सार्वजनिक गर्दै ...	https://l.hamropatro.com/r/https://www.news24nepal.tv/2022/03/05/861298	popular	L
रुस-युक्रेन युद्धको नवौँ दिन के-के भयो ?	आज युक्रेन-रूस युद्धको दशौं दिन हो। गत २४ घण्टामा के के भयो थाहा पाउनुहोस्: -ब्रसेल्समा नेटो देशका विदेश मन्त्रीहरूसँग भेट गरेपछि गठबन्धनका महासचिव येन्स स्टोल्टेनबर्गले गठबन्धनले युक्रेनमाथि उडान...	https://l.hamropatro.com/r/https://ratopati.com/story/224557/2022/3/5/russia-ukraine-	popular	L
प्रचण्ड-नेपालप्रति संकेत गर्दै नेम्वाङले भने : साथीहरू निर्वाचन भनेपछि किन डराउछन् ?	प्रमुख प्रतिपक्ष दल नेकपा (एमाले)का उपाध्यक्ष सुवाष नेम्वाङले सत्तारुढ दलहरू भित्रभित्रै स्थानीय तहको निर्वाचनपछि धकेल्ने खेलमा लागि परेको आरोप लगाए । संविधानसभाका अध्यक्षसमेत रहेका उपाध्यक्ष नेम्...	https://l.hamropatro.com/r/https://farakdhar.com/story/77334	national	L
एमसिसी पारित भयो, अब देशले विकासको फड्को मार्छ : रामचन्द्र पौडेल	नेपाली कांग्रेसका वरिष्ठ नेता रामचन्द्र पौडेलले एमसिसी परियोजना संसदबाट पारित भएसँगै अब देशले विकासको फड्को मार्ने दाबी गरेका छन ।  उनले अमेरिकी सहयोग परियोजना एमसिसी पास गर्नका लागि कांग्रेस कुनै...	https://l.hamropatro.com/r/https://farakdhar.com/story/77332	national	L
कांग्रेसले पनि एक्लै सक्दैन, गठबन्धन बनाएरै एमालेसँग भिड्दैछः ओली	नेकपा एमाले अध्यक्ष केपी शर्मा ओलीले आगामि निर्वाचनमा नेपाली कांग्रेसले पनि एक्लै एमालेसँग चुनाव लड्ने नसोचेको बताएका छन् । उनले वर्तमान गठबन्धनमध्ये कसैले पनि एमालेसँग एक्लै मैदानमा आउने आँट नगरे...	https://l.hamropatro.com/r/https://farakdhar.com/story/77333	national	L
सरकार स्थानीय तहको चुनाव धकेल्ने खेलमा लागेको एमाले उपाध्यक्ष नेम्वाङको आरोप 	प्रमुख प्रतिपक्ष दल नेकपा (एमाले)का उपाध्यक्ष सुवाष नेम्वाङले सत्तारुढ दलहरू भित्रभित्रै स्थानीय तहको चुनाव धकेल्ने खेलमा लागेको आरोप लगाएका छन् ।   उपाध्यक्ष नेम्वाङले विगतमा पनि निर्वाचनमा जानेभ...	https://l.hamropatro.com/r/https://shilapatra.com/detail/78999	national	L
कांग्रेस महोत्तरीका सभापतिमा यादव 	नेपाली कांग्रेस महोत्तरी जिल्ला सभापतिमा नागेश्वर यादव चयन भएका छन् ।  शुक्रबार राती भएको मतगणनामा सभापतिका कुनैपनि  उम्मेदवारले ५१ प्रतिशत मत प्राप्त गर्ननसकेपछि दोस्रो चरणको मतदान शनिबारका लािग त...	https://l.hamropatro.com/r/https://nayapatrikadaily.com/feed-detail.php?nid=81859	national	L
कांग्रेस लोकप्रियताको कुरा गरेर लोकहितविरुद्ध उभिँदैन : विश्वप्रकाश शर्मा	नेपाली कांग्रेसका महामन्त्री विश्वप्रकाश शर्माले कांग्रेसले रोकप्रियता भन्दा पनि लोक हितको पक्षमा रहेको बताएका छन् । शनिबार राजधानीमा आयोजित एक कार्यक्रमलाई सम्बोधन गर्दै उनले लोकहितको प्रश्न उठ्दा...	https://l.hamropatro.com/r/https://farakdhar.com/story/77330	national	L
मौसमी र बेमौसमी खेतीले थारु महिलामा खुसी भर्दै	महोत्तरी- महोत्तरी वर्दिबासकी हेमलता सिंह आचेल खुसी छिन् । पाँच बर्ष अघिको अभाव र अहिलेको अवस्था तुलना गर्दा आनन्द आउने गरेको उनी सुनाउँछिन् । उनमा यो खुसी ल्याउने औजार भने उनी आफैं हुन् । उनको प्र...	https://l.hamropatro.com/r/https://www.khabarhub.com/2022/05/357492/	national	L
सत्तारुढ दल भित्रभित्रै चुनाव सार्न खोज्दैछन् : नेम्वाङ	२१ फागुन, काठमाडौं । प्रमुख प्रतिपक्ष दल नेकपा एमालेका उपाध्यक्ष सुवासचन्द्र नेम्वाङले सत्तारुढ दलहरु भित्रभित्रै स्थानीय तहको निर्वाचन पछि धकेल्ने खेलमा लागि परेको आरोप लगाएका छन् । प्रेस चौतारीक...	https://l.hamropatro.com/r/https://www.onlinekhabar.com/2022/03/1089342	national	L
प्रमुख पदमा महिलाले दाबी गरौं : उपसभामुख शर्मा	बागलुङ । आगामी स्थानीय तहको निर्वाचनमा महिलाले ५० प्रतिशत पदमा दाबी गर्नुपर्ने सरोकारवालाले बताएका छन् । उनीहरुले उपप्रमुख वा उपाध्यक्ष पद मात्र नभनी मुख्य पदमा प्रतिस्पर्धी बन्नुपर्ने धारणासमेत रा...	https://l.hamropatro.com/r/https://hamrakura.com/news-details/118712/2022-03-05	national	L
माओवादी सिद्धिन्छ, माधववाला पार्टी बनेकै छैन: केपी ओली	नेकपा (एमाले) अध्यक्ष केपी शर्मा ओलीले नेकपा (माओवादी केन्द्र) सकिने र नेकपा (एकीकृत समाजवादी) अझै पार्टी बन्न नसकेकाले एमाले नै बलियो बन्ने दाबी गरेका छन्। झापाको विर्तामोडमा शनिबार सुखानी शहीद स...	https://l.hamropatro.com/r/https://www.himalkhabar.com/news/128685	national	L
सत्तारुढ दलहरू भित्रभित्रै स्थानीय चुनाव पछि धकेल्न लागेका छन् : नेम्वाङ	काठमाडौँ — प्रमुख प्रतिपक्ष दल नेकपा (एमाले)का उपाध्यक्ष सुवास नेम्वाङले सत्तारुढ दलहरू भित्रभित्रै स्थानीय तहको निर्वाचन पछि धकेल्ने खेलमा लागिपरेको आरोप लगाएका छन् । संविधानसभाका अध्यक्षसमेत रहे...	https://l.hamropatro.com/r/https://ekantipur.com/news/2022/03/05/164647092509545153.html	national	L
प्रधानमन्त्री देउवाले चुच्चे नक्सा गायव पार्नुभयो : सुवास नेम्वाङ	file photo प्रमुख प्रतिपक्ष दल नेकपा (एमाले) का उपाध्यक्ष सुवाष नेम्वाङले सत्तारुढ दलहरु भित्रभित्रै स्थानीय तहको निर्वाचन पछि धकेल्ने खेलमा लागिपरेको आरोप लगाएका छन् । संविधानसभाका अध्यक्ष समेत र...	https://l.hamropatro.com/r/https://ratopati.com/story/224619/2022/3/5/subas-newang	national	L
७० वर्षको इतिहासमा किन पाँच वर्ष सरकार चल्न सकेन, मन्थन गरौं : शर्मा	कांग्रेस महामन्त्री विश्वप्रकाश शर्माले हालसम्म पाँच वर्ष एउटा स्थायी सरकार किन चलेन भन्ने प्रश्नको मन्थन हुनुपर्ने बताएका छन्। उनले नयाँ ढंगले सोच्ने र मन्थन गर्न नसकिए सरकार अस्थिर हुने तथा त्यस...	https://l.hamropatro.com/r/https://www.setopati.com/politics/263806	national	L
एमालेले अवरोध जारी राखे मंसिरअघि संसदीय निर्वाचन हुनसक्छः गगन थापा	काठमाडौं : नेपाली कांग्रेसका महामन्त्री गगन थापाले एमालेकै कारण संसदमा गतिरोध सृजना भएको बताएका छन्। निजामती कर्मचारी युनियनको कार्यक्रममा बोल्दै महामन्त्री थापाले एमालेले संसद अवरोध गरिरहे मंसिर ...	https://l.hamropatro.com/r/https://annapurnapost.com/news/197763	national	L
प्रदेश १ को नाम कोसी राख्न एमाले अध्यक्ष ओलीको सुझाव	काठमाण्डाै – नेकपा एमालेका अध्यक्ष केपी शर्मा ओलीले प्रदेश नम्बर १ को नाम कोसी राख्दा उपयुक्त हुने सुझाव दिनुभएको छ । प्रेस चौतारी नेपाल प्रदेश-१ को विर्तामोडमा आयोजित प्रथम अधिवेशनमा उहाँले मानव ...	https://l.hamropatro.com/r/https://ujyaaloonline.com/story/66029/2022/3/5/kp-oli-suggested-to-name-province-1-as-koshi-	national	L
संघीय निजामती सेवा ऐनलाई यथाशीघ्र जारी गरिने प्रधानमन्त्री देउवाको भनाइ	काठमाडौं । प्रधानमन्त्री शेरबहादुर देउवाले संघीय निजामती सेवा ऐनलाई यथाशीघ्र जारी गर्ने बताएका छन् । शनिबार काठमाडौंमा नेपाल निजामती कर्मचारी युनियनको आठौ महाधिवेशन उद्घाटन गर्दै प्रधानमन्त्री देउव...	https://l.hamropatro.com/r/https://www.news24nepal.tv/2022/03/05/861376	national	L
केही साथीहरू निर्वाचन भनेपछि किन डराउँछन् ? : नेम्वाङ	काठमाडौं । प्रमुख प्रतिपक्ष दल नेकपा (एमाले)का उपाध्यक्ष सुवास नेम्वाङले सत्तारूढ दलहरू भित्रभित्रै स्थानीय तहको निर्वाचन पछि धकेल्ने खेलमा लागिपरेको आरोप लगाएका छन् । नेम्वाङले विगतमा पनि निर्वाच...	https://l.hamropatro.com/r/https://baahrakhari.com/news-details/343346	national	L
जनताको काम नगर्ने सांसद नआउने वातावरण बनाउनुपर्छः रामचन्द्र पौडेल	काठमाडौं : नेपाली कांग्रेसका वरिष्ठ नेता रामचन्द्र पौडेलले जनताप्रति उत्तरदायी नभएका सांसदलाई जिताउन नहुने बताएका छन्। निजामती कर्मचारी युनियनको कार्यक्रमलाई सम्बोधन गर्दै नेता पौडेले भने, ‘संसद न...	https://l.hamropatro.com/r/https://annapurnapost.com/news/197762	national	L
रामचन्द्र पौडेललाई कार्यकर्ताको सुझाव : एमसीसीको कुरा लिएर गाउँ नआउनुस्, चुनाव भुसक्कै हारिन्छ	काठमाडौं : नेपाली कांग्रेसका वरिष्ठ नेता रामचन्द्र पौडेलले अमेरिकी सहायता परियोजना एमसीसीबारे कम्युनिष्ट पार्टीहरुले अफवाह फैलाएको दाबी गरेका छन्।  एमसीसी पारित भएमा अमेरिकाले नेपाललाई उपनिवेशन बन...	https://l.hamropatro.com/r/https://pahilopost.com/content/20220305143037.html	national	L
कांग्रेस महोत्तरीको सभापतिमा संस्थापननिकट यादव निर्वाचित	जनकपुरधाम : नेपाली कांगेस महोत्तरीको सभापतिमा नागेश्वर यादव विजयी भएका छन्। संस्थापन समूहबाट उम्मेदवार रहेका यादव दोस्रो चरणमा निर्वाचनबिनै सहमतिमा निर्वाचित भएका हुन्। विधानअनुरुप सभापतिको शुक्रब...	https://l.hamropatro.com/r/https://annapurnapost.com/news/197761	national	L
प्रधानमन्त्री देउवाको कर्मचारीलाई आग्रह- ‘कुनै भेदभाव नगरी जनताको काम गर्नुस्’	file photo प्रधानमन्त्री शेरबहादुर देउवाले राजनीतिक आस्थाका आधारमा कुनै भेदभाव नगरी जनताको सेवा गर्न आग्रह निजामती कर्मचारीलाई आग्रह गरेका छन् । शनिवार काठमाडौंमा नेपाली काँग्रेसको कर्मचारी युनियन...	https://l.hamropatro.com/r/https://ratopati.com/story/224616/2022/3/5/sherbahadur-deuba	national	L
ओलीको कटाक्ष- प्रचण्डले आफ्नो चिनामा नै सिद्धिने ग्रह बोकेर आएका छन्, माओवादी अब सकिन्छ	काठमाडाैं । नेकपा एमालेका अध्यक्ष केपी शर्मा ओलीले माओवादी केन्द्र केही दिनमा सकिने टिप्पणी गरेका छन् । गृहजिल्ला झापामा प्रेस चौतारी प्रदेश १ को अधिवेशनलाई सम्बोधन गर्दै ओलीले २०५६ सालमा नै आफूले...	https://l.hamropatro.com/r/https://www.nepalpress.com/2022/03/05/162414/	national	L
कुनै पनि प्रधानमन्त्रीले पाँच वर्ष किन सरकार चलाउन सकेनन्? मन्थन गर्नुपर्छ : विश्वप्रकाश शर्मा	काठमाडौं : नेपाली कांग्रेसका महामन्त्री विश्वप्रकाश शर्माले कांग्रेसमा विभाजन नभएकाले मिलिनियम च्यालेन्ज कर्पोरेशन (एमसीसी)पारित भएको बताएका छन्। महाधिवेशनमा नेता कार्यकर्ता एक अर्काका विरुद्ध उभि...	https://l.hamropatro.com/r/https://pahilopost.com/content/20220305140807.html	national	L
नेपाली काँग्रेस सप्तरीको जिल्ला अधिवेशन हुँदै	नेपाली काँग्रेस सप्तरीको नयाँ नेतृत्वका लागि आज जिल्ला अधिवेशन हुँदैछ । सप्तरीको राजविराजस्थित गजेन्द्रनारायण सिंह औद्योगिक क्षेत्रमा हुने अधिवेशनका लागि सभापति पदमा शत्रुधनप्रसाद यादव र रामदेव साह...	https://l.hamropatro.com/r/https://ratopati.com/story/224615/2022/3/5/congress	national	L
मटिहानी नगरपालिकामा आइतबार सार्वजनिक बिदा	महोत्तरीको एक पालिकाले परिक्रमामा सहभागी भएका श्रद्धालु भक्तजनलाई स्वागत गर्नका लागि एक दिने बिदाको घोषणा गरेका छन् । मिथिला माध्यमिकी परिक्रमा अन्तर्गत चौथो दिन महोत्तरीको मटिहानीमा परिक्रमाको यात...	https://l.hamropatro.com/r/https://ratopati.com/story/224614/2022/3/5/holiday-	national	L
संसद् चलेन भने मंसीर अगाडि नै आम चुनाव: गगन थापा	नेपाली  कांग्रेसका महामन्त्री गगन थापाले मंसीर अगाडि नै आम चुनाव हुन सक्ने बताएका छन्। नेपाल निजामती कर्मचारी युनियनको आठौं महाधिवेशन उद्घाटन समारोहमा बोल्दै महामन्त्री थापाले मंसीर अगाडि नै चुनाव...	https://l.hamropatro.com/r/https://www.himalkhabar.com/news/128684	national	L
प्रचण्डको चिनामा माओवादी सिद्धिने लेखिएको छ : ओली	झापा — नेकपा एमालेका अध्यक्ष केपी शर्मा ओलीले नेकपा माओवादी केन्द्र समाप्त हुने दाबी गरेका छन् । माओवादी पार्टी आफै सिद्धिने उनको भनाइ छ ।  सुखानी सहिद स्मृति दिवसका अवसरमा शनिबार झापाको सालबारीस्...	https://l.hamropatro.com/r/https://ekantipur.com/news/2022/03/05/164646822350933301.html	national	L
एमालेले संसद अवरोध गरिरह्यो भने मंसिर अगाडि नै संसदीय चुनाव : गगन थापा	file photo नेपाली काँग्रेसका महामन्त्री गगन थापाले एमालेका कारण आगामी मंसिर अगाडि नै संसदीय निर्वाचनमा जाने अवस्था आउन सक्ने बताएका छन् ।  एमालेले संसद अवरोध गरिरहने र संवादका लागि नआउने हो भने आग...	https://l.hamropatro.com/r/https://ratopati.com/story/224612/2022/3/5/gagan-thapa	national	L
राष्ट्रियसभाका नवनिर्वाचित सांसदले लिए शपथ	राष्ट्रियसभाका नवनिर्वाचित सांसदले पद तथा गोपनीयताको शपथ लिएका छन् । राष्ट्रियसभाका अध्यक्ष गणेशप्रसाद तिमिल्सिनाले शनिबार सिंहदरबारस्थित संसद सचिवालयमा नवनिर्वाचित सांसदलाई पद तथा गोपनीयताको शपथग...	https://l.hamropatro.com/r/https://farakdhar.com/story/77323	national	L
कर्मचारी समायोजनमा देखिएका समस्या समाधान गर्न सरकार तयार 	काठमाडौं । प्रधानमन्त्री शेरबहादुर देउवाले संघीय निजामती सेवा ऐनलाई तत्काल  जारी गर्ने बताएका छन् । शनिबार काठमाडौंमा नेपाल निजामती कर्मचारी युनियनको आठौं महाधिवेशन उद्घाटन गर्दै प्रधानमन्त्री देउव...	https://l.hamropatro.com/r/https://baahrakhari.com/news-details/343345	national	L
एमसीसीको साइड इफेक्ट : के भन्छन् माओवादीबाट निर्वाचित जनप्रतिनिधि ?	संसदबाट एमसीसी पास गरिएको विषयलाई लिएर यतिबेला नेकपा माओवादी केन्द्रभित्र कलह बढेको छ । पार्टीभित्र असन्तुष्टि बढिरहेका कारण कतै पार्टी नै विभाजन हुने त होइन भन्ने आशंका पनि व्याप्त छ । केन्द्रमा ...	https://l.hamropatro.com/r/https://ratopati.com/story/224611/2022/3/5/mcc-maoist-	national	L
राप्रपा नेपालको युवक संगठन घोषणा	राप्रपा नेपालको युवा संगठन राष्ट्रिय प्रजातान्त्रिक युवक संगठन नेपाल शनिवार घोषणा गरिएको छ ।  धुम्वाराहीमा घोषणा सभा गर्दै कैलाश कटुवालको संयोजकत्वमा ८७ सदस्यीय युवक संगठन घोषणा गरिएको हो ।  संगठ...	https://l.hamropatro.com/r/https://lokaantar.com/story/174578/2022/3/5/politics/rpp-nepal-	national	L
एमालेले अवरोध गरिरहे संसद किन चलाइरहने भन्ने प्रश्न उठ्न सक्छ : गगन थापा	नेपाली कांग्रेसका महामन्त्री गगन थापाले प्रतिनिधिसभा चल्न नसकेको अवस्थामा किन चलाइ राख्ने प्रश्न उठ्न सक्ने बताएका छन् । शनिबार राजधानीमा आयोजिक निजामती कर्मचारी युनियनको आठौँ राष्ट्रिय अधिवेशनलाई ...	https://l.hamropatro.com/r/https://farakdhar.com/story/77322	national	L
काँग्रेसले अब वहुमतका साथ ५ वर्ष आनन्दले सरकार चलाउछ : गगन थापा	काठमाडौं । नेपाली काँग्रेसका महामन्त्री गगनकुमार थापाले आगामी निर्वाचनमा काँग्रेसले जित निकाल्ने र सानदार ढंगले ५ वर्ष सरकार चलाउने दावी गरेका छन् । पार्टी निकट संस्था नेपाल निजामती कर्मचारी युनिय...	https://l.hamropatro.com/r/https://www.news24nepal.tv/2022/03/05/861360	national	L
मंसिरअघि नै संघीय चुनाव हुन सक्छ: गगन थापा	नेपाली कांग्रेसका महामन्त्री गगन थापाले संसदको अवरोध जारी रहे आगामी मंसिर अगावै संघीय निर्वाचन हुन सक्ने बताएका छन्।  नेपाल निजामती कर्मचारी युनियनको आठौँ महाधिवेशन उद्घाटन समारोह सम्बोधनका क्रममा...	https://l.hamropatro.com/r/https://nepalkhabar.com/politics/122683-2022-3-5-13-9-46	national	L
कांग्रेस पूर्वी नवलपरासीको अधिवेशन सरेको सर्‍यै	पूर्वी नवलपरासी — नेपाली कांग्रेस पूर्वी नवलपरासीको शनिबार गर्ने भनिएको अधिवेशन फेरि सारिएको छ । मुख्य निर्वाचन अधिकृत गोविन्द सिग्देलले सर्वसम्मतको प्रयास जारी रहेकाले शनिबार गर्ने भनिएको निर्वाचन...	https://l.hamropatro.com/r/https://ekantipur.com/pradesh-4/2022/03/05/164646747425097581.html	national	L
संघीय निजामती सेवा ऐन यथाशीघ्र ल्याउने प्रधानमन्त्रीको प्रतिवद्धता	काठमाडौं : प्रधानमन्त्री शेरबहादुर देउवाले चुस्त दुरुस्त सेवाप्रवाह गर्न कर्मचारीलाई निर्देशन दिएका छन् । नेपाल प्रज्ञा प्रतिष्ठानमा सुरु भएको नेपाल कर्मचारी युनियनको आठौँ महाधिवेशन उद्घाटन गर्दै प...	https://l.hamropatro.com/r/https://annapurnapost.com/news/197760	national	L
सबैलाई सँगै घुमाउने ‘आँखाभरि देश मनभरि परिवेश’ 	साहित्यिक पत्रकार नवराज रिजालको नियात्रासंग्रह ‘आँखाभरि देश मनभरि परिवेश’ एउटा महत्त्वपूर्ण नियात्राकृति हो । साहित्यिक पत्रकारितामा निरन्तर क्रियाशील नवराजले साहित्यजगत्मा आफ्नो स्थान बनाउँदै आएका...	https://l.hamropatro.com/r/https://baahrakhari.com/news-details/343330	literature	L
यसरी बन्न सक्छौँ फूलमा आत्मनिर्भर	फूललाई विषय बनाएर यसको सौन्दर्यतामाथि धेरै कुराहरू लेखिएका छन् । चाहे त्यो गीतमा होस् वा साहित्यमा । यस मानेमा फूलको आयतन निकै फराकिलो देखिन्छ । आमनेपालीको जीवनशैलीमा फूलको साइनो जन्मदेखि मृत्युसम्...	https://l.hamropatro.com/r/https://www.merolifestyle.com/archives/30868	literature	L
उमङ्ग लघुकथा सङ्ग्रह विमोचन	सत्या अधिकारीद्वारा लिखित उमङ्ग लघुकथा सङ्ग्रह विमोचन गरिएको छ । अक्षर धाम नेपालले प्रकाशन गरेको यस कृतिको विमोचन लघुकथा समाज नेपालका केन्द्रीय अध्यक्ष तथा प्रमुख अतिथि श्रीओम श्रेष्ठ रोदन, वरिष्ठ ...	https://l.hamropatro.com/r/https://ratopati.com/story/223858/2022/3/1/umanga-	literature	L
लेखनाथ पोखरेलको हाँस्य-निबन्ध ‘चिबे नकटो’ बजारमा	काठमाडौं । स्रष्टा लेखनाथ पोखरेलको हाँस्य-निबन्ध ‘चिबे नकटो’ पाठकमाझ आएको छ । केही समयअघि नियात्रासंग्रह ‘फकलीको गाउँ’ र कथासंग्रह ‘मार्बल हाउसकी शालिनी’ पाठकमाझ ल्याउनुभएका पोखरेलको तेस्रो कृति ‘च...	https://l.hamropatro.com/r/https://www.nepalpress.com/2022/02/28/161053/	literature	L
भीष्मराज फुलाराको उपन्यास ‘वासुदेव’ सार्वजनिक	१६ फागुन, काठमाडौं । कानुन व्यवसायी वासुदेव फुलाराको संघर्ष कथामा आधारित उपन्यास ‘वासुदेव’ सार्वजनिक गरिएको छ । उपन्यासलाई साहित्यकार भीष्मराज फुलाराले लेखेका हुन् । उनी वासुदेवका भाइसमेत हुन् । अ...	https://l.hamropatro.com/r/https://www.onlinekhabar.com/2022/02/1086521	literature	L
तीन साहित्यिक स्रष्टालाई वडाको सम्मान	काठमाडौं । काठमाडौं महानगरपालिका, वडा नं. ४ ले सोही वडामा बसोबास गर्ने नेपाली भाषा, साहित्य, संस्कृतिमा योगदान दिने तीन स्रष्टालाई सम्मान गरेको छ । वडाले कवि बैरागी काँइला, आख्यानकार डा. ध्रुवचन्द्...	https://l.hamropatro.com/r/https://baahrakhari.com/news-details/342777	literature	L
निबन्ध संग्रह ‘आकाशमुखी’ सार्वजनिक	काठमाडौँ — विश्वका चर्चित निबन्धहरूको नेपालीमा अनुवादित संग्रह ‘आकाशमुखी’ सार्वजनिक भएको छ । पत्रकार तथा लेखक मोहन मैनालीले अनुवाद गरेको कृतिमा १५ वटा निबन्ध संग्रहित छन् । बुकर टी. वासिङ्टन, जर्ज ...	https://l.hamropatro.com/r/https://ekantipur.com/news/2022/02/27/164592713956615828.html	literature	L
कविता सङ्ग्रह  ‘समयको कठघरा’ लोकार्पण	कविता सङ्ग्रह ‘समयको कठघरा’ सार्वजनिक गरिएको छ । कवि जुनु खड्काद्वारा लिखित कविता सङ्ग्रहको शनिबार लोकार्पण गरिएको हो । शुक्लागण्डकी नगरपालिका–१० ढोरमुलकोट दरबारको फेदीमा आयोजित कार्यक्रममा कवि भूप...	https://l.hamropatro.com/r/https://ratopati.com/story/223273/2022/2/26/poem	literature	L
पाभेल : प्रिय र अविस्मरणीय पात्र	रूसी साहित्यमा, विशेष गरी रूसी आख्यानमा अधिक प्रयोग हुने पात्रहरूका नाममध्ये एउटा हो- पाभेल। रूसका केही ठूला साहित्यकारहरूले ‘पाभेल’ नामको पात्रलाई आफ्ना रचनाको प्रमुख पात्र बनाएको पाइन्छ। कतिपयले ...	https://l.hamropatro.com/r/https://www.nepalviews.com/2022/02/26/43175/	literature	L
जोन्छेँका दुई पुस्तक विमोचित	भक्तपुर । अक्षरमार्ग प्रकाशन र सिर्जना अभियान समाजको संयुक्त आयोजनामा सम्पन्न कार्यक्रममा साहित्यकार ध्रुवनारायण जोन्छेँका दुई पुस्तक सार्वजनिक गरिएका छन् । जोन्छेँका ‘जीवन एक यात्रा अनेक’ (कवितासं...	https://l.hamropatro.com/r/https://baahrakhari.com/news-details/342701	literature	L
कलकत्ते काईंयो र टेबलमा ऐना छ, तर जयनन्द छैनन्	काठमाडौं–रत्नराज्य कलेजमा पंक्तिकार पत्रकारिता पढदै गर्दा छेउमै रहेको ललितकला क्याम्पसमा पढने मित्रहरु डेस्क ठटाउँदै एउटा गीत खुबै गाउँथे,	https://l.hamropatro.com/r/https://www.khabarhub.com/2022/23/353793/	literature	L
८७ वर्षमा पनि लेखनमा सक्रिय कायस्थ	भक्तपुरका लेखक तिलकप्रकाश कायस्थको नयाँ पुस्तक सार्वजनिक छ । उनी हाल उमेरले ८७ वर्षको भइसकेका छन् । यो उमेरमा पनि कायस्थ दैनिक १० घण्टा भन्दा बढी अध्ययन र लेखनमा सक्रिय छन् ।  उनले हालसम्म १३ वटा प...	https://l.hamropatro.com/r/https://ratopati.com/story/222256/2022/2/21/tilakprakash-kyastha	literature	L
‘विश्व आर्थिक क्रान्ति’ किताबको कोपनहेगनमा परिचर्चा	कोपनहेगन, फागुन ९ आर्थिक इतिहासका अध्येता कृष्ण पौडेलले लेखेको ‘विश्व आर्थिक क्रान्ति : सुमेरदेखि सिलिकन भ्यालीसम्म’ किताबको विमोचन र परिचर्चा कोपनहेगनमा भएको छ। अन्तर्राष्ट्रिय नेपाली साहित्य सम...	https://l.hamropatro.com/r/https://www.setopati.com/global/denmark/262742	literature	L
‘वासुदा’ उपन्यास लिएर आए भीष्मराज फुलारा	काठमाडौं। युवा उपन्यासकार भीष्मराज फुलाराको कृति ‘वासुदा’ सार्वजनिक भएको छ । साहित्यमार्फत न्याय, समानता र परिवर्तनका लागि विद्यार्थी कालदेखि नै कलम चलाउँदै आएका फुलाराको उपन्यासलाई राजधानीमा आइतबा...	https://l.hamropatro.com/r/https://www.dcnepal.com/2022/02/332270/	literature	L
सङ्घर्षशील युवाको कथा ‘वासुदा’ लोकार्पण	युवा स्रष्टा भीष्मराज फुलाराको नविनतम् कृति ‘वासुदा’को एक कार्यक्रम बीच आइतबार राजधानीमा विमोचन भएको छ । डा. नवराज लम्सालको प्रमुख आतिथ्यमा सम्पन्न कार्यक्रममा विशेष अतिथिमा एटर्नी एट ल. अमेरिकाका ...	https://l.hamropatro.com/r/https://ratopati.com/story/222189/2022/2/21/basuda-	literature	L
भीष्मराज फुलाराको चौँथो कृति ‘वासुदा’ सार्वजनिक	काठमाडौं । युवा साहित्यकार भीष्मराज फुलाराको चौँथो कृति ‘वासुदा’ उपन्यास सार्वजनिक भएको छ । साहित्यकार नवराज लम्साल, समालोचक ज्ञाननिष्ठ ज्ञवाली, लेखक फुलारा र उनका दाजु वासुदेव फुलाराले आज राजधानीम...	https://l.hamropatro.com/r/https://www.dcnepal.com/2022/02/332204/	literature	L
अनेसास डेनमार्कद्वारा कृति विमोचन	लण्डन। अन्तर्राष्ट्रिय नेपाली साहित्य समाज डेनमार्क च्याप्टरले डेनमार्क निवासी लेखक कृष्ण पौडेलको ‘विश्व आर्थिक क्रान्तिः सुमेरदेखि सिलिकन भ्यालीसम्म’ नामक कृति विमोचन गरिएको छ।  डेनमार्कस्थित नेप...	https://l.hamropatro.com/r/https://www.nepalipatra.com/news/denmark/89368	literature	L
‘एउटै पात्रबाट सम्पूर्ण प्रेम सम्भव छैन’	पोखरा : पत्रकार वसन्त बस्नेतको उपन्यास महाभारा अहिले साहित्य बजारमा निकै चर्चा छ। त्यसैको चर्चा शनिबार पोखरामा पनि भयो। ‘महाभारा-पोखरा संवाद’ मा जुटे उपन्यासकार वसन्त र लेखक झलक सुवेदी। उपन्यासमाथि...	https://l.hamropatro.com/r/https://annapurnapost.com/news/196742	literature	L
‘भोजपुरको वाङ्‌मय’ कृति सार्वजनिक	काठमाडौँ — विप्लव ढकालको अनुसन्धानात्मक कृति ‘भोजपुरको वाङ्‌मय : विमर्श तथा अभिलेखीकरण’ सार्वजनिक भएको छ । पूर्वमन्त्री तथा साहित्यकार शंकरप्रसाद कोइराला, पूर्वमन्त्री टंक ढकाल, भोजपुरे सेवा समाजका...	https://l.hamropatro.com/r/https://ekantipur.com/literature/2022/02/19/164527568501914863.html	literature	L
लेखक बरालको ‘मालामा नउनिएका फूलहरू’ बजारमा	काठमाण्डाै – शिखा बुक्सले प्रकाशन गरेको लेखक डा. खगराज बरालको गैह्रआख्यान अनुभूति सङ्ग्रह ‘मालामा नउनिएका फूलहरू’ यही फागुनको पहिलो हप्तादेखि बजारमा आएको छ । साहित्यमा 'श्रमिक बराल'का नामबाट कलम च...	https://l.hamropatro.com/r/https://ujyaaloonline.com/story/65325/2022/2/19/author-baral-s-flowers-not-in-garland-in-the-marke	literature	L
र, तारा दाइ मोटरसाइकलको पछाडि बस्नु भयो !	नेपाली भाषा साहित्यका प्रसिद्ध हस्ती डा. तारानाथ शर्मासँग भौतिकरूपमा चिनाजानी हुनुभन्दा धेरै अघि नै मैले उहाँलाई पढेको हुँ । सम्भवतः म चारपाँच कक्षामा हुँदा नै उहाँका ‘जमर्काहरू’,‘ नमस्ते’ लगायत कि...	https://l.hamropatro.com/r/https://baahrakhari.com/news-details/342154	literature	L
सोपानले थाल्यो औषधी उत्पादन, ६ प्रकारका औषधी सार्वजनिक	सोपान फर्मासिटिकल्सले नेपाली बजारमा विभिन्न प्रकारका ६ औषधी उत्पादन तथा सार्वजनिक गरेको छ । कम्पनीले ब्याक्टेरियल, दम, एलर्जी र एलजीए रोग उपचार गर्न मिल्ने माइजिथ, मन्ट्रिन, एलर्ज, सिप्राइट, अनमिट ...	https://l.hamropatro.com/r/https://ratopati.com/story/224620/2022/3/5/medicine	health	L
हामी दाप्सा पेटले यिनलाई कहिले तह लगाउने!	पूर्वाह्नको ४ बजेर १८ मिनटको साइत परेछ। बारा जिल्लाको कोल्वी बजारस्थित एक होटेलमा बास बसेको थिएँ। यसै त मधेस ढिलोसम्म सुत्छ, त्यसमा पनि अघिल्लो दिन पानी परेर मौसम थोरै चिसो भएको थियो। परमप्रिय धीर...	https://l.hamropatro.com/r/https://www.setopati.com/blog/263774	health	L
यस्ता छन् चना खानुका फाइदाहरु	काठमाडौं । चना खानु स्वास्थ्यका लागि धेरै हिसाबले फाइदाजनक मानिन्छ । चनामा प्रोटिन र फाइबर प्रचुर मात्रामा पाइन्छ, जुन तपाईको स्वास्थ्यको लागि फाइदाजनक हुन्छ। तर के तपाईलाई थाहा छ भुटेको चना खाँदा ...	https://l.hamropatro.com/r/https://www.lokpath.com/story/505204	health	L
अधिकांश अमेरिकी बालबालिका कोभिड-१९ बाट संक्रमित	एजेन्सीः यूएस सेन्टर फर डिजिज कन्ट्रोल एण्ड प्रिभेन्सन (सीडीसी)ले अधिकांश अमेरिकी बालबालिका कोभिड-१९ बाट संक्रमित भएको जनाएको छ। सीडीसीले जारी गरेको अध्ययन प्रतिवेदनअनुसार करिब एक सय ४० मिलियनभन्दा...	https://l.hamropatro.com/r/https://www.ukeraa.com/news/2022/03/05/15721	health	L
के तिमी मलाई अब स्वीकार्दैनौ त?	महेशलाई छाडेर गएकी शिला झल्यास्स देखा परिन्। ऊ अचम्मित, आश्चर्य चकित भयो। 'अरे ! यो के भएको? तिमी त मलाई छाडेर गएको हैन र? यत्रा वर्षपछि फेरि ? अहो ! म सपनीमा छु कि क्या हो? के अचम्म हो यो?' म त य...	https://l.hamropatro.com/r/https://www.setopati.com/literature/263802	health	L
कलेजो खराब गराउने खानेकुरा	कलेजो शरीरको सबैभन्दा महत्त्वपूर्ण अंग हो । मस्तिष्कजस्तै संवेदनशील र जटिल अंक हो कलेजो । कलेजोको मुख्य काम शरीरको विशाक्त पदार्थ बाहिर निकाल्नु हो । यसका साथै, पाचनप्रक्रिया, मेटाबोलिज्मलाई सन्तुल...	https://l.hamropatro.com/r/https://ratopati.com/story/224604/2022/3/5/liver-damage	health	L
अमेरिकाका अधिकांश बालबालिका कोरोना संक्रमण भएको दाबी	वासिङ्टन – युएस सेन्टर फर डिजिज कन्ट्रोल एण्ड प्रिभेन्सन (सीडीसी) ले नयाँ अध्ययन सार्वजनिक गरेको छ।	https://l.hamropatro.com/r/https://www.khabarhub.com/2022/05/357459/	health	L
अवैध टेस्ट ट्युब बेबी सेन्टर नियन्त्रणमा मन्त्रालय सक्रिय, १५ दिनभित्र स्वीकृति नलिए कारबाही	काठमाडौँ : अवैध टेस्ट ट्युब बेबी सेन्टर रोक्न स्वास्थ्य मन्त्रालय सक्रिय भएको छ। मन्त्रालयबाट स्वीकृति नै नलिई मनलाग्दी आइभिएफ (इन भिट्रो फर्टिलाइजेसन) केन्द्रहरू सञ्चालनमा रहेको देखिएपछि मन्त्रालय...	https://l.hamropatro.com/r/https://www.ukeraa.com/news/2022/03/05/15716	health	L
विराट मेडिकल कलेज एण्ड टिचिङ अस्पतालमा रोबोटिक आर्म प्रविधिबाट शल्यक्रिया	नेपालमै पहिलो पटक रोबोटिक आर्म प्रविधिबाट विराट मेडिकल कलेज एण्ड टिचिङ अस्पताल बुढीगंगा मोरङमा शल्यक्रिया गरिएको छ । यस प्रविधिको प्रयोगले एम डाक्टरले गरेझैँ कठिनभन्दा कठिन शल्यक्रिया रोबोटले आफै ...	https://l.hamropatro.com/r/https://ictsamachar.com/news-details/10421/2022-03-05	health	L
बेहाल अवस्थामा तिर्खाएका ढुंगेधाराहरु	काठमाडौं : उपत्यकालाई जीवन्त बनाई राख्न यहाँका सम्पदाको महत्त्वपूर्ण भूमिका छ। ती सम्पदामध्ये एक हुन्, ल्वहं हिति अर्थात् यहाँका ढुंगेधारा। करिब एक दशक अघिसम्म उपत्यकाका अधिकांश ढुंगेधारामा पानी आ...	https://l.hamropatro.com/r/https://pahilopost.com/content/20220305112102.html	health	L
आफ्नै भोगाईले पेडियाट्रिक नर्सिङ रोजेकी सृजना भोमी	काठमाडौं- गर्भमा आठ महिनाको शिशु हुँदा सृजना भोमीले ब्याचलर अफ नर्सिङको अध्ययन सुरु गरिन्।  अध्ययनकै क्रममा भोमीले पहिलो सन्तानलाई जन्म दिइन्। शतप्रतिशत उपस्थिति पुर्‍याउनुपर्ने भएकाले उनले पर्याप...	https://l.hamropatro.com/r/https://swasthyakhabar.com/story/45108	health	L
उल्टो हिँडाइ, सुल्टो गन्तव्य	यसपटक उल्टो हिँडेर फेरि गिनिजमा नाम लेखाउने जमर्को गर्दैछन् ऋषि परियार। उनको अबको करिब ४० दिनमा महाकाली पुग्ने लक्ष्य छ। लगातारको हिँडाइले खुट्टामा ठेला उठेका छन्।  शरीर थकित छ।  तर पनि उनलाई थकान...	https://l.hamropatro.com/r/https://annapurnapost.com/news/197744	health	L
टेस्ट ट्युब बेबी सेन्टरलाई दर्ता हुन १५ दिने अल्टिमेटम	काठमाडौं । बिनादर्ता सञ्चालनमा रहेका टेस्ट ट्युब बेबी सेन्टरलाई १५ दिनभित्र इजाजतपत्र लिन स्वास्थ्य तथा जनसंख्या मन्त्रालयले अल्टिमेटम दिएको छ । अन्यथा कानूनबमोजिम कारबाही गर्ने चेतावनी स्वास्थ्य त...	https://l.hamropatro.com/r/https://www.nepalwatch.com/2022/03/05/8679/	health	L
कस्तो छ वनस्पतिमा आधारित कोरोनाविरुद्धको पहिलो खोप ?	विश्वमा कोरोनाको संक्रमण रोक्न विभिन्न प्रकारका खोपको प्रयोग भइरहेका छन् । यही बाटो पछ्याउँदै क्यानडा सरकारले विश्वकै पहिलो वनस्पतिमा आधारित खोप स्वीकृत गरेको छ। यसको नाम 'कोभिफेन्ज' हो। यसको विकास...	https://l.hamropatro.com/r/https://ratopati.com/story/224565/2022/3/5/corona-virus	health	L
न्याउलीसँगै पाठकलाई पनि अन्याय गर्ने उपन्यास	‘स्वाद केले थाहा पाउँछ?’  हामी विद्यार्थी हुँदा र पछि शिक्षक भएपछि विद्यार्थीलाईँ पढाउँदा गरिने प्रश्नको एउटै जवाफ हुन्छ ‘जिब्राले’। तर मलाईँ चेतनाथ आचार्यकृत ‘रूइबा’ उपन्यास पढेपछि स्वाद जिब्राले...	https://l.hamropatro.com/r/https://www.setopati.com/literature/263781	health	L
राम्रो निद्राका लागि मस्तिष्कलाई 'ट्रेन' गर्नु जरुरी, जान्नुहोस् विशेषज्ञका यी ३ सुझाव	अहिलेको व्यस्त शहरिया जीवनशैलीमा मिठो निद्राको कल्पना मात्रै गर्न सकिन्छ। आधुनिक जीवनशैलीमा ‘क्रोनिक स्लिप डेप्रिभेसन’ (निद्राको अभाव) एक गम्भीर समस्याको रुपमा देखिएको छ। हाम्रा पुर्खाले सूर्य उदा...	https://l.hamropatro.com/r/https://pahilopost.com/content/20220305072720.html	health	L
प्रेमिल गीतमा सजियो आइडल	काठमाडौं :  धागो बनी तिम्रो मुटु बुन्ने मन छ  मेरो निम्ति धड्किने मुटुको धड्कन सुन्ने मन छ ... जब जब मायामा पर्छ मान्छे, वरपर देखिने सबै चिजमा माया पोखिएको देख्छ। हावामा पनि प्रेमको अनुभूति गर्छ...	https://l.hamropatro.com/r/https://annapurnapost.com/news/197729	health	L
गाडीमा यात्रा गर्दा किन बान्ता हुन्छ? (भिडिओ)	हामीमध्ये कतिपयलाई गाडी सम्झने बित्तिकै रिंगटा लाग्ने हुन्छ। अझै धेरैजसोलाई त गाडीमा यात्रा गर्दा अत्यधिक वान्ता भएर शरीर शिथिल बन्छ। यो आममानिसको साझा समस्या हो।  गाडीमा यात्रा गर्दा एकातिर मस्ति...	https://l.hamropatro.com/r/https://www.setopati.com/social/263770	health	L
तुलसीको पातका यी फाइदाहरू थाहा पाउँदा छक्क पर्नुहुनेछ	तुलसीको पातमा औषधीय गुणहरू भरपूर हुन्छन् । हिन्दूहरू घरमा तुलसीको मोठ बनाएर पूजा गर्छन् । हुन त तुलसी भगवान् श्रीकृष्णको प्रिय वनस्पति भनी चिनिन्छ र पवित्र मानिन्छ । तर यो बिरुवामा अनेकौं रोग निको ...	https://l.hamropatro.com/r/https://lokaantar.com/story/123912/2022/3/4/health/tulasi-	health	L
यी घरेलु उपचारले तपाईंका आँखाको तेज बढाउँछ	काठमाडौं - आँखा शरीरको महत्वपूर्ण अंग हो । यसैबाट त तपाईं संसारका अनेक रंग र वरिपरिका आकर्षक दृश्य हेर्न सक्नुहुन्छ । त्यसैले आँखालाई हेरचाह गर्नु जरूरी हुन्छ । ज्यादा काम गर्दा आँखा कमजोर हुन्छ ।...	https://l.hamropatro.com/r/https://lokaantar.com/story/36116/2022/3/4/lifestyle/eye-exercise-	health	L
छाला हेरचाह दिनचर्या किन महत्वपूर्ण छ? के समावेश गर्नुपर्छ?	छालाको हेरचाह सबैका लागि धेरै महत्त्वपूर्ण हुन्छ किनकि यसले बाहिरबाट आन्तरिक स्वास्थ्य प्रतिबिम्बित गर्दछ। नियमित हेरचाहले हाम्रो छालालाई स्वस्थ, चम्किलो र सुन्दर बनाउनुका साथै छालालाई समग्रमा राम्...	https://l.hamropatro.com/r/https://swasthyakhabar.com/story/45128	health	L
सिटामोलले काम गर्न छाडेपछि ‘ग्राम’ बढाउन माग	नेपालमा उत्पादन भएका सिटामोलले बिरामीमा काम गर्न छाडेपछि चिकित्सकहरूले यसको वजन (ग्राम) बढाउन माग गरेका छन्। विगतमा कुरा उठाउँदै आए पनि अब भने समस्या नै देखिएकाले यसलाई गम्भीरताका साथ लिनुपर्ने चिक...	https://l.hamropatro.com/r/https://nayapatrikadaily.com/feed-detail.php?nid=81819	health	L
यस्ता गल्तीले सधैँ घरलाई फोहोर बनाउँछ	घर सधैँ सफा र व्यस्थित होस् भन्ने हामी सबैको चाहना हुन्छ । तर, घरलाई अझ सुन्दर बनाउने प्रयासमा हामी केही यस्ता गल्ती गर्छौं जसले घरलाई झन् अस्तव्यस्त बनाउँछ । कहिलेकाहीँ हामी आफ्नो घरलाई आवश्यकभन्द...	https://l.hamropatro.com/r/https://www.merolifestyle.com/archives/30918	health	L
आज थपिए १२६ कोरोना संक्रमित, १ जनाको निधन	काठमाडौं, २० फागुन । पछिल्लो २४ घण्टामा थप १ सय २६ जनामा कोरोना भाइरसको संक्रमण पुष्टि भएको छ । ८ हजार ९ सय ३३ जनामा गरिएको परीक्षणमा १ सय २६ जनामा संक्रमण देखिएको स्वास्थ्य तथा जनसंख्या मन्त्रालयल...	https://l.hamropatro.com/r/https://www.reportersnepal.com/2022/03/656117	health	L
नेपालमा प्रत्येक वर्ष १५ सय औषधि प्राविधिक र पाँच सय फर्मासिस्ट उत्पादन : संघ	काठमाडौं : नेपालमा प्रत्येक वर्ष करिब १५ सय जना औषधि प्राविधिक र करिब पाँच सय फर्मासिस्ट उत्पादन हुँदै आएको नेपाल औषधि उत्पादक संघले जनाएको छ। ३५ वटा प्राविधिक कलेजबाट सो जनशक्ति उत्पादन हुँदै संघक...	https://l.hamropatro.com/r/https://www.ukeraa.com/news/2022/03/04/15694	health	L
पेट्रोलियम पदार्थबाट चल्ने कारभन्दा विद्युतीय गाडी कम विश्वसनीय !	काठमाडौं । अहिले विद्युतीय गाडीको लोकप्रियता निकै बढेको छ । विद्युतीय गाडी निर्माता कम्पनी टेस्ला विद्युतीय गाडी बिक्री गरेरै विश्वको लोकप्रिय ब्राण्डको रूपमा स्थापित भएको छ । तर, बेलायतमा भएको सर...	https://l.hamropatro.com/r/https://www.techpana.com/2022/120581/	technology	L
आफ्नो छुट्टै डिजिटल वालेट सञ्चालनमा ल्याउँदै हाम्रो पात्रो, के होला नाम ?	काठमाडौं । नेपालको लोकप्रिय एप हाम्रोपात्रोले अब आफ्नै डिजिटल वालेट सञ्चालनमा ल्याउने भएको छ । सुपर एप बन्ने दिशामा रहेको एपले त्यसलाई प्रभावकारी बनाउन भुक्तानी सेवाको क्षेत्रमा हात हालेको हो । ने...	https://l.hamropatro.com/r/https://www.techpana.com/2022/120574/	technology	L
मङ्गलबार ‘सार्वजनिक हुँदै’ अहिलेसम्मकै सस्तो आईफोन, अरु के आउँदैछन् नयाँ ?	काठमाडौं । एप्पलले २०२२ को आफ्नो पहिलो कार्यक्रम यही मार्च ८ अर्थात् मंगलबार आयोजना गर्ने भएको छ । प्रायः सेप्टेम्बर र अक्टोबर महिना जस्तो मार्च महिनाका कार्यक्रम त्यति रोचक हुने गरेका छैनन् । तर ...	https://l.hamropatro.com/r/https://www.techpana.com/2022/120570/	technology	L
ताप्लेजुङको पाथिभरा क्षेत्रमा टेलिकमको फोरजी	काठमाडौं । ताप्लेजुङको प्रसिद्ध तीर्थ स्थल पाथिभरा क्षेत्रमा नेपाल टेलिकमको फोरजी सेवा सञ्चालनमा आएको छ । देशव्यापी रुपमा फोरजी सेवा विस्तार गर्ने क्रममा रहेको कम्पनीले उक्त क्षेत्रमा सेवा सञ्चालनम...	https://l.hamropatro.com/r/https://www.techpana.com/2022/120567/	technology	L
रुसमाथि प्रतिबन्ध लगाउने कम्पनीको सूचीमा थपियो गुगल, विज्ञापन सेवा बन्द	अमेरिकी प्रविधि कम्पनी गुगलले रुसमा सम्पूर्ण विज्ञापन बन्द गरेको घोषणा गरेको छ । छिमेकी युक्रेनमाथि सैन्य हमला गरेपछि रुसमाथि प्रतिबन्ध लगाउँदै गुगलले विज्ञापन सेवा बन्द गरेको घोषणा गरेको हो । रुसम...	https://l.hamropatro.com/r/https://ratopati.com/story/224596/2022/3/5/google-russia	technology	L
रुसले लगायो फेसबुकमाथि प्रतिबन्ध	काठमाडौं । रुस सरकारले सामाजिक सञ्जाल फेसबुकलाई प्रतिबन्ध लगाउने भएको छ । युक्रेन र रुसबीच जारी युद्धको विषयलाई लिएर फेसबुकले रुसी सरकारी सञ्चारमाध्यमको पहुँच (रिच) सीमित गरेपछि जवाफमा रुसले यस्तो ...	https://l.hamropatro.com/r/https://www.techpana.com/2022/120563/	technology	L
अमेरिकी कम्पनीले काट्यो रुस जोड्ने इन्टरनेटको लाइन	काठमाडौं । अमेरिकी कम्पनी कोजेन्ट कम्युनिकेसनले रुसमा इन्टरनेट सेवा बन्द गरेको छ । रुस र युक्रेनबीच जारी पछिल्लो युद्धको अवस्थालाई मध्यनजर गर्दै कम्पनीले रुसमा आफ्नो सेवा बन्द गर्ने निर्णय लिएको हो...	https://l.hamropatro.com/r/https://www.techpana.com/2022/120561/	technology	L
स्टार्टअप कम्पनी सजिलो मर्मत सेवामा ट्रु नर्थ एसोसियट्सले १० करोड लगानी गर्ने	काठमाडौं । नेपाली स्टार्टअप कम्पनी सजिलो मर्मत सेवामा प्राइभेट इक्विटी तथा भेन्चर क्यापिटल फर्म ट्रु नर्थ एसोसियट्सले १० करोड रुपैयाँ लगानी गर्ने भएको छ । ट्रु नर्थ एसोसियट्स र सजिलो मर्मत सेवाबीच ...	https://l.hamropatro.com/r/https://www.techpana.com/2022/120558/	technology	L
भ्रामक ट्वीट पहिचान गर्न ट्वीटरले ल्यायो ‘बर्डवाच’ फिचर	काठमाडौं । ट्वीटरले आफ्नो क्राउड सोर्सिङ फ्याक्ट चेकिङ प्रोजेक्ट ‘बर्डवाच’ विस्तार गर्ने भएको छ । ट्वीटरमा पोस्ट हुने सामग्रीहरू भ्रामक नभई सही होस् भन्ने उद्देश्य सहित कम्पनीले केही समय अगाडि मात्...	https://l.hamropatro.com/r/https://www.techpana.com/2022/120556/	technology	L
आईटीमा दक्ष जनशक्ति उत्पादन गर्न चाँगुनारायण र लर्ड बुद्ध एजुकेसनबीच समझदारी	काठमाडौं । भक्तपुरको चाँगुनारायण नगरपालिकाले सूचना प्रविधि सम्बन्धी दक्ष जनशक्ति उत्पादन गर्न लर्ड बुद्ध एजुकेसन फाउन्डेसन कलेजसँग सहकार्य गरको छ । यस अन्तर्गत प्रत्येक शैक्षिक सत्रमा बीएससी आईटी प...	https://l.hamropatro.com/r/https://www.techpana.com/2022/120553/	technology	L
यस्ता छन्, पल शाह प्रकरणमा साइबर अपराधको कारबाहीमा पर्ने १६ युट्युब च्यानल	काठमाडौं । नेपाल प्रेस काउन्सिल नेपालले मिडिया अन्तर्गत दर्ता नभएका १६ युट्युब च्यानलमाथि साइबर अपराध मुद्दा अन्तर्गत कारबाहीका लागि सिफारिस गरेको छ । पल शाह प्रकरणमा वैयक्तिक गोपनीयताको प्रतिकूल ह...	https://l.hamropatro.com/r/https://www.techpana.com/2022/120551/	technology	L
रुसमा फेसबुकपछि ट्वीटर र युट्युबमा पनि प्रतिबन्ध	२१ फागुन, काठमाडौं । रुसले फेसबुकपछि ट्वीटर र युट्युबमा पनि प्रतिबन्ध लगाएको छ । रुसी समाचार सेवा तासका अनुसार देशको मिडिया नियमाक रोस्कोमनाडजोरले ट्वीटर र युट्युबमा प्रतिबन्ध लगाएको हो । यसअघि सम...	https://l.hamropatro.com/r/https://www.onlinekhabar.com/2022/03/1089231	technology	L
स्मार्ट वाच किन्दै हुनुहुन्छ?, यी हुन सक्छन् उत्कृष्ट रोजाइ	फेसनको रुपमा अहिले स्मार्ट वाच योङ जेनेरेसनहरुको पहिलो रोजाईमा रहेको छ। यही कुरालाई बुझेर धेरै किसिमका कम्पनीहरुले स्मार्ट वाचको निर्माणमा आफूलाई सक्रिय बनाएका छन्। यदि तपाईंहरु पनि स्मार्ट वाच कि...	https://l.hamropatro.com/r/https://kendrabindu.com/economy/86135-1646407339.html	technology	L
सरकारकै अक्षमताले स्थानीय चुनावमा विद्युतीय भोटिङ नहुने, निरुत्साहित बन्दै आविष्कारक	काठमाडौं । निर्वाचन आयोगले आगामी वैशाखमा हुने स्थानीय तहको निर्वाचनमा विद्युतिय भोटिङ मसिन प्रयोग नगर्ने भएको छ । सुरुवाती समयमा निश्चित निर्वाचन क्षेत्रमा भोटिङ मसिन प्रयोग गर्ने बताएको आयोग अन्तत...	https://l.hamropatro.com/r/https://www.techpana.com/2022/120548/	technology	L
पल शाह प्रकरण: १० न्युजपोर्टलसहित १६ युट्युब च्यानल कारबाहीमा	काठमाडौं: प्रेस काउन्सिल नेपालले पल शाह प्रकरणमा भ्रामक समाचार प्रकाशित गर्ने १० समाचार वेवसाइट र १६ युट्युब च्यानललाई कारबाही गरेको छ।  त्यस्तै आचारसंहिता प्रतिकूल सामग्री सम्प्रेषण गर्ने २२ अनला...	https://l.hamropatro.com/r/https://annapurnapost.com/news/197717	technology	L
पल शाह प्रकरणः १० वेबसाइटमाथि प्रतिबन्ध, १६ युट्युबरलाई साइबर अपराधको मुद्दा	काठमाडौं । नेपाल प्रेस काउन्सिलले अभिनेता पल शाह प्रकरणमा १० वेब पोर्टलमाथि प्रतिबन्ध लगाउने निर्णय गरेको छ । पत्रकार आचार संहिता प्रतिकूल हुने गरी सामग्री सम्प्रेषण गरेको भन्दै प्रेस काउन्सिलले १०...	https://l.hamropatro.com/r/https://www.techpana.com/2022/120544/	technology	L
प्रहरीलाई गृहको निर्देशन- अफवाह फैलाउने जोसुकैलाई कारबाही गर्नू	काठमाडौं: गृह मन्त्रालयले सामाजिक सञ्जालको माध्यमबाट अफवाह फैलाउनेलाई कारबाही गर्न निर्देशन दिएको छ। फेसबुक, युट्युब, टिकटक र इन्स्टाग्रामबाट सुरक्षा निकायको फोटो भिडियो दुरुपयो गरी समाजमा उत्तेजना...	https://l.hamropatro.com/r/https://annapurnapost.com/news/197712	technology	L
हाम्रो पात्रोको फेलोशीप प्रोग्राम २०२२ मार्च १५ बाट आयोजना हुँदै, छनौटमा पर्न सफल विद्यार्थीको सूची सार्वजनिक 	हाम्रो पात्रोले आफ्नो फेलोशीप प्रोग्रामका लागि मागेको विद्यार्थीहरुको सूची सार्वजनिक गरेको छ । विद्यार्थीहरुले फेलोशीप प्रोग्राममा इन्जिनियरहरुबाट प्रशिक्षण पाउनेछन् र सामाग्रीको निर्माण र प्रयोगक...	https://l.hamropatro.com/r/https://ictsamachar.com/news-details/10415/2022-03-04	technology	L
हाम्रोपात्रोमा २५ जना विद्यार्थीलाई हाम्रोपात्रोमा फेलोशिप, कोको भए छनौट ?	काठमाडौं । नेपालको लोकप्रिय एप हाम्रो पात्रोले २५ जना विद्यार्थीलाई फेलोशिप प्रदान गरेको छ । कम्पनीले फेलोशिप प्रोग्राम २०२२ अन्तर्गत विद्यार्थी छनौट गरेको हो । हाम्रोपात्रोकी प्रबन्ध निर्देशक सुद...	https://l.hamropatro.com/r/https://www.techpana.com/2022/120542/	technology	L
१९ जीबी र्‍याम भएको स्मार्टफोन रियलमी भी २५ सार्वजनिक, कति होला मूल्य ?	काठमाडौं । चिनियाँ मोबाइल निर्माता कम्पनी रियलमीले आफ्नो नयाँ स्मार्टफोन रियलमी भी २५ सार्वजनिक गरेको छ । शुक्रबारदेखि बजारमा उपलब्ध यो फोन १२ जीबी र्‍याम तथा २५६ जीबी स्टोरेजको भेरियन्टमा उपलब्ध छ...	https://l.hamropatro.com/r/https://www.techpana.com/2022/120535/	technology	L
भ्रामक र झुटो क्याप्सन राखी टिकटक र युट्युब भिडिओ बनाउनेमाथि अब साइबर अपराधको मुद्दा	काठमाडौं । प्रहरी प्रधान कार्यालय अन्तर्गतको साइबर ब्यूरोले युट्युब, टिकटक लगायतका सामाजिक सञ्जालमा भ्रामक क्याप्सन तथा तस्वीर अपलोड गर्नेहरूमाथि साइबर अपराधको मुद्दा चलाउने भएको छ । गम्भीर प्रकृति...	https://l.hamropatro.com/r/https://www.techpana.com/2022/120528/	technology	L
पल शाह प्रकरण : अनुसन्धान प्रभावित पार्नेगरी भिडियो राख्नेलाई कारबाही गर्ने प्रहरीको चेतावनी	गम्भीर प्रकृतिका अपराधको अनुसन्धानलाई प्रभावित पार्ने उद्देश्यले युट्युब, टिकटकलगायका सामाजिक सञ्जालमा भिडियो तथा फोटो अपलोड गर्नेलाई प्रहरीले कारबाही गर्ने भएको छ । प्रहरी प्रधान कार्यालय, साइबर ...	https://l.hamropatro.com/r/https://farakdhar.com/story/77250	technology	L
मोबाइल र इन्टरनेटको गुणस्तर सर्भे गर्न छुट्टै मोबाइल एप सार्वजनिक	काठमाडौं । नियामक नेपाल दूरसञ्चार प्राधिकरणले मोबाइल तथा इन्टरनेटको गुणस्तर सर्वेक्षण गर्न छुट्टै मोबाइल एप सार्वजनिक गरेको छ । प्राधिकरणको २४ औँ वार्षिकोत्सवको अवसरमा नियामकले यस्तो एप ल्याएको हो ...	https://l.hamropatro.com/r/https://www.techpana.com/2022/120523/	technology	L
ह्वाट्सएपले ल्याउँदै यी १० नयाँ फिचर,के के ?	काठमाडौं- ह्वाट्सएपले एन्ड्रोइड, एप्पल आईओएस, विन्डोज र वेब प्रयोगकर्ताका लागि थुप्रै नयाँ फिचरहरु ल्याउनका लागि काम गरिरहेको छ। ह्वाट्सएपमा आउने नयाँ फिचर र बदलाव ट्रयाक गर्ने डब्ल्यूएबेटाइन्फोले ...	http://l.hamropatro.com/r/http://ajakoartha.com/story/68872	technology	L
जिमेलमा आउने ई-मेलका लागि यसरी सेट गर्नुहोस् अटोमेटिक रिप्लाई	काठमाडौं । कुनै व्यवसायिक अथवा व्यक्तिगत ई-मेल पठाउँदा, सेन्ड बटनमा क्लिक गर्ने बित्तिकै उक्त ई-मेलको रिप्लाई आएको कुरा तपाईँले पनि याद गर्नुभएको होला । यसरी नै तपाईँले  पनि ई-मेल प्राप्त गर्ने बित...	https://l.hamropatro.com/r/https://www.techpana.com/2022/120521/	technology	L
नयाँ वर्षसँगै एमडीएमएस पूर्ण रुपमा लागू हुने, नेपालमा अवैध मोबाइलमाथि प्रतिबन्ध लाग्ने	काठमाडौं । सरकारले आगामी नयाँ वर्ष २०७९ को सुरुवातसँग नेपालमा अवैध मोबाइलमाथि प्रतिबन्ध लगाउने भएको छ । नियामक नेपाल दूरसञ्चार प्राधिकरणका अध्यक्ष पुरुषोत्तम खनालले अवैध मोबाइल नियन्त्रण गर्न वैशाख...	https://l.hamropatro.com/r/https://www.techpana.com/2022/120518/	technology	L
फ्ल्यागशिप स्मार्टफोन सार्वजनिक गर्दै एचटीसी	काठमाडौं । केही समय फ्ल्यागशिप एन्ड्रोइड फोनको मामलामा निस्क्रिय रहेको एचटीसीले मार्चको सुरुमा फ्ल्यागशिप एन्ड्रोइड फोन ल्याउने घोषणा गरेको छ । कम्पनीले पहिलो पटक सन् २०१८ मा  एचटीसी यू १२ प्लस बाट...	https://l.hamropatro.com/r/https://www.techpana.com/2022/120512/	technology	L
ट्विटरमा पोडकास्ट ट्याब आउँदै	ट्वीटरमा अब पोडकास्ट ट्याब उपलब्ध हुने भएको छ । ट्विटरले हाल यसमा काम गरिरहेको जनाइएको छ ।  ट्वीटरका रिभर्स इन्जिनियर जेन मानचुआन वोङले पोस्ट गरेको स्क्रीनसट अनुसार ट्वीटरको तल्लो मेन्युबार देखिएक...	https://l.hamropatro.com/r/https://ictsamachar.com/news-details/10407/2022-03-04	technology	L
के हो एफपीएस, अनि कसरी बन्छ ‘स्लोमो’ र ‘टाइम ल्याप्स’ भिडिओ ? यसरी बुझ्नुहोस्	काठमाडौं । एफपीएस (FPS) अर्थात् फ्रेम पर सेकेन्डबारे बुझ्नु अगाडि भिडिओ कसरी बन्छ भन्ने बारे जान्न जरुरी छ । जब तस्वीरहरू एकपछि अर्को यति छिटो देखाइन्छ कि जहाँ आखाँले एकपटकमा हरेक चित्रमा ध्यान दिन...	https://l.hamropatro.com/r/https://www.techpana.com/2022/120509/	technology	L
क्रिमियालाई रुसबाट अलग्याएर युक्रेनको अङ्गको रुपमा देखाउन थाल्यो एप्पल म्याप्स	काठमाडौं । एप्पल म्याप्सको पछिल्लो अपडेटमा क्रिमियालाई युक्रेनको भूभागमा सामेल भएको देखाइएको छ । एप्पल म्यापले सन् २०१४ पश्चात् पहिलो पटक उक्त क्षेत्रको परिवर्तन गरेको हो । सन् २०१४ मा रुसले क्रिम...	https://l.hamropatro.com/r/https://www.techpana.com/2022/120505/	technology	L
उत्कृष्ट क्यामेरा भएको स्मार्टफोन खरिद गर्न थाहा पाउनैपर्ने ८ महत्त्वपूर्ण क्यामेरा सेन्सर	काठमाडौं । यदि तपाईँले एउटा राम्रो क्यामेरा भएको स्मार्टफोन खोजिरहनु भएको छ भने मेगापिक्सेल मात्र नभएर विभिन्न क्यामेरा सेन्सरको बारेमा पनि विचार पुर्‍याउनुपर्ने हुन्छ । किन भने फोनको क्यामेरालाई उ...	https://l.hamropatro.com/r/https://www.techpana.com/2022/120502/	technology	L
नथिङ ब्रान्डमा पहिलो स्मार्टफोन सार्वजनिक गर्दै वनप्लसका सह-संस्थापक कार्ल पेई 	काठमाडौं । चाँडै नै नथिङ ब्रान्डको पहिलो स्मार्टफोन बजारमा आउने भएको छ । यही मार्च वा अप्रिलमा कम्पनीको पहिलो स्मार्टफोन सार्वजनिक हुने बताइएको छ । लिक रिपोर्ट अनुसार नथिङ स्मार्टफोन नथिङ इयरबड्सक...	https://l.hamropatro.com/r/https://www.techpana.com/2022/120498/	technology	L
बलेफी हाइड्रोपावरको आईपीओमा २१ लाख ४५ हजार बढि कित्ता सेयर खरीदका लागि आवेदन, कहाँबाट दिन सकिन्छ ?	काठमाडौं - बलेफी हाइड्रोपावर लिमिटेडको प्रारम्भिक सार्वजनिक निष्काशन (आईपीओ) मा २१ करोड ४५ लाख रुपैयाँ बराबरको सेयर खरीदका लागि माग आवेदन परेको छ । फागनु २० गते शुक्रबार बेलुका साँझ ५ बजेसम्ममा २१...	http://l.hamropatro.com/r/http://ajakoartha.com/story/68912	economics	L
सजिलो मर्मत सेवामा ट्रु नर्थ एशोसिएट्सले १० करोड लगानी गर्ने	ट्रु नर्थ एशोसिएट्सले सजिलो मर्मत सेवामा १०० मिलियन अर्थात १० करोड रूपैयाँ लगानी गर्ने भएको छ । यसका लागि सजिलो मर्मत सेवा र ट्रु नर्थ एशोसिएट्सबिच एमओयु सम्पन्न भएको छ ।  यस लगानीले आउने दिनमा कम...	https://l.hamropatro.com/r/https://ictsamachar.com/news-details/10423/2022-03-05	economics	L
मधेश, कर्णाली र सुदूरपश्चिममा जलवायु अनुकुलसम्बन्धी परियोजना सुरु	२१ फागुन, काठमाडौं । मधेश, कर्णाली र सुदूरपश्चिम प्रदेशमा वातावरण तथा जलवायु अनुकुल विकासमा नेपाली युवा परियोजना सुरु भएको छ । युथ इन्नोभेसन ल्याब, रेस्टलेस डेभलपमेन्ट नेपाल, क्रियसन र सीडीएमएस ना...	https://l.hamropatro.com/r/https://www.onlinekhabar.com/2022/03/1089337	economics	L
कालीकोटमा ३३ केभिएको प्रसारण लाइन जडान	कालीकोट– कालीकोटमा ३३ केभिए प्रसारण लाइन जडान हुने भएको छ।  यसभन्दा अघि दैलेखेको दुल्लुदेखि कालीकोट हुँदै जुम्लासम्म ११ केभिए विद्युत् प्रसारण लाइन जडान भए पनि त्यसलाई विस्तार गरेर ३३ केभिए विद्यु...	https://l.hamropatro.com/r/https://nepallive.com/story/274543	economics	L
औषधि तथा औषधिजन्य उपकरणको चितवनमा बृहत् प्रदर्शनी हुने	न्युज अफ नेपाल, काठमाडौं ।  औषधि तथा औषधिजन्य उपकरणको बृहत् प्रदर्शनी ‘नेपाल फर्मा एक्स्पो – २०२२’ आगामी वैशाख ९ गते ३ दिन सम्म चितवनमा हुने भएको छ । नेपाल औषधि उत्पादक संघ (एपोन)ले प्रत्ये दुई द...	https://l.hamropatro.com/r/https://www.newsofnepal.com/2022/03/05/478855/	economics	L
कार्यसम्पादन मूल्यांकनमा मकवानपुरको थाहा नगरपालिका जिल्लाकै उत्कृष्ट	वित्तीय समानीकरण अनुदानको प्रयोजनका लागि प्राकृतिक स्रोत तथा वित्त आयोगले प्रदेश र स्थानीय सरकारहरूको कार्यसम्पादन मूल्यांकनमा मकवानपुरको थाहानगरपालिका जिल्लाकै उत्कृष्ट भएको छ ।  आगामी आर्थिक वर्...	https://l.hamropatro.com/r/https://farakdhar.com/story/77327	economics	L
दिनदिनै नयाँ कीर्तिमान बनाउँदै सुनको मूल्य	यो साता सुनको मूल्य प्रतितोला १९०० रुपैयाँ उकालो लागेको नेपाल सुनचाँदी व्यवसायी महासंघले जानकारी दिएको छ । महासंघका अनुसार गत साताको शुक्रबारको तुलनामा यो साता सुनको भाउ उक्त मूल्यले उकालो लागेको ह...	https://l.hamropatro.com/r/https://ratopati.com/story/224613/2022/3/5/gold-price-	economics	L
जनकपुर–पोखरा हवाइ उडान सुरु : दुई प्रदेशबीच सहकार्यकाे आवश्यकता भएकाे मुख्यमन्त्री पाेखरेलकाे भनाइ	धनुषा –  आजदेखि जनकुपर-पाेखरा हवाइ उडान सुरु भएकाे छ । आज भएकाे पहिलाे उडानमा गण्डकी प्रदेशका मुख्यमन्त्री कृष्णचन्द्र नेपाली पाेखरेल पाेखराबाट जनकपुर आउनुभयाे ।  जनकपुर-पोखरा हवाइ उडान सुरु भएपछि...	https://l.hamropatro.com/r/https://ujyaaloonline.com/story/66027/2022/3/5/janakpur-pokhara-flight-starts	economics	L
तनहुँसुरको विकासको गति अगाडि बढेको छ : श्रममन्त्री श्रेष्ठ	file photo श्रम, रोजगार तथा सामाजिक सुरक्षामन्त्री कृष्णकुमार श्रेष्ठले ऐतिहासिकस्थल तनहुँसुरको विकासको गतिमा अगाडि बढेको बताएका छन् । नेकपा एकीकृत समाजवादी व्यास–११ ले आज देउराली डाँडामा आयोजना ग...	https://l.hamropatro.com/r/https://ratopati.com/story/224610/2022/3/5/krishnakumar-shrestha	economics	L
७ महीनामा बीमा कम्पनीले आर्जन गरे १ खर्बभन्दा बढी बीमा शुल्क	फागुन २१, काठमाडौं । चालू आर्थिक वर्षको सात महीनामा बीमा कम्पनीहरुले  १ खर्ब रुपैयाँभन्दा बढी बीमा शुल्क संकलन गरेका छन् ।  नेपालमा सञ्चालित सबै जीवन र निर्जीवन बीमा कम्पनीहरुले साउनदेखि माघ महीना...	https://l.hamropatro.com/r/https://abhiyandaily.com/newscategory-detail/404066	economics	L
इमर्जिङ नेपालको सेयर नेप्सेमा सूचीकृत, कतिमा होला पहिलो कारोबार ?	इमर्जिङ नेपालको साधारण सेयर (आईपीओ) नेपाल स्टक एक्सचेञ्ज (नेप्से)मा सुचीकृत भएको छ । कम्पनीले सर्वसाधारणलाई बिक्री गरेको ५५ लाख ५६ हजार कित्ता सेयर नेप्सेमा सूचीकृत भएको हो । नेप्सेले कम्पनीको आईप...	https://l.hamropatro.com/r/https://ratopati.com/story/224607/2022/3/5/nepse	economics	L
एनआइसी एशिया क्यापिटलको पहिलो पूँजीबजार साक्षरता कार्यक्रम बुटवलमा	काठमाडौं । एनआइसी एशिया क्यापिटल लिमिटेडले बुटवलमा पहिलो पूँजीबजार साक्षरता कार्यक्रम सम्पन्न गरेको छ । कार्यक्रममा क्यापिटलका उच्च तहका अधिकारीहरुले डिम्याट खाता, प्रथामिक सेयर, धितोपत्रको दोश्रो...	https://l.hamropatro.com/r/https://www.lokpath.com/story/505992	economics	L
पाल्पाली ढाकाको ब्रान्डिङले उत्साह	पाल्पा — तानसेन नगरपालिका–४ सिल्खानटोलका ढाका उद्योगी हरि रायमाझीकहाँ २५ वटा ढाका बुन्ने तान छन् । त्यसमा ४० जनाले प्रत्यक्ष रोजगारी पाएका छन् । सरस्वती ढाका कपडा उद्योगका सञ्चालक रायमाझीको मखनटोलम...	https://l.hamropatro.com/r/https://ekantipur.com/pradesh-5/2022/03/05/164644806313724243.html	economics	L
१५ करोड लगानीमा ग्याबिन वायर उद्योग	सुर्खेत — कर्णाली प्रदेशमै पहिलोपल्ट ग्याविन वायर उद्योग सञ्चालनमा ल्याइएको छ । वीरेन्द्रनगर नगरपालिका–१२ औद्योगिक क्षेत्रमा झन्डै १५ करोड लागतमा स्थापना गरिएको उद्योगको कर्णाली प्रदेशका मुख्यमन्त्...	https://l.hamropatro.com/r/https://ekantipur.com/pradesh-6/2022/03/05/164644891289166227.html	economics	L
वातावरण तथा जलवायू अनुकुल सम्बन्धी ‘किक अफ’ कार्यक्रम तीन प्रदेशमा सुरुवात	काठमाडौँ- यूथ इन्नोभेसन ल्याबको नेतृत्वमा, रेस्टलेस नेपाल र सीडीएमसीको साझेदारीमा मधेश प्रदेश, कर्णाली प्रदेश र सुदुरपश्चिम प्रदेशमा वातावरण तथा जलवायू अनुकुल विकासमा नेपाली युवा परियोजना संचालन भए...	https://l.hamropatro.com/r/https://www.khabarhub.com/2022/05/357463/	economics	L
कानुनी शासनमा अब्बल बन्दै कानेपोखरी  	पालिका रिभ्यू : कानेपोखरी गाउँपालिका अहिले कानुनी शासनको जग बलियो बनाउने जिम्मेवारी स्थानीय तहको काँधमा छ । त्यसका लागि नीतिगत आधार र कानुन निर्माणमा स्थानीय तहका जनप्रतिनिधिले पहल गरिरहेका छन् । ...	https://l.hamropatro.com/r/https://palikakhabar.com/single-news/13905	economics	L
गण्डकीका मुख्यमन्त्री मधेसमा, पर्यटन प्रवर्द्धनमा जोड दिने	जनकपुरधाम । गण्डकी प्रदेशका मुख्यमन्त्री कृष्णचन्द्र नेपाली मधेस भ्रमणका लागि जनकपुरधाम आइपुगेका छन् । आजदेखि सुरु भएको पोखरा–जनकपुरको पहिलो उडानमा मुख्यमन्त्रीसहित १८ जनाको टोली मधेस भ्रमणमा आइपुग...	https://l.hamropatro.com/r/https://baahrakhari.com/news-details/343341	economics	L
पोखराबाट विमानमा जनकपुर पुगे मुख्यमन्त्री पोखरेल, मधेश र गण्डकीबिच अन्तरप्रदेशीय विमान सेवा सुरु	जनकपुरधाम : मधेश प्रदेश र गण्डकी प्रदेशबिच अन्तरप्रदेशीय विमान सेवा आजबाट सुरु भएको छ। दुवै प्रदेशको पर्यटनलाई बढावा दिने उद्देश्यले साताको तीन दिन उडान हुने गरी विमान सेवा सुरु भएको हो। गण्डकी प्...	https://l.hamropatro.com/r/https://pahilopost.com/content/20220305125846.html	economics	L
ग्रीन भेन्चर्सको आईपीओमा अन्तिम दिनसम्ममा कति पर्‍यो आवेदन ?	काठमाडौं - ग्रीन भेन्चर्स लिमिटेडको स्थानीय बासिन्दाका लागि जारी गरेको आईपीओमा अन्तिम दिनसम्ममा ११७ प्रतिशत आवेदन परेको छ । कम्पनीले फागुन २ गतेदेखि निष्काशन तथा बिक्री खुला गरेको आईपीओमा आवेदन दि...	http://l.hamropatro.com/r/http://ajakoartha.com/story/68907	economics	L
इन्धनको कर घटाएर मूल्य समायोजन गर !	युक्रेनमा रूसले आक्रमण गरेपछि अन्तर्राष्ट्रिय बजारमै इन्धनको मूल्य बढेको छ । नेपालमा त यसै पनि इन्धनको मूल्य बढेको बढ्यै छ । बढेको मूल्यअनुसार पेट्रोल प्रतिलिटर १५० रूपैयाँ, डिजल र मट्टीतेलको मूल्य...	https://l.hamropatro.com/r/https://baahrakhari.com/news-details/343333	economics	L
चौधरी ग्रुपले उद्योगका कामदार कर्मचारीको गर्‍यो नि : शुल्क स्वास्थ्य परीक्षण	फागुन २१, विराटनगर । सुनसरीको गढी गाउँ पालिकामा रहेको चाउचाउ उद्योगमा काम गर्ने ५५३ जना कर्मचारी, मजदूर र मजदूरका आफन्तसमेतको नि : शुल्क स्वास्थ्य परीक्षण गरिएको छ ।  चौधरी ग्रुप अन्तरगत सीजी फुड्...	https://l.hamropatro.com/r/https://abhiyandaily.com/newscategory-detail/404064	economics	L
इमर्जिङ नेपालको आईपीओ भोलीबाट कारोबारमा आउने, ओपनिङ रेन्ज कति ?	काठमाडौं- गत माघको अन्तिम साता आईपीओ बिक्री गरेको इमर्जिङ नेपाल लिमिटेडको सेयर शुक्रबार धितोपत्र दोस्रो बजारमा आउँदो आइतबारबाट कारोबार आउने भएको छ । यो कम्पनीको आईपीओ शुक्रबार नेपाल स्टक एक्सचेन्ज...	http://l.hamropatro.com/r/http://ajakoartha.com/story/68906	economics	L
फर्मल र क्याजुअल फेसनका लागि 'लुइस फिलिप'	ललितपुरको लबिम मलमा फेसन ब्राण्ड 'लुइस फिलिप' सञ्चालनमा आएको ४ वर्ष भइसकेको छ। इन्डियन प्रिमियम ब्राण्ड लुइस फिलिपमा पुरूषहरूका लागि मात्र कपडा पाइन्छ। भारतमा निकै रूचाइएको यो ब्राण्डले नेपालमा प...	https://l.hamropatro.com/r/https://www.setopati.com/kinmel/jewellery/263796	economics	L
सुरक्षित खानेपानी वितरणमा रूपन्देहीको शंकरनगर उत्कृष्ट	रूपन्देहीको तिलोत्तमा नगरपालिकामा वडा नं. २ स्थित शंकरनगर खानेपानी तथा सरसफाई उपभोक्ता संस्था सुरक्षित खानेपानी वितरणमा सर्वोत्कृष्ट भएको छ। खानेपानी तथा ढल व्यवस्थापन विभागले शंकरनगर खानेपानी संस...	https://l.hamropatro.com/r/https://www.setopati.com/social/263795	economics	L
१० दिनमा साढे २ रुपैयाँले बढ्यो डलरको भाउ	पछिल्लो १० दिन यता अमेरिकी डलरको भाउ निरन्तर उकालो लागिरहेको छ । रुस युक्रेन युद्धको असरका कारणले डलरको मूल्य निरन्तर उकालो लागिरहेको हो । यही महिनाको १२ गते एक अमेरिकी डलरको बिक्रीदर ११९.६० रुपैया...	https://l.hamropatro.com/r/https://ratopati.com/story/224594/2022/3/5/currency	economics	L
प्रदेश १ मा ब्राउन सुगर ओसारपसार डरलाग्दो	प्रदेश १ मा लागुऔषध दुर्व्यसनीको संख्या बढ्दो छ । यद्यपि केन्द्र, प्रदेश र स्थानीय सरकारले दुर्व्यसनविरुद्ध प्रभावकारी कदम चाल्ने योजना तथा बजेट निर्माण गरेका छैनन् । झापाको मेचीनगर नगरपालिका, सुन...	https://l.hamropatro.com/r/https://ratopati.com/story/224592/2022/3/5/brown-sugar-province-1	economics	L
सबै वडामा प्रशासकीय भवन	पाँचथर — जिल्लाको उत्तरी याङवरक गाउँपालिकाले सबै वडामा सुविधायुक्त नयाँ भवनबाट सेवा दिन थालेको छ । उक्त पालिकामा जनप्रतिनिधि निर्वाचित भएपछि चार प्रशासकीय भवन निर्माण भएका हुन् । गाउँपालिकाले १, २,...	https://l.hamropatro.com/r/https://ekantipur.com/pradesh-1/2022/03/05/164644627901433913.html	economics	L
चीनले रक्षा बजेट ७ दशमलव १ प्रतिशतले बढाउने	चीनले सन् २०२२ मा रक्षा बजेट ७ दशमलव १ प्रतिशतले बढाउने भएको छ । चीन सरकारले राष्ट्रिय सुरक्षाका लागि २३० अर्ब डलर विनियोजन गरेको बजेट प्रतिवेदनमा उल्लेख छ । यसअघि सन् २०२१ मार्चमा चीनले रक्षा बजे...	https://l.hamropatro.com/r/https://ujyaaloonline.com/story/66024/2022/3/5/china-to-increase-defense-budget	economics	L
सुनकोशीको सुख्खा क्षेत्रमा ४८ करोडको लागतमा खानेपानी पुर्‍याइँदै	सिन्धुली : सिन्धुलीको सुनकोशी गाउँपालिकाको सुख्खा क्षेत्रमा बृहत पम्पिङ खानेपानी आयोजना निर्माण सुरु भएको छ। खानेपानी तथा ढल व्यवस्थापन विभाग र स्थानीय उपभोक्ताको लागत साझोदारीमा झण्डै ४८ करोड रुपै...	https://l.hamropatro.com/r/https://annapurnapost.com/news/197752	economics	L
वैशाखदेखि पूर्ण रूपमा सञ्चालनमा आउँदै एमडीएसएस, आईएमईआई नम्बर दर्ता नभएका मोबाइल नचल्ने  	नेपाल दूरसञ्चार प्राधिकरणले वैशाखदेखि पूर्ण रूपमा मोबाइल डिभाइस म्यानेजमेन्ट सिस्टम (एमडीएमएस) सञ्चालनमा ल्याउने भएको छ । शुक्रबार आयोजना भएको प्राधिकरणको २४ औं वार्षिकोत्सवको अवसरमा प्राधिकरणका अ...	https://l.hamropatro.com/r/https://ictsamachar.com/news-details/10419/2022-03-05	economics	L
१९ वाणिज्य बैंकको पिई २० भन्दा तल, काकादेखि डोनसम्म सेयर किन्ने मुडमा !	आज फागुन २० गते, शुक्रबार दिनभरकाे प्रमुख आर्थिक समाचारहरू तल उल्लेख गरिएकाे छ । १. पेट्रोलियम पदार्थको भाउ बढेको बढ्यै, हालसम्मकै उच्च मूल्य कायम पेट्रोलियम पदार्थको मूल्य फेरि बढेको छ । नेपाल आ...	https://l.hamropatro.com/r/https://arthasansar.com/news/37295	economics	L
सरकारले साथ दिए नेपालको पर्वतीय पर्यटनले लय समात्छ (भिडिओ)	साहसिक पर्यटकका लागि नेपाल विश्वकै उत्कृष्ट गन्तब्य हो। जोखिम उठाएर हिमाल आरोहण तथा ट्रेकिङ यात्राका लागि विश्वभरका पर्यटकहरू नेपाल आउने गरेका छन्। पर्वतीय क्षेत्र अन्य विद्याका पर्यटन गन्तव्यभन्दा...	https://l.hamropatro.com/r/https://www.setopati.com/ghumphir/ghumphir-news/263782	economics	L
कृषिमा भविष्य खोज्दै ईश्वर	अत्तरिया – ईश्वरकुमार थापा कृषिमा राम्रो भविष्य छ भन्ने कुरामा सहमत छन्। उनी त्यही सम्भावनालाई साकार पार्न दुई वर्षदेखि व्यवसायी कृषि पेसामा आवद्ध छन्। तर, सरकारले नेपाल कृषि प्रधान देश हो। कृषिबाट...	https://l.hamropatro.com/r/https://www.khabarhub.com/2022/05/357403/	economics	L
गरीबी निवारणका लागि वन उपभोक्तालाई हस्तकला तालिम	गरीबी निवारणका लागि नवलपुरको एक सामुदायिक वनले आफ्ना उपभोक्तालाई सीपमूलक तालिम सञ्चालन गरेको छ ।  नवलपरासी (बर्दघाट–सुस्तापूर्व)को गैंडाकोट–१ मा रहेको मौलाकाली सामुदायिक वनले स्थानीय महिलालाई सीप ...	https://l.hamropatro.com/r/https://lokaantar.com/story/174560/2022/3/5/current-affairs/hastakala	economics	L
लुम्बिनीमा किसानले घरमै बसेर बीउविजनको जानकारी पाउने सफ्टवेयर	रुपन्देही । किसानले कुन बीउबिजन कुन समयमा लगाउने र कुन बीउबिजन लगाएमा बढी उत्पादन हुनसक्छ भन्ने जानकारी नपाएका कारण धेरै पीडित हुनुपरेको छ । समयमा बीउबिजन नपाउनु, सूचिकृत बीउबिजन नपाउँदा त्यसबाट उ...	https://l.hamropatro.com/r/https://www.nepalpress.com/2022/03/05/162303/	economics	L
मुडेको आलु र कोइरालोको अचार कसरी बनाउने ?	विश्वमा २०० थरिका आलु पाइन्छन् र नेपालमा मात्र ३० थरिका आलु उपलब्ध छन् । आलु सम्बन्धी अनुसन्धान गरिरहेकी फ्रान्सेली नागरिक मथिल्डे भन्छिन्, ‘पहाडी र हिमाली आलु राम्रो हुन्छ ।’ मुडेको आलु र पश्चिम ...	https://l.hamropatro.com/r/https://lokaantar.com/story/174558/2022/3/5/blog/potato	economics	L
चीनद्वारा रक्षा बजेटमा ७ प्रतिशतको बढोत्तरी	काठमाडौं- चीनले शनिबार २०२२ मा आफ्नो रक्षा बजेमा ७ दशमलव १ प्रतिशत बढोत्तरी गर्ने जनाएको छ। अमेरिका पछि सबैभन्दा ठूलो रक्षा बजेट चीनको हो।  समाचार एजेन्सी एएफपीका अनुसार, एक सरकारी बजेट रिपोर्टबाट...	https://l.hamropatro.com/r/https://nepallive.com/story/274526	economics	L
युद्धविरामपछि भावुक हुँदै मारिउपोलका मेयरले भने- नागरिकहरूलाई बाहिर निकाल्नुको विकल्प छैन	रुसले युक्रेनी दुई शहरमा अस्थायी युद्धविराम घोषणा गरेपछि र मानवीय करिडोरमा सहमति जनाएपछि युक्रेनको सबैभन्दा ठूलो बन्दरगाह शहर मारिउपोलका मेयरले भावुक हुने कुरा बोलेका छन् ।  ‘मारियुपोल यसको घर र स...	https://l.hamropatro.com/r/https://lokaantar.com/story/174581/2022/3/5/international/russia-ukraine-	international	L
रुसले घोषणा गर्यो अस्थायी युद्धविराम	काठमाडौँ । रुसले युक्रेनसँगको युद्धमा अस्थायी युद्धविराम गरेको छ । युक्रेनमाथि आक्रमण सुरु गरेको दशौं दिन रुसले दुई शहरमा अस्थायी युद्धविराम घोषणा गरेको हो । रुसले मानवीय सहायताका लागि भन्दै शनिबार...	https://l.hamropatro.com/r/https://www.corporatenepal.com/news/detail/216949	international	L
सिरियामा दुई तक्मा पाउने रुसी मेजर जनरल युक्रेनमा मारिए	काठमाडौं– युक्रेनमाथि आक्रमण गरिरहेको रुसी फौजका वरिष्ठ सैनिक अधिकारी मारिएका छन् । युक्रेनी पक्षले जारी युद्धमा संलग्न रुसी सेनाका मेजर जनरल आन्द्रेई सुखोभेत्स्की मारिएको दाबी गरेको हो ।	https://l.hamropatro.com/r/https://www.khabarhub.com/2022/05/357493/	international	L
रुसले युद्धविराम गरेको सहरका मेयर के भन्छन् ?	युक्रेनका दुई सहरमा रुसले अस्थायी युद्धविराम गर्दै त्यहाँ मानिसहरुलाई बाहिर निस्किन र सहर छाड्न दिने घोषणा गरेको छ । यो घोषणा आएलगत्तै मारियुपोलका मेयर वेडिम बोइचेन्कोले एक भावुक अभिव्यक्ति दिएका ...	https://l.hamropatro.com/r/https://farakdhar.com/story/77331	international	L
रूसले गर्‍यो युक्रेनका दुई सहरमा अस्थायी युद्धविराम	काठमाण्डु – रुसले रुसले युक्रेनमा आक्रमण गरेको दश दिनमा अस्थायी युद्धविरामको घोषणा गरेको छ । युक्रेनका दुई शहर मरियपोल र भोल्नोवाखाबाट सर्वसाधारणलाई सुरक्षित स्थानतर्फ निस्कनका लागि रुसले अस्थायी य...	https://l.hamropatro.com/r/https://www.kathmandupati.com/news/russia-11/216678/	international	L
रूसद्वारा अस्थायी युद्धविराम घोषणा	मस्को : रूसले शनिबार युक्रेनका महत्त्वपूर्ण दुई शहरमा अस्थायी युद्धविराम घोषणा गरेको छ। रूसले १० दिनदेखि युक्रेनमा आक्रमण गर्दै आएको थियो। नेपाली समय ११ः४५ बजे मारियुपोल र भोल्नोभाखमा अस्थायी युद्...	https://l.hamropatro.com/r/https://thahakhabar.com/news/147328	international	L
युक्रेनका दुई सहरमा रूसद्वारा अस्थायी युद्धविराम घोषणा	काठमाडौं, फागुन २१ : १० दिनयता युक्रेनमाथि आक्रमण गरिरहेको रुसले अस्थायी रूपमा युद्धविराम घोषणा गरेको छ। मानवीय सहायताका लागि भन्दै रुसले आज (शनिबार)  बिहान १० बजे दुई सहरमा युद्धविराम घोषणा गरेको...	https://l.hamropatro.com/r/https://kathmandupress.com/news/59560	international	L
युक्रेन-रुस युद्ध: कारको क्यामेरामा कैद आक्रमणको दृश्य	युक्रेनको चेर्निहिभ सहरमा भएको एउटा आक्रमणको भिडिओ सार्वजनिक भएको छ। एउटा कारको क्यामेरामा कैद सो आक्रमणमा कम्तीमा ४० जनाको मृत्यु भएको बताइएको छ। हेर्नुहोस् भिडिओ।	https://l.hamropatro.com/r/https://www.bbc.com/nepali/news-60629263?xtor=AL-73-[partner]-[hamro.patro]-[headline]-[nepali]-[bizdev]-[isapi]	international	L
युक्रेनका दुई सहरमा अस्थायी युद्धविराम	मस्को– रुसले युक्रेनका दुई प्रमुख सहरमा अस्थायी युद्धविराम घोषणा गरेको छ । रुसी सेनाले घेरा हालेका मारिओपो र भोल्नोभाखामा अस्थायी युद्धविराम गरेको रुसको रक्षा मन्त्रालयले पुष्टि गरेको हो ।	https://l.hamropatro.com/r/https://www.khabarhub.com/2022/05/357479/	international	L
उत्तर कोरियाले गर्‍यो फेरि मिसाल प्रहार	काठमाडौं । उत्तर कोरियाले फेरि एउटा संदिग्ध व्यालिस्टिक मिसाइल प्रहार गरेको छ । उत्तर कोरियाले प्रहार गरेको मिसाईल कोरियाली प्रायद्धीपको पूर्वमा पर्ने एउटा समुद्रमा खसेको सो क्षेत्रका सेनाहरुले जना...	https://l.hamropatro.com/r/https://www.lokpath.com/story/506000	international	L
रुसद्वारा युक्रेनका दुई वटा सहरमा अस्थायी युद्धविराम	रुसले युक्रेनका दुई वटा सहरमा अस्थायी युद्धविराम घोषणा गरेको छ । मानवीय सहायताका लागि भन्दै रुसले मरिपोल र भोल्नोभाखाकामा अस्थायी युद्ध विराम घोषणा गरेको बीबीसीले जनाएको छ । ती सहरबाट सर्वसाधरणलाई...	https://l.hamropatro.com/r/https://ujyaaloonline.com/story/66028/2022/3/5/russia-temporary-ceasefire-in-two-ukrainian-citiy	international	L
यूक्रेनका दुई शहरमा रुसको अस्थायी युद्धविराम	काठमाडाैँ । यूक्रेनमाथि आक्रमण गरेको दशौं दिनमा रुसले अस्थायी युद्धविरामको घोषणा गरेको छ । युक्रेनका दुई शहर मरियपोल र भोल्नोवाखाबाट सर्वसाधारणलाई सुरक्षित स्थानतर्फ निस्कनका लागि अस्थायी युद्धविरा...	https://l.hamropatro.com/r/https://www.makalukhabar.com/2022/03/99977170930/	international	L
खेल पूर्वाधार निर्माणमा रंगेलीको फड्को  	पालिका रिभ्यू : रंगेली नगरपालिका  मोरङ- खेलकुदले स्वस्थ तथा अनुशासित नागरिक बनाउन मद्दत गर्छ । देशलाई अन्तर्राष्ट्रिय रूपमा चिनाउन पनि खेलकुदको योगदान महत्त्वपूर्ण हुन्छ । यही तथ्यलाई आधार मानेर म...	https://l.hamropatro.com/r/https://palikakhabar.com/single-news/13910	international	L
युक्रेनका दुई सहरमा रुसद्वारा अस्थायी युद्धविरामको घोषणा	रुसले युक्रेनका दुई सहरमा मानवीय सहयोग मार्ग खुल्ला गर्न अस्थायी युद्धविरामको घोषणा गरेको छ। बिबिसीका अनुसार रुसी रक्षा मन्त्रालयले मारिओपो र भोल्नोभाखामा रुसी समयअनुसार शनिबार १० बजेदेखि मानवीय सह...	https://l.hamropatro.com/r/https://nayapatrikadaily.com/feed-detail.php?nid=81856	international	L
युक्रेनका दुई शहरमा रुसले गर्‍यो युद्धविराम	२१ फागुन, काठमाडौं । युक्रेनमाथि रुसी आक्रमण सुरु भएको दशौं दिन रसियाको रक्षा मन्त्रालयले युक्रेनको दुई शहरमा युद्धविराम घोषणा गरेको छ । दक्षिण पूर्वी शहर मरियुपुल र भोल्नोभाखामा शनिबार विहानदेखि ...	https://l.hamropatro.com/r/https://www.onlinekhabar.com/2022/03/1089326	international	L
रुसले युद्धबिरामको घोषणा गरेपछि अब युक्रेनमा के–के गरिन्छ ?	काठमाडौं। रुसले युक्रेनमाथि आक्रमण सुरु गरेको १० दिनपछि युद्धबिरामको घोषणा गरेको छ । रुसको रक्षा मन्त्रालयले शनिबार मस्कोको समयअनुसार बिहान १० बजे (नेपाली समय दिउँसो पौने १ बजे) देखि रुसी सेनाले आक...	https://l.hamropatro.com/r/https://www.dcnepal.com/2022/03/336310/	international	L
युक्रेन-रुस युद्ध: आक्रमणअघि र पछिका तस्बिरहरू जसले विनाश देखाउँछ	रुसी क्षेप्यास्त्र आक्रमणले युक्रेनका सहरहरू ध्वस्त पारेको छ। यहाँ प्रस्तुत आक्रमणअघि र आक्रमणपछिका तस्बिरहरूले गत हप्ता रुसले गरेको आक्रमणपछि आवासीय क्षेत्रहरूमा भएको विनाश देखाउँछ। युक्रेनको रा...	https://l.hamropatro.com/r/https://www.bbc.com/nepali/news-60629627?xtor=AL-73-[partner]-[hamro.patro]-[headline]-[nepali]-[bizdev]-[isapi]	international	L
मानवीय सहायताका लागि रुसद्वारा युक्रेनमा युद्ध विरामको घोषणा	काठमाडौं- रुसले छिमेकी देश युक्रेनमाथि आक्रमण गरेको दशौं दिनमा मारिउपोल र भोल्नोभाखा सहरमा अस्थायी युद्धविरामको घोषणा गरेको छ। रुसी  समाचार संस्था स्पुतनिकका अनुसार मानवीय सहायताका लागि शनिबार जिएम...	https://l.hamropatro.com/r/https://nepalsamaya.com/abroad/2022-03-05-130925	international	L
युक्रेनको दुई शहरमा अस्थायी युद्ध विराम घोषणा	रुसी आक्रमणको दशौं दिन युक्रेनका दुई शहरमा अस्थायी युद्ध विराम घोषणा गरिएको छ। युक्रेनको म्यारिपोल र भोल्नोभाख शहरमा रुसले अस्थायी युद्धविरामको घोषणा गरेको हो। स्थानीय समयअनुसार, शनिबार बिहान १० ब...	https://l.hamropatro.com/r/https://www.himalkhabar.com/news/128683	international	L
शेन वार्नको अन्त्येष्टि राजकीय सम्मानका साथ गरिने	अस्ट्रेलियन लिजेन्डरी स्पिनर शेन वार्नको राजकीय सम्मानका साथ अन्त्येष्टि गरिने भएको छ । अस्ट्रेलियाका प्रधानमन्त्री स्कट मोरिसनले स्पिनर वार्नको राजकीय सम्मानका साथ अन्त्येष्टि गरिने घोषणा गरेका हु...	https://l.hamropatro.com/r/https://farakdhar.com/story/77321	international	L
रुस–युक्रेन युद्ध : रुसले गर्यो २ शहरमा अस्थायी युद्धविराम	रुसले युक्रेनका दुई शहरमा अस्थायी युद्धविरामको घोषण गरेको छ । युक्रेनका मारियपोल र भोल्नोभाखामा रुसले अस्थायी युद्धविरामको घोषणा गरेको हो । मस्कोको स्थानीय समयअनुसार बिहान १० बजे युद्धविराम घोषणा ग...	https://l.hamropatro.com/r/https://ratopati.com/story/224606/2022/3/5/russia-ukrine-war	international	L
बागमती नदी सफाइ गरिँदै (फोटो फिचर)	चार सय ६० औँ बागमती नदी सफाइअन्तर्गत आज शनिबार पशुपति क्षेत्र वरपर आर्यघाटदेखि रामघाटसम्म सरसफाइ गर्दै अभियानकर्मी । यो पनि… मर्कामा मजदुर: थोरै ज्याला,काम धेरै (फोटोफिचर) बन्दमा जे देखियो (फोटो...	https://l.hamropatro.com/r/https://www.merolifestyle.com/archives/31037	international	L
युक्रेनी जनताले हार नमान्नेमा जिन्चेन्को विश्वस्त	इंग्लिस क्लब म्यानचेस्टर सिटीका युक्रेनी डिफेन्डर ओलेक्सान्डर जिन्चेन्कोले युक्रेनको पक्षमा उभिएकाेमा सबैलाई धन्यवाद दिएका छन् । रुसले युक्रेनमाथि आक्रमण गरेको विषयमा बिबीसीसँग कुराकानी गर्दै जिन्...	https://l.hamropatro.com/r/https://farakdhar.com/story/77319	international	L
युक्रेनी दुई सहरमा अस्थायी युद्धविराम गरेको रुसको घोषणा	रुसले युक्रेनका दुई सहरमा अस्थायी युद्धविरामको घोषणा गरेको छ । रुस र युक्रेनबीच जारी युद्धको दशौं दिनमा रुसले युक्रेनी दुई सहरमा अस्थायी युद्धविराम घोषणा गरेको बताएको हो ।  रुसको रक्षा मन्त्रालयले...	https://l.hamropatro.com/r/https://farakdhar.com/story/77320	international	L
युक्रेनमाथि सैन्य आक्रमणयता रुसका शीर्ष धनाढ्यहरुले ८० बिलियन डलर बढी गुमाए	एजेन्सी - युक्रेनमाथि सैन्य आक्रमणयता रुसका शीर्ष धनाढ्यहरुले ८० बिलियन डलर बढी गुमाएका छन् । ब्लुमबर्ग इन्डेक्सका अनुसार राष्ट्रपति भलादिमिर पुटिनले युक्रेनलाई आक्रमण गर्ने निर्णय गरेयता रुसका शी...	http://l.hamropatro.com/r/http://ajakoartha.com/story/68908	international	L
रुसले गर्‍यो युद्धविरामको घोषणा, सर्वसाधारणका लागि मानवीय करिडोर खोलिने	कियभमा रहेका बीबीसी संवाददाता जेम्स वाटरहाउसका अनुसार रुस र युक्रेनबीच जारी युद्धको दशौँ दिन रुसले युद्धविरामको घोषणा गरेको छ ।  सामाजिक सञ्जालमा गरिएको एक पोस्टमा उनले रूसी रक्षा मन्त्रालयले रूसी...	https://l.hamropatro.com/r/https://lokaantar.com/story/174576/2022/3/5/main-news/russia-	international	L
रसियाद्वारा युक्रेनका दुई शहरमा अस्थायी युद्धविरामको घोषणा	रसियाले पूर्वी युक्रेनका दुई विदोही क्षेत्रलाई ‘स्वतन्त्र राज्य’ को मान्यता दिएसँगै सुरु भएको युद्ध आज १० औं दिन प्रवेश गरेको छ। रसियाली सेनाले युक्रेनका विभिन्न शहरुहरुमा नियन्त्रण जमाएका छन्। राज...	https://l.hamropatro.com/r/https://pahilopost.com/content/20220305131558.html	international	L
अमेरिकमा एक महिनामै ६ लाख ७८ हजार रोजगारीको अवसर	संयुक्त राज्य अमेरिकामा फेब्रुअरी महिनामै ६ लाख ७८ हजार जनाले रोजगारी थपिएको छ । समाचार संस्था सीएनएनका अनुसार अमेरिकी रोजगार बजारमा एक महिनामै उक्त जनसंख्याले नयाँ रोजगारी थपिएको हो । यो गत वर्षक...	https://l.hamropatro.com/r/https://ratopati.com/story/224601/2022/3/5/vacancy-announcement	international	L
रुसले गर्‍यो युद्धविरामको घोषणा : सर्वसाधारणका लागि मानवीय करिडोर खोल्ने	किभ : रुसले युद्धविरामको घोषणा गरेको छ। बीबीसी संवाददाता जेम्स वाटरहाउसले रुस र युक्रेनबीच जारी युद्धको दसौं दिनमा रसियाले युद्धविरामको घोषणा गरेको बताएका छन्।  सामाजिक सञ्जालमा पोस्ट गर्दै उनले स...	https://l.hamropatro.com/r/https://annapurnapost.com/news/197756	international	L
अमेरिकाका अधिकांश बालबालिका कोभिड-१९ बाट संक्रमित	युएस सेन्टर फर डिजिज कन्ट्रोल एण्ड प्रिभेन्सन (CDC) ले जारी गरेको अध्ययनले संयुक्त राज्य अमेरिकाका अधिकांश बालबालिका कोभिड-१९ बाट संक्रमित भएको देखाएको छ । संक्रमणबाट एन्टिबडीहरू प्रकट गर्ने रक्त ...	https://l.hamropatro.com/r/https://ratopati.com/story/224600/2022/3/5/corona-virus	international	L
युक्रेनको मारिउपोल सहरलाई रूसी सेनाले घेरे : हवाई हमला जारी	किभ : युक्रेनको सबैभन्दा ठूलो बन्दरगाह सहर मारिउपोलमा रुसी हेलिकप्टरले लगातार गोली चलाएको भिडियो फुटेज बाहिर आएका छन्। बिहीबारदेखि रुसी सेनाले सहरलाई घेराबन्दी गरेको छ। मारिउपोलमा करिब ४ लाख ५० हज...	https://l.hamropatro.com/r/https://annapurnapost.com/news/197755	international	L
मानवीय सहायताका लागि रूसले गर्‍यो युक्रेनमा युद्धविराम 	छिमेकी युक्रेनमाथि आक्रमण गरेको दशौं दिनमा रूसले युद्धविराम घोषणा गरेको छ।  रूसी  समाचार संस्था स्पुतनिकका अनुसार मानवीय सहायताका लागि शनिबार जिएमटी (ग्रिनविच मिन टाइम) अनुसार ६ बजेदेखि युद्धविराम...	https://l.hamropatro.com/r/https://www.setopati.com/politics/263799	international	L
बाहुबलीको तेस्रो संस्करण आउने ?	साउथ इन्डस्ट्रीमा यस्ता धेरै फिल्म छन् जसले दक्षिणका जनताको साथै हिन्दी सिनेमा हेर्ने दर्शकको मन जित्न सफल रहे । यस्तै एउटा फिल्म ‘बाहुबली’ थियो । यो फिल्मका दुई अध्याय छन् भने अब तेस्रोको पालो आएक...	https://l.hamropatro.com/r/https://ratopati.com/story/224618/2022/3/5/bahubali-movie	entertainment	L
इन्डियाज गट ट्यालेन्ट : रोहित शेट्टीलाई मन पर्‍यो दिव्यांश र मनुराजको संगीत, आफ्नो फिल्ममा मौका दिने	काठमाडौं । भारतीय प्रतिभालाई अगाडि ल्याउन टिभी उद्योगमा धेरै रियालिटी शोहरू प्रसारण गरिन्छ। ती मध्ये एक हो ‘इन्डियाज गट ट्यालेन्ट’। यस कार्यक्रममा अहिलेसम्म आठ सिजन भइसकेका छन् र हाल सोनी टिभीमा यस...	https://l.hamropatro.com/r/https://www.lokpath.com/story/505983	entertainment	L
मोटोपन घटाउन शल्यक्रिया गरेपछि भारतीय अभिनेत्रीले ३१ वर्षमै संसार छाडेकी थिइन्	२५ भन्दा बढी भारतीय तथा दक्षिण भारतीय फिल्ममा अभिनय गरेकी अभेनेत्री आरती अग्रवाल आजकै दिन अमेरिकाको न्यू जर्सीमा १९९८४ जन्मिएकी थिइन्।	https://l.hamropatro.com/r/https://www.nepalviews.com/2022/03/05/45113/	entertainment	L
यो लाजको कुरा नभन्नू कसैलाई!	कविता मलाई अझै याद छ, हाम्रो पुरानो घरको पुरानो पिँढी जहाँ हाम्रो गफ चियाको कप देखि जिन्दगी पाखा पखेरासम्म डुल्थे। म पाँच अनि त्यसमा एक कम मेरो भाइ। पुरानो घरमा मेरा पुराना आमा बाबालाई उही पुरा...	https://l.hamropatro.com/r/https://www.setopati.com/literature/263798	entertainment	L
नेटफ्लिक्समा कपिलको कार्यकर्मको दोस्रो सिजन चाँडै आउने	हालै मात्र हास्य कलाकार तथा होस्ट कपिल शर्माले डिजिटल प्लेटफर्ममा आफ्नो शुरुवात गरेका थिए । झण्डै एक घण्टाको स्ट्याण्डअप कमेडी शो ‘कपिल शर्मा आइ एम नट डन येट’ मा हास्य कलाकारले आफ्नो जीवनका यस्ता ध...	https://l.hamropatro.com/r/https://ratopati.com/story/224598/2022/3/5/kapil-sarma	entertainment	L
‘प्रेमगञ्ज’ भदौ ३ मा प्रदर्शन हुने	काठमाडौं । चलचित्र ‘प्रेमगञ्ज’को प्रदर्शन मिति तय गरिएको छ । चलचित्र क्षेत्रका विभिन्न व्यक्तिहरुको शुभकामनासहित भदौ ३ गतेबाट चलचित्र प्रदर्शनमा आउने घोषणा गरिएको हो । निर्माण टिमले सार्वजनिक गरेक...	https://l.hamropatro.com/r/https://baahrakhari.com/news-details/343338	entertainment	L
शव राखिएको बक्सामाथि सजाइएका परिकार	काठमाडौं– सस्पेन्स सिनेमा निर्देशनमा शीर्ष स्थानमा आउने नाम हो, बेलायती फिल्म निर्देशक अल्फ्रेड हिचकच। उनले बनाएका फिल्मलाई त्यो समयमा धेरै महत्त्व दिइएन। तर, कालान्तरमा उनका सिनेमाहरुको विरासत विस...	https://l.hamropatro.com/r/https://nepallive.com/story/274492	entertainment	L
रविन तामाङको आवाजमा ‘चिसो एष्ट्रे’को शीर्ष गीत 	काठमाडौं । रविन तामाङको आवाजमा ‘चिसो एष्ट्रे’को शीर्ष गीत रिलिज गरिएको छ ।  अभिनयमा जम्नुअघि थुप्रै रक गीत गाएका तामाङ आजभोलि संगीतभन्दा ज्यादा अभिनयमा नै सक्रिय छन् । उनकै शब्द तथा संगीत रहेको फि...	https://l.hamropatro.com/r/https://baahrakhari.com/news-details/343337	entertainment	L
फागुन २७ देखि भृकुटीमण्डपमा नेपाल बिल्डकन अन्तर्राष्ट्रिय प्रदर्शनी हुने	काठमाडौँ – नेपाल बिल्डकन अन्तर्राष्ट्रिय प्रदर्शनीको सातौ संस्करण यही फागुन २७ देखि २९ गतेसम्म काठमाडौँको भृकृटीमण्डपमा हुने भएको छ। मिडिया स्पेस सोलुसन्स प्रालि र फुटुरेक्स ट्रेड फेयर एण्ड इभेन्ट...	https://l.hamropatro.com/r/https://deshsanchar.com/2022/03/05/620866/	entertainment	L
सबासँग विवाह गर्ने योजनामा ऋतिक ?	ऋतिक रोशन र उनकी श्रीमती सुजेन खान छुट्टिएको धेरै समय भइसकेको छ । यसैबीच, ऋतिक रोशन र साबा आजाद एकसाथ देखिए र त्यसपछि दुईको  सम्बन्धको निकै खबर छ । खाना खानेदेखि किनमेलसम्ममा पपाराज्जीले दुई जनालाई...	https://l.hamropatro.com/r/https://ratopati.com/story/224577/2022/3/5/ritik-roshan	entertainment	L
रविचन्द्र गौतमको शव्द र राजेश पायल राईको स्वरमा ‘देख्छु सपना सारा हुन्छन् हुँदैनन् पुरा... (भिडिओ)	रविचन्द्र गौतम (रवि बमबिरा) को शब्द सिर्जना, राजेश पायल राईको स्वर तथा बादल लिम्बुको संगीतमा ‘देख्छु सपना सारा हुन्छन् हुँदैनन् पुरा...’ बोलको गीत सार्वजनिक भएको छ।  गीतले वर्तमान मानवीय प्रवृतिमा...	https://l.hamropatro.com/r/https://www.setopati.com/art/art-activity/263789	entertainment	L
रुसले लगायो फेसबुकपछि ट्विटर र युट्युबमा पनि प्रतिबन्ध	एजेन्सी । रुसले सामाजिक सञ्जालमा प्रतिबन्ध लगाउने कार्यलाई निरन्तरता दिएको छ । बिरोधका स्वरहरु आउने माध्ययममा रुसले प्रतिबन्ध लगाउने कार्यलाई निरन्तरता दिएको हो । रुसले फेसबुकपछि ट्विटर र युट्युबमा...	https://l.hamropatro.com/r/https://baahrakhari.com/news-details/343329	entertainment	L
नयाँ कलाकारलाई स्टार बनायौँ, तर संस्कार दिएनौँ	मिलन चाम्स नेपाली सिने जगतका एक फरक र सफल निर्देशकका रुपमा परिचित छन् । उनले बनाएको ‘वीरविक्रम’ र ‘ब्लाइन्ड रक्स’ले बक्स अफिसमा राम्रै छाप छाडेका थिए । यसैबाट उनको परिचय फराकिलो बनेको हो । त्यसबाहे...	https://l.hamropatro.com/r/https://www.khabarhub.com/2022/05/357402/	entertainment	L
जाह्नवी जन्मदिन मनाउँदै, आमा श्रीदेवी यस्तो चाहन्थिइन्	काठमाडौँ – बलिउड अभिनेत्री जाह्नवी कपूर भोलि (मार्च ६) मा आफ्नो जन्मदिन मनाउँदैछिन् । फिल्म ‘धडक’बाट बलिउडमा पाइला चालेकी जाह्नवीले त्यसपछि कैयौं फिल्ममा अभिनय गरिन् ।	https://l.hamropatro.com/r/https://www.khabarhub.com/2022/05/357400/	entertainment	L
जाह्नवीलाई डाक्टर बनाउन चाहान्थिन् श्रीदेवी	बलिउड अभिनेत्री जाह्नवी कपूर आइतबार मार्च ६ मा आफ्नो जन्मदिन मनाउँदै छिन् । फिल्म ‘धडक’बाट बलिउडमा पाइला चालेकी जाह्नवीले त्यसपछि कैयौं फिल्ममा अभिनय गरिन् । सामाजिक सञ्जालमा जाह्नवीको राम्रो फ्यान...	https://l.hamropatro.com/r/https://ratopati.com/story/224569/2022/3/5/Bollywood-actress	entertainment	L
बायोपिक फिल्मको तयारीमा थिए शेन वार्न	अस्ट्रेलियाका लिजेन्डरी स्पिनर शेन वार्नको ५२ वर्षको उमेरमा निधन भएको छ । फक्स क्रिकेटका अनुसार वार्नको हृद्धयघातको कारण मृत्यु भएको आशंका गरिएको छ । उनकाे निधनमा संसारभरका क्रिकेटप्रेमीसँगै बलिउड...	https://l.hamropatro.com/r/https://farakdhar.com/story/77305	entertainment	L
रविन तामाङले गाएकाे ‘चिसो एष्ट्रे’ सार्वजनिक	गायक रविन तामाङको स्वरमा चलचित्र ‘चिसो एष्ट्रे’को गीत ‘चिसो एष्ट्रे’ सार्वजनिक भएको छ।  अंग्रेजी भर्सनको गीतमा रविनकै शब्द तथा संगीत छ । दिनेश पाल्पाली निर्देशित चलचित्रमा उनको अभियन पनि हेर्न पाइ...	https://l.hamropatro.com/r/https://farakdhar.com/story/77303	entertainment	L
अभिनेत्रीको दर्दनाक कथा : मोटोपनका कारण काम पाइनन्, शल्यक्रिया गर्दा ३१ वर्षको उमेरमा मृत्यु	तेलगु चलचित्र अभिनेत्री आरती अग्रवालको आज जन्म जयन्ती हो । आरतीको जन्म मार्च ५ मा न्यु जर्सीमा भएको थियो। आरती १४ वर्षको हुँदा अभिनेता सुनिल शेट्टीले उनलाई पेन्सिलभेनिया सिटीको फिलाडेल्फियामा आयोजि...	https://l.hamropatro.com/r/https://ratopati.com/story/224559/2022/3/5/arthi-agrawal-	entertainment	L
५२ वर्षको उमेरमै अस्ट्रेलियन क्रिकेटर शेन वार्नको निधन	एजेन्सी : अस्ट्रेलियन क्रिकेटर शेन वार्नको ५२ वर्षको उमेरमा निधन भएको छ। इएसपिएन क्रिकेटका अनुसार उनको मृत्युको कारण ह्रदयघातको आशङ्का गरिएको छ।	https://l.hamropatro.com/r/https://www.ukeraa.com/news/2022/03/04/15702	entertainment	L
सलमान र क्याटरिना अभिनीत 'टाइगर ३' सन् २०२३ को अप्रिल २१ मा रिलिज हुने	बलिउड फिल्म 'टाइगर ३' को टिजरसहित प्रदर्शन मिति सार्वजनिक भएको छ। सलमान खान र क्याटरिना कैफ अभिनीत यो फिल्म सन् २०२३ को अप्रिल २१ मा रिलिज हुने पक्का भएको हो। अभिनेत्री कैफले इन्स्टाग्राममार्फत् फ...	https://l.hamropatro.com/r/https://pahilopost.com/content/20220304183746.html	entertainment	L
पल प्रकरणमा दिपकराज गिरी भन्छन्, ‘पीडितले जे भोगिरहेकी छन्, त्यसमा हामी सबै दोषी छौँ	काठमाडौँ– कलाकार, निर्देशक तथा निर्माता दिपकराज गिरीले ‘पल शाह प्रकरण’ की पीडितले अहिले जे भोगिरहेकी छन्, त्यसको दोषको भागीदार आफू लगायत मनोरञ्जन क्षेत्रका सबै व्यक्तिहरु रहेको बताएका छन्। उनले फे...	https://l.hamropatro.com/r/https://deshsanchar.com/2022/03/04/620774/	entertainment	L
सर्वकालीन महान लेगस्पिनर शेन वार्नको निधन	२० फागुन, काठमाडौं । अस्ट्रेलियाका महान क्रिकेटर शेन वार्नको ५२ वर्षको उमेरमा निधन भएको छ । वार्नका व्यवस्थान टोलीले दिएको जानकारी अनुसार थाइल्याण्डको कोह सामुईमा हृदयघातका कारण निधन भएको जानकारी द...	https://l.hamropatro.com/r/https://www.onlinekhabar.com/2022/03/1089197	entertainment	L
अष्ट्रेलियन क्रिकेटर शेन वार्नको निधन	विनय तिम्सीना, इलाम । विश्व क्रिकेटका महान क्रिकेटर शेन वार्नको हृदयघातका कारण निधन भएको छ । अष्ट्रेलियकाका पूर्व क्रिकेटर शेन वार्न यतिवेला छुट्टी मनाउन थाईलेन्डमा गएका थिए । उनको त्यही निधन भएको...	https://l.hamropatro.com/r/https://www.news24nepal.tv/2022/03/04/861254	entertainment	L
जेनिश उप्रेतीको आवाजमा ‘बाटो’ सार्वजनिक	काठमाडौं । ‘द भ्वाइस किड्स’ को विजेता जेनिश उप्रेतीको आवाज रहेको ‘बाटो’ बोलको गीत भिडियो सहित सार्वजनिक भएको छ । शुक्रबार राजधानीमा एक कार्यक्रमका बीच सार्वजनिक गरिएको गीतको भिडियोमा बालगायक जेनिश...	https://l.hamropatro.com/r/https://www.lokpath.com/story/505898	entertainment	L
बी डिभिजन लिग : श्री भगवतीको लगातार दोस्रो जित	श्री भगवती क्लबले सहिद स्मारक बी डिभिजन लिगमा लगातार दोस्रो जित निकालेको छ । उसले सातदोबाटोस्थित एन्फा कप्लेक्स सातदोबाटोमा शनिबारको पहिलो खेलमा ब्वाइज युनियनलाई २-१ ले हराएको हो । सुरुवाती अग्रता...	https://l.hamropatro.com/r/https://farakdhar.com/story/77329	sports	L
आइसिसी महिला विश्वकप : अस्ट्रेलियाको विजयी सुरुवात	आइसिसी महिला एकदिवसीय विश्वकपमा अस्ट्रेलियाले विजयी सुरुवात गरेको छ । उसले शनिबारको खेलमा इंग्ल्यान्डमाथि १२ रनको जित हात पारेको हो ।  ३११ रनको लक्ष्य पछ्याएको इंग्ल्यान्डले ५० ओभर नै ब्याटिङ गरे ...	https://l.hamropatro.com/r/https://farakdhar.com/story/77326	sports	L
‘कलेजमा पहिलो ब्वाई हुनु दबाब थियो’	झापास्थित हल्दिबारी माध्यमिक विद्यालयबाट २०५९ सालमा एसएलसी (एसईई) दिएको थिएँ । त्यसबेला अघिल्लो दिन दिनभरि क्रिकेट खेलेर भोलिपल्ट परीक्षामा सहभागी भएको थिएँ । बच्चै भएर होला परीक्षाभन्दा क्रिकेटमा ...	https://l.hamropatro.com/r/https://www.merolifestyle.com/archives/31020	sports	L
महिला विश्वकप क्रिकेटमा दक्षिण अफ्रिका विजयी	आईसीसी महिला एक दिवसीय विश्वकप क्रिकेटमा दक्षिण अफ्रिकाले विजयी  सुरुवात गरेको छ । न्यूजिल्याण्डमा सुरु भएको विश्वकपमा दक्षिण अफ्रिकाले आफ्नो पहिलो खेलमा बंगलादेशमाथि ३२ रनको जित पक्का गर्न सफल भयो...	https://l.hamropatro.com/r/https://www.neplays.com/archives/128375	sports	L
हाइएस्ट अल्टिच्युड डार्टस् टुर्नामेन्ट फाल्गुन २४ गते आयोजना हुँदै	काठमाडौं । राष्टिय खेलकुद परिषदको तत्वाधन तथा नेपाल डार्टस् एसोशियसनको आयोजनामा प्रथम हाइएस्ट अल्टिच्युड (२२५० मि) डार्टस् टुर्नामेन्टको आयोजना हुने भएको छ । प्रतियोगिता रसुवा जिल्लामा यहि फाल्गुन...	https://l.hamropatro.com/r/https://www.lokpath.com/story/505972	sports	L
बेइजिङ शीतकालीन ओलम्पिकमा युक्रेनका खेलाडीले जिते स्वर्ण	२१ फागुन, काठमाडौं । युक्रेनका बायथलन खेलाडीले चीनमा जारी शीतकालीन ओलम्पिकमा पहिलो स्वर्णपदक जित्न सफल भएका छन् । ३३ वर्षीय बायथलिट ग्राइगोली भोभ्चिन्स्कीले उत्कृष्ट प्रदर्शन गर्दै युक्रेनलाई पहिलो...	https://l.hamropatro.com/r/https://www.onlinekhabar.com/2022/03/1089302	sports	L
नेपाली राष्ट्रिय क्रिकेट श्रीलंका प्रस्थान, ४ अभ्यास खेल खेल्ने	काठमाडौँ – आईसीसी पुरुष विश्वकप क्रिकेट लीग–टु अन्तर्गत यूएईमा हुने एक दिवसीय त्रिकोणात्मक शृंखलाको तयारीका लागि नेपाली राष्ट्रिय क्रिकेट टोली आज श्रीलंका प्रस्थान गरेको छ। नेपाल क्रिकेट संघ (क्यान...	https://l.hamropatro.com/r/https://www.khabarhub.com/2022/05/357438/	sports	L
एनएसएल अक्सनमा सर्वाधिक मूल्य प्राप्त गर्ने १८ खेलाडी	नेपाल स्पोर्ट्स एण्ड इभेन्ट म्यानेजमेन्टको आयोजनामा हुने नेपाल सुपर लिग (एनएसएल)को दोस्रो संस्करणका लागि शुक्रबार खेलाडी किनबेच (अक्सन) गरिएको थियो । अक्सनमा अखिल नेपाल फुटबल संघ (एन्फा)ले निर्धार...	https://l.hamropatro.com/r/https://farakdhar.com/story/77313	sports	L
एनएसएल अक्सन : सबै टोलीले चाहेका लाकेन र शिव	शनिबार, फागुन २१, २०७८ काठमाडौं (हाम्रो खेलकुद) – नेपाल सुपर लिग (एनएसएल) को अक्सन शुक्रबार काठमाडौंमा सम्पन्न भयो । दोस्रो संस्करणमा सहभागी सबै १० टोलीले अक्सनमार्फत ए, बी र सी श्रेणीबाट कुल १५-१...	https://l.hamropatro.com/r/https://www.hamrokhelkud.com/football/106243.html	sports	L
१८ खेलाडी सर्वाधिक मूल्यमा बिक्री	दोस्रो संस्करणको नेपाल सुपर लिग (एनएसएल) मा १८ जना खेलाडी सर्वाधिक मूल्य तीन लाख ५० हजार रुपैयाँमा बिक्री भएका छन् । नेपाल स्पोर्टस् एन्ड इभेन्ट म्यानेजमेन्टको आयोजनामा हुने एनएसएलका लागि शुक्रबार ...	https://l.hamropatro.com/r/https://nayapatrikadaily.com/feed-detail.php?nid=81846	sports	L
नेक्ससले जित्यो अर्किड कप 	नेक्सस स्कुलले छैटौँ अर्किड कप सेभेन ए साइड अन्तरविद्यालय नकआउट छात्र फुटबल प्रतियोगितामा उपाधि जितेको छ । प्रतियोगिताको शुक्रबार सम्पन्न फाइनलमा नेक्ससले मनकामना स्कुललाई ३–१ ले पराजित गर्दै उपाधि...	https://l.hamropatro.com/r/https://nayapatrikadaily.com/feed-detail.php?nid=81843	sports	L
एपीएफले पायो एएफसीको क्लब लाइसेन्स प्रमाणपत्र	काठमाडौं। विभागीय टोली सशस्त्र प्रहरीको एपीएफ क्लबले एएफसी क्लब लाइसेन्स पाएको छ।	https://l.hamropatro.com/r/https://www.nepalviews.com/2022/03/05/45062/	sports	L
इन्टरकाे सानदार जितमा मार्टिनेजकाे ह्याट्रिक	इटालियन सिरी ए अन्तर्गत आज बिहान सम्पन्न खेलमा घरेलु टाेली इन्टर मिलानले स्पाेर्टिभा सालेर्निटानामाथि ५-० काे फराकिलाे जित हात पारेकाे छ । सान सिराेमा मिलनलाई जित दिलाउन लाउटाराे मार्टिनेजले ह्याट...	https://l.hamropatro.com/r/https://farakdhar.com/story/77304	sports	L
त्रिकोणात्मक सिरिजअघि श्रीलंकासँग अभ्यास खेल	काठमाडौं– नेपाली राष्ट्रिय क्रिकेट टिम श्रीलंका प्रस्थान गरेको छ। लिग २ को अभ्यासका लागि श्रीलंकामा चार खेल खेल्न टोली त्यता लागेको हो। नेपाली टिमले श्रीलंकामा त्यहाँको नेभी (सेना) सँग दुई खेल र ...	https://l.hamropatro.com/r/https://nepalsamaya.com/cricket/2022-03-05-083115	sports	L
नेपाल सुपर लिगका महँगा १८ खेलाडी, २४२ मा १५० मात्र छानिए	काठमाडौँ : नेपाल सुपर लिगका लागि भएको अक्सनमा १८ खेलाडी सर्वाधिक मूल्यमा अनुबन्ध भएका छन्। आगामी चैत २६ देखि जेठ ७ सम्म आयोजना हुने नेपाल सुपर लिग (एनएसएल)का लागि शुक्रवार अक्सन भएको थियो।	https://l.hamropatro.com/r/https://www.ukeraa.com/news/2022/03/05/15708	sports	L
मार्टिनेजको ह्याटि्रक प्रेरित इन्टर शीर्षस्थानमा	लौटारो मार्टिनेजको ह्याट्रिकसंगै रेलिगेशनको दबाबमा रहेको सेलनिटानामाथि ५-० को सानदार जितसहित इन्टर मिलान इटालियन सिरी ‘ए’ को शीर्ष स्थानमा उक्लिएको छ । यससँगै इन्टरले सिरी ‘ए’ मा पछिल्लो चार खेलको ...	https://l.hamropatro.com/r/https://rajdhanidaily.com/id/57544/	sports	L
एनएसएल अक्सन : १५० खेलाडी अनुबन्धित‚ १८ लाई सर्वाधिक मूल्य	काठमाडौं : आगामी चैत २६ देखि जेठ ७ सम्म आयोजना हुने नेपाल सुपर लिग (एनएसएल)का लागि शुक्रवार अक्सन सम्पन्न भयो। जहाँ १८ खेलाडीले सर्वाधिक मूल्य पाउँदा १० टिममा कुल १५० खेलाडी अनुबन्धित भए। एनएसएलले...	https://l.hamropatro.com/r/https://thahakhabar.com/news/147307	sports	L
शेन वार्नलाई नेपाली क्रिकेटरले दिए श्रद्धाञ्जली	अस्ट्रेलियाका लिजेन्डरी स्पिनर शेन वार्नको ५२ वर्षको उमेरमा निधन भएको छ । फक्स क्रिकेटका अनुसार वार्नको हृद्धयघातको कारण मृत्यु भएको आशंका गरिएको छ । विश्वकै सर्वाधिक सफल लेगस्पिनर मानिने वार्नले ...	https://l.hamropatro.com/r/https://farakdhar.com/story/77301	sports	L
नेपाली क्रिकेट टोलीको तयारी श्रीलंकामा	काठमाडौं । आईसीसी पुरुष विश्वकप क्रिकेट लिग टु अन्तर्गत युनाईटेड अरब इमिरेट्स (युएईं) मा आयोजना हुने एकदिवसीय सिरिजको तयारीका लागि नेपाली राष्ट्रिय क्रिकेट टिम शनिबार श्रीलंका जाँदैछ । नेपाली टोली...	https://l.hamropatro.com/r/https://rajdhanidaily.com/id/57541/	sports	L
कस्तो रह्यो एनएसएल दोस्रो संस्करणको अक्सन 	काठमाडौं । विवादका बीच शुक्रबार सम्पन्न नेपाल सुपर लिगको अक्सनमा १८ खेलाडी सबभन्दा बढी मूल्यमा फ्रेन्चाइज क्लबसँग अनुबन्धित भए ।  अक्सनका लागि १४९ खेलाडीलाई तीन समूहमा बर्गिकरण गरिएको थियो । त्यसअ...	https://l.hamropatro.com/r/https://baahrakhari.com/news-details/343324	sports	L
श्रीलंका जाँदै नेपाली क्रिकेट टिम	काठमाडौं। नेपाली राष्ट्रिय क्रिकेट टिम आज श्रीलंका जाँदैछ। यूएईमा हुने एकदिवशीय क्रिकेट सिरिजको तयारीका लागि नेपाली टिम श्रीलंका जान लागेको हो।	https://l.hamropatro.com/r/https://www.nepalviews.com/2022/03/05/45054/	sports	L
यूएईपछि नेपाली क्रिकेट टिमले अमेरिका र स्कटल्यान्डको भ्रमण गर्ने	काठमाडौं । आईसीसी क्रिकेट विश्वकपलिग–२ का लागि नेपालले युनाइटेड अरब इमिरेट्स (यूएई)बाट फर्किएपछि अमेरिका भ्रमणमा निस्कने भएको छ । नेपाल आईसीसी क्रिकेट विश्वकपलिग–२ मै पपुवा न्युगिनी पीएनजी र यूएईसँ...	https://l.hamropatro.com/r/https://baahrakhari.com/news-details/343323	sports	L
खप्तड गोल्डकपमा आज हिमालयन शेर्पा र नव जनजागृति क्लब खेल्दै	काठमाण्डाै - सुदूरपश्चिम खप्तड गोल्डकप फुटबल प्रतियोगितामा आज एउटा खेल हुँदैछ । धनगढी रङ्गशालामा हुने खेलमा हिमालयन शेर्पा क्लब र नव जनजागृति युवा क्लब खेल्दैछन् । खेल दिउँसो ३ बजे सुरु हुनेछ । प...	https://l.hamropatro.com/r/https://ujyaaloonline.com/story/66014/2022/3/5/himalayan-sherpa-and-nav-jana-jagriti-club-playing	sports	L
ऋषभ पन्तले बराबरी गरे धोनीको नचाहिने कीर्तिमान	शुक्रबारदेखि मोहालीमा सुरु भएको भारत र श्रीलंकाबीचको पहिलो टेस्टको सुरुवाती दिनमा ६ विकेटको क्षतिमा भारतले ३५७ रन बनायो । ऋषभ पन्त भारतका लागि सबैभन्दा धेरै रन बनाउने खेलाडी थिए। यद्यपि उनी शतक बना...	https://l.hamropatro.com/r/https://ratopati.com/story/224563/2022/3/5/wicket-keeper-batsman-to-get-out-in-nervous-nineties-	sports	L
मार्टिनेजको ह्याट्रिकमा इन्टर मिलानको सानदार जित	शनिबार, फागुन २१, २०७८ एजेन्सी – अर्जेन्टिनी फरवार्ड लोउटारो मार्टिनेजको ह्याट्रिक सहयोगमा इन्टर मिलानले इटालियन सिरी ‘ए’ मा सानदार जित निकाल्दै शीर्षस्थानमा उक्लिएको छ । इन्टरले घरेलु मैदानमा साल...	https://l.hamropatro.com/r/https://www.hamrokhelkud.com/football/106238.html	sports	L
विश्वकै सफल क्रिकेटर शेन वार्नको ५२ वर्षको उमेरमा निधन	काठमाण्डाै - विश्वकै सफल क्रिकेटर अस्ट्रेलियाका शेन वार्नको ५२ वर्षको उमेरमा निधन भएको छ । उनको हिजो थाइल्यान्डमा निधन भएको अन्तर्राष्ट्रिय सञ्चारमाध्यमले जनाएका छन् । अस्ट्रेलिया क्रिकेटका अर्का ...	https://l.hamropatro.com/r/https://ujyaaloonline.com/story/66012/2022/3/5/world-most-successful-cricketer-shane-warne-dies	sports	L
स्पिन बलिङका बादशाह वार्नको निधनले विश्व क्रिकेट स्तब्ध	काठमाडौैँ : ५२ वर्षकै उमेरमा स्पिन बलिङका बादशाह मानिने शेन वार्नको अचानक मृत्यु भएको खबर फैलिएपछि विश्व क्रिकेट स्तब्ध बनेको छ । शुक्रबार राती थाइल्याण्डमा वार्नको निधन भएको फक्स स्पोट्र्र्सले जना...	https://l.hamropatro.com/r/https://www.khabarhub.com/2022/05/357365/	sports	L
पाँचपोखरी टी–२० जिल्लास्तरीय प्रतियोगिताको फाइनल आज हुँदै	मूलपानी मैदानमा जारी पाँचपोखरी टी–२० जिल्लास्तरीय प्रतियोगिताको अन्तिम चरणको खेलमा शनिवार पाँचपोखरी क्रिकेट क्लब र पाँचपोखरी भोताङ क्रिकेट टोली भिड्ने भएका छन् । क्लबले पहिलो सेमिफाइनल खेलमा चौतार...	https://l.hamropatro.com/r/https://lokaantar.com/story/174548/2022/3/5/sports/cricket	sports	L
पाँचपोखरी टी-२० को फाइनल आज	सिन्धुपाल्चोक – मूलपानी मैदानमा जारी पाँचपोखरी टि २० जिल्लास्तरीय प्रतियोगिताको अन्तिम चरणको खेलमा आज पाँचपोखरी क्रिकेट क्लब र पाँचपोखरी भोताङ क्रिकेट टोली भिड्ने भएका छन् ।	https://l.hamropatro.com/r/https://www.khabarhub.com/2022/05/357363/	sports	L
तीर्थ र अनिताले जिते अल्ट्रा म्याराथन	ओखलढुंगा — थोलेदेम्बा–पोकली ४२ किलोमिटर अल्ट्रा म्याराथनको उपाधि तीर्थबहादुर तामाङ र अनिता राईले जितेका छन् । उक्त म्याराथनमा पुरुषतर्फ तीर्थले ४ घण्टा ४ मिनेटमा निर्धारित दुरी पार गरेका थिए । महिल...	https://l.hamropatro.com/r/https://ekantipur.com/sports/2022/03/05/164644323527567600.html	sports	L
अन्ततः लिलामी २ करोडभन्दा माथि	काठमाडौँ — नेपाल सुपर लिग (एनएसएल) को दोस्रो संस्करणका लागि खेलाडी लिलामी हुने हो वा हुने छैन, शुक्रबार बिहानसम्म अन्योल नै थियो । नहोस् पनि किन र ? नेपाली फुटबलको सर्वोच्च संस्था अखिल नेपाल फुटबल ...	https://l.hamropatro.com/r/https://ekantipur.com/sports/2022/03/05/164644252947029238.html	sports	L
सुपर लिगको दोस्रो संस्करणका लागि १८ खेलाडी सर्वाधिक महँगाे रकममा बिक्री	काठमाण्डाै - नेपाल सुपर लिगको दोस्रो संस्करणका लागि कुल १८ खेलाडी सर्वाधिक महँगो रकममा बिक्री भएका छन् ।  जसमा १० खेलाडी गोल्डेन बजरबाट महँगो रकममा गएका थिए । 'ए' श्रेणीमा रहेका १८ खेलाडी जनही तीन...	https://l.hamropatro.com/r/https://ujyaaloonline.com/samachar/66006/2022/3/4/18-players-most-expensive-for-the-second-edition	sports	L
आइडलमा विश्वासले गाउँदा शुवानी हेरेको हेर्यै, सुनेको सुन्यै	काठमाडौँ : बिहीबारको एपिसोडबाट बेनिशा पौडेल बाहिरिएसँगै नेपाल आइडल सिजन ४ मा अहिले टप पाँचमा पुग्न प्रतिस्पर्धा चलिरहेको छ। टप पाँचमा पुग्न विश्वास उप्रेती, सुमिन पाख्रिन, नाम्गेल तामाङ, भूपेन्द्र ...	https://l.hamropatro.com/r/https://www.ukeraa.com/news/2022/03/05/15704	sports	L
