पाकिस्तानमा झण्डै १५ लाख ११ हजारमा कोरोना पुष्टि हुँदा १४ लाख ४५ हजार बढि संक्रमणमुक्त, मृत्यु कति ?	0
नेपालको मौसममा बंगलादेशको प्रणालीको प्रभाव	1
रिचार्ड कार्ड किन्दा सचेत हुन टेलिकमको आग्रह	1
युक्रेनमा 'नो फ्लाई जोन' लगाउने देश युद्धमा संलग्न मानिने पुटिनको चेतावनी	0
रुस र युक्रेनबीच चौथो चरणको वार्ता सुरु, दुवैतर्फका अडान कायमै	2
जिम गर्दागर्दै ढलेका समिकले कसरी पाए नयाँ जीवन ? (पढौँ सफल उपचारको कथा)	2
‘२ नम्बरी’मा धीरज, अनमोल वा सौगातमध्ये कसको होला ‘इन्ट्री’ ?	1
चिपसेट अभाव र रुस-युक्रेन युद्धले बढ्यो इन्टरनेट उपकरणको मूल्य, दबाबमा सेवा प्रदायक 	0
लिनक्स किन प्रयोग गर्ने ?	1
कोरोना संक्रमित बढ्दै गएपछि चीनको शेन्झेन सहरमा लकडाउन	0
पाकिस्तानको सिन्धमा धार्मिक अतिवादमा वृद्धि	0
महिला बुद्धिचाल प्रतियोगिता हुने	2
नक्कली ३ लाख रुपैयाँसहित एक किशोर पक्राउ	0
प्रदेश १ मा ब्राउन सुगर ओसारपसार डरलाग्दो	0
सिरी ‘ए’ मा युभेन्टसको कठिन जित	1
ग्लोबल आइएमई बैंकको मोबाइल एप ग्लोबल ‘स्मार्ट प्लस’बाट नेपाल आइडलमा भोटिङ गर्न सकिने	2
अब मार्खेज नै पात्र भएको पुस्तक पनि पढ्नुस्	1
सीता न्यौपानेका फ्यान : बाइकमा फलो गर्नेदेखि प्रेम प्रस्ताव राख्नेसम्म (भिडियो पनि)	1
चर्को नारा र अर्काको आलोचना गर्दा भोट पाइन्छ भन्ने मानसिकता नत्यागे काँग्रेसविनाको गठबन्धन बन्नसक्छ : तुलाधार	1
‘बढ्दो ब्याजले व्यवसाय संकटमा’	0
वामपन्थी नेता बर्माको निधन	0
लुम्बिनीमा अन्तर्राष्ट्रिय विमानस्थल सञ्चालनमा आउने भएपछि बढ्यो चहलपहल, धमाधम थपिँदै पाँचतारे होटल	2
चौदण्डीगढीमा भूमिहीनलाई जग्गाकाे निस्सा वितरण	2
मिर्गौला पत्थरी भएकाले के खाने, के नखाने?	1
इरानमा सिर्जनाले जितिन् रजत पदक	2
प्रेस चौतारी वाग्मती प्रदेश अध्यक्षमा सापकोटा, पदाधिकारीमा को-को ?	1
प्रजनन स्वास्थ्य महिलाको प्रमुख मानव अधिकार	2
बाहुबलीको तेस्रो संस्करण आउने ?	1
‘मेरो देश प्यारो नेपाल’ भन्दै रंगशालामै उत्रिए गायक प्रमोद खरेल (तस्बिरहरू)	2
तुलसीको पातका यी फाइदाहरू थाहा पाउँदा छक्क पर्नुहुनेछ	2
‘नेपालकाे जलविद्युतकाे बजारीकरण’ भन्ने नाराका साथ चैत १८ गतेदेखि 'हाइड्राे एक्स्पाे' हुने	2
सिटी र क्रिष्टल प्यालेस विजयी, टोटनहम मिडल्सब्रोसँग स्तब्ध	1
दुई वर्षपछि भारतको मुम्बई र बैंग्लोरमा उडानः पर्यटक बढ्ने अपेक्षा	2
विश्वभर कोरोनाले मृत्यु हुनेको संख्या ६० लाख नाघ्यो	0
कर्णाली नदीमा पुल नहुँदा नागरिकलाई सास्ती	0
जनतालाई मुस्कानसहितको सेवा दिन कर्मचारीलाई प्रधानमन्त्री देउवाको निर्देशन	2
पाँचपोखरी अपराजित रहँदै सेमिफाइनलमा	2
स्थानीय जनताको जीवनस्तर उकास्न एनआईशी एशियाको ‘सर्वश्रेष्ठ स्थानीय बचत तथा मुद्दती खाता’	2
गायिका स्मिताको लेखनमा ‘हराएको मुस्कान’	1
पल प्रकरणमा पीडितको गोपनीयताको सम्मान गर्न अनलाइन पत्रकार सङ्घको आग्रह	0
धुलिखेल अस्पतालमा बालिकाको मृत्यु, उपचारमा लापरबाही भएको आफन्तको आरोप	0
एउटा फेसबुक प्रेमको दु:खान्त कहानी- भद्रकालीमा विवाह, महिना दिनमै सिरहामा हत्या	0
चिवतनमा चैत ९ देखि १२ गतेसम्म कृषि कर्जा मेला सञ्चालन गरिने	2
पर्यटनको नेपाल बसाई बढाउन अर्थमन्त्रीको आग्रह, मन्त्रालयबिच समन्वयको अभावमा अर्थतन्त्रमा नकारात्मक प्रभाव	1
एआइजीमा गठबन्धन र आइजिपीको भागबन्डा : सुवेदी र लामा अटाएनन्, पन्तलाई चिट्ठा पर्‍यो	1
समाजवादीले सम्पूर्ण शक्ति निर्वाचनमा केन्द्रित गर्ने	1
श्रीलंका पुलिस क्लबमाथि नेपाल १४४ रनले विजयी 	2
महानायक राजेश हमालको काठमाडौंको मेयर हुने इच्छा !	1
१२–१३ चैतमा चिनियाँ विदेशमन्त्रीको नेपाल भ्रमण, शीर्ष नेतृत्वसँग भेट	2
श्रीमतीमाथि 'एसिड' हान्ने श्रीमान पक्राउ, अनुसन्धान गर्दै प्रहरी	0
नयाँ बजेटको तयारी : बढी बजेट पार्न तीव्र दौडधुप !	1
खाजामा अब फर्सी र सूर्यमुखीको बियाँ	2
स्थानीय चुनावका लागि कांग्रेसले खटायो नेता, को कहाँ? (सूची)	1
बेलायतमा शुक्रबारदेखि यात्रा प्रतिबन्ध पूर्ण रुपमा खुला	2
युक्रेनको खेरसन सहरमा नयाँ नियम- रूसी सैनिकलाई उक्साउन नपाइने	0
रुस युक्रेन युद्ध : किएभमा ३५ घण्टाका लागि कर्फ्यु	0
छडको भाउ बढेको बढ्यै, चार कोठे घर बनाउँदा कति लाग्छ खर्च?	0
आगलागीबाट जगदम्बा स्पिनिङ्ग मिल्समा ४ करोडको क्षति	0
रुसमा युद्धको विरोधमा प्रदर्शन गर्ने हजारौं पक्राउ	0
मृत्युको ठिक अगाडि मान्छेले के सोच्छ ?	0
'पूर्वाग्रह तोडौं' भन्‍ने नारासहित आज अन्तर्राष्ट्रिय नारी दिवस मनाइँदै	2
युक्रेनसँग रुसका 'पूरा गर्नै नसकिने' माग, दुई देशबीच तेस्रो चरणको वार्ता हुँदै	0
मंगलम वायर सेफ बजारमा	1
ग्यासमा भन्दा बिजुलीमा खाना पकाउँदा ४०० रूपैयाँ सस्तो, कसरी?	2
‘प्रकाश’को फर्ष्टलुक सार्वजनिक, रिलिज डेट भदौ १० 	1
मेक्सम र एलिनाको स्वरमा ‘यो माया मर्दैन’	1
नाबालिगसँग यौनसम्बन्ध स्थापित गर्नु अपराध : श्रृंखला खतिवडा	0
अष्ट्रेलिया आएको २ महिना नपुग्दै एक नेपाली विद्यार्थी मृत फेला	0
आजबाट सहिद  स्मारक ‘बी’ डिभिजन लिग	2
‘सुनाइ क्षमता कमजोर भएकामध्ये १८ प्रतिशतसँगमात्र श्रवणयन्त्र’	0
क्रिप्टोकरेन्सीको कारोबार हुने वेबसाइट र मोबाइल एप अब नेपालभित्र नचल्ने	0
इन्धनको कर घटाएर मूल्य समायोजन गर !	0
म्यानचेस्टर युनाईटेडलाई हराउँदै सिटीको शीर्ष स्थानमा ६ अंकको अग्रता	1
प्रगतिशिल इन्जिनियर समुहको जित सुनिश्चितः ई.डा.थापा (भिडियोसहित)	2
नेपाल र पपुवा न्युगिनीबीच एकदिवसीय क्रिकेट हुने	1
स्वास्थ्य सेवा सक्षम बनाउन एक पायला फाउन्डेसनसँग सहकार्य	2
निर्माता, वितरक र प्रदर्शकको मुहारमा खुसी फर्काएको ‘म यस्तो गीत गाउँछु २’	2
प्रचण्डलाई एमालेले सिध्याउनै पर्दैन, उनले चिनामै त्यस्तो भाग्य बोकेर आएका छन् – ओली	0
फेसबुकमा कुन कुन भिडिओ हेर्नुभयो ? यस्तो छ थाहा पाउने तरिका	1
अर्थमन्त्री, योजना आयोगका उपाध्यक्ष र गभर्नरसँग प्रधानमन्त्रीको छलफल	2
नेपाल-पाकिस्तान फ्रेन्डसिप क्रिकेट प्रतियोगिताको उद्घाटन	2
‘अन्तालिया डिप्लोमेसी फोरम’मा भाग लिन परराष्ट्र मन्त्री टर्की जाने	1
‘जेड’ रुसमा कसरी बन्यो युद्धको प्रतीक ?	0
‘नानो यूरिया’ (तरल) प्रयोग गर्दा दाना मलभन्दा प्रतिहेक्टर ८ हजार सस्तो पर्ने, नेपालमा आयात खुल्ला	2
‘मिस टिन युनिभर्स’मा नेपालको प्रतिनिधि श्रीयङ्का	1
नारी दिवसको अवसरमा काठमाडौँमा महिला बक्सिङ (फोटो फिचर)	2
रुपन्देही सुपर लिग  क्रिकेट प्रतियोगितामा तिलोत्तमाको जीत	1
आफ्नो मृत्युपछि पनि अरूलाई यसरी बचाउन सकिन्छ	0
उत्कृष्ट कार्यसम्पादनमा शुभकालिका गाउँपालिका अगाडि	2
३७६ कोरोना संक्रमित निको हुँदा ८८ जना मात्र संक्रमित	0
विकास सहायता, संविधान र मानवअधिकार	1
युद्धबाट भाग्दै गरेका आमा र सन्तानसहितका सर्वसाधारणको रुसले गर्‍यो मोटारबाट हत्या	0
माओवादी बैठक : हलमै सिनियरको विवाद हुँदा प्रचण्ड ‘ब्याक’	0
रुसमा फोन र चिपको व्यापारमा सामसुङको प्रतिबन्ध	0
अनि रुषाको फिल्म खेल्ने सपना पूरा भयो	2
युक्रेनी नागरिकलाई घरको ढोका खोलिदिन बेलायत सरकारको आग्रह	2
धितोपत्र बजारका नीतिनियम अब पुराना भए, समय सापेक्ष बनाउन तयारी सुरु	2
नयाँ कलाकारलाई स्टार बनायौँ, तर संस्कार दिएनौँ	1
महिला सशक्तीकरण, सहभागिता र समानताको मुद्दा महिलाको मात्र होइन : राष्ट्रपति	2
नेपाली बजारमा सार्वजनिक हुँदै ओप्पो ए७६ 	1
फलफूल हाम्रो शरीरका लागि पौष्टिक तत्त्व, कुन समयमा के खाने ?	2
खानेपानी आयोजनाका लागि नगर विकास कोषद्धारा ऋण प्रदान	2
संक्रमण दर घटे पनि जनस्वास्थ्य मापदण्ड भने अपनाउन आग्रह	0
कृषिमा अनुदान नभइ प्रोत्साहनको नीति लिन्छौः अर्थमन्त्री, बिनाधितो ५० लाख रुपैयाँ ऋणको व्यवस्था गर्न सुझाव	2
फोनमा स्टोरेज कम छ ? अब एन्ड्रोइडले दिने छ समाधान	1
जिमेलमा आउने ई-मेलका लागि यसरी सेट गर्नुहोस् अटोमेटिक रिप्लाई	1
जब डाक्टर जोहान लवरेन्सको नामबाट ९० लाखको चिट्ठा परेको मेसेज आयो....	0
कस्तो छ नेपाल एयरलाइन्सको साउदी उडान तयारी?	1
सानदार ढंगले चुनाव जितेर कांग्रेसले ५ वर्ष सरकार चलाउँछ : महामन्त्री थापा	1
पूर्वाञ्चल क्रिकेट क्लब फाइनलमा 	2
कानुनी समस्यामा परे पवनदीप र अरुणिता	0
‘बुद्धि बिग्रिएपछि कसको के लाग्छ ?’	0
राष्ट्रिय कलाश्री सम्मान–२०७८ साहित्यकार परशु प्रधानलाई प्रदान गरिने 	2
भिभोले उपभोक्तामैत्री प्राविधिक प्रवृत्तिको विकास कसरी गर्दैछ ? 	2
लालपूर्जाको आश देखाउँदै, सुकुम्बासीसँग रकम उठाउँदै	0
मानविकी संकायका डिनलाई खुलापत्र: शिक्षामा भाषाको अवरोध हटाइयोस्	1
आईपीएल : डु प्लेसिस आरसीबीको नयाँ कप्तान बन्ने, कोहलीको पनि सहमति	2
लैनचौर मैदान पुन:निर्माण सम्पन्न गरेको एनसेलको दाबी	1
१० खेलाडीमा सिमित एथ्लेटिको विजयी	2
देशको उत्पादनमूलक क्षेत्र खराब अवस्थामा : ओली	0
दाङमा औद्योगिक, पर्यटन तथा कृषि प्रदर्शनी सुरु	2
पाकिस्तानका प्रधानमन्त्री इमरान खानविरुद्ध अविश्वासको प्रस्ताव पेस	0
आमा बत्ती कातिरहनुभएको छ	1
रुसी आक्रमणबाट नागरिकलाई जोगाउन ६ स्थानमा निकासमार्ग पहिल्याउने युक्रेनको प्रयास	0
क्रिस्टल प्यालेससँग सिटीको  बराबरी	1
अमेरिकाले लगायो रूसी तेलमा प्रतिबन्ध, के असर पर्ला नेपाललाई?	0
५७ वर्ष लागे आमिर खान : गृहस्थीमा असफल, तर करिअरमा सफल अभिनेताका ४ किस्सा 	1
भ्रामक ट्वीट पहिचान गर्न ट्वीटरले ल्यायो ‘बर्डवाच’ फिचर	2
अब सबै एमसीसीको कार्यान्वयनमा अग्रसर हुनुपर्छ : सञ्चारमन्त्री कार्की	1
युक्रेनकाे खेअरसन कब्जा गरेकाे रुसकाे दाबी	0
नेपाल बंगलादेश बैंकलाई गाभ्न नबिललाई राष्ट्र बैंकको सैद्धान्तिक सहमति, ६ महिनाभित्र एकीकृत कारोबार भईसक्ने !	2
काँग्रेस भएर कम्युनिष्टलाई भोट हाल्न सकिन्दैन : संस्थापन इतर	1
रुस-युक्रेन विदेशमन्त्री वार्ता : युद्धविराम गराउन असफल	0
यो लाजको कुरा नभन्नू कसैलाई!	1
रुसमा युक्रेन युद्ध प्रभाव : बाबुआमा पुटिनको पक्षमा, छोराछोरी विपक्षमा	0
अब एक लिटर पेट्रोलको पर्ने भयो १५० रुपैयाँ	0
छिमेकी राष्ट्रहरु नेपालमाथि आक्रमण गर्न किन डराउथे?	2
मतदाता नामावलीमा दाबी विरोध आजदेखि	1
आइएमई जनरल इन्स्योरेन्सको हकप्रदमा आजदेखि आवेदन दिन सकिने, कसले दिने आवेदन ?	2
माईपे डिजिटल वालेट प्रयोग गर्दा एक लाखको दुर्घटना बीमा	2
दक्षिण अफ्रिका संसारको सबैभन्दा धेरै असमानता भएको देश	0
युक्रेन तथा रसियाका छिमेकी देशमा आठ हजार बढी नेपाली श्रमिक	0
बहराइनको प्रदर्शनीमा नेपालको हस्तकला सामाग्री र चिया	2
विप्लवसँग एकताको कुराकानी भएको छैन: नारायणकाजी श्रेष्ठ	1
पर्यटन उकास्न छुट प्याकेज	2
फिल्मको बाँकी छायांकनका लागि ढाका उड्यो ‘ए मेरो हजुर ४’ टिम	1
विमानस्थल बन्ने हल्लाले जग्गाको मूल्य पाँच गुणाले वृद्धि, तर बनेन विमानस्थल	0
तम्घासमा चैत २५ देखि गुल्मी महोत्सवको हुने	2
केजरीवाललाई शुभकामना दिँदै रवीन्द्र मिश्रले भने– नेपालमा बढी नै अपेक्षा गरियो कि ?	1
‘खाने तेलको मूल्य वृद्धि स्वाभाविक’ : विभाग	0
‘हेल्लो जिन्दगी’मा प्रवासी नेपालीको कथा	2
प्रेमिल गीतमा सजियो आइडल	1
९३ रुपैयाँमा किनेको पेट्रोल १५० मा बेच्दा पनि १६ रुपैयाँ घाटा	0
ठेकेदार भाग्ने डरले 'गोठालो' राखेरै हुन्छ सडक निर्माणको काम !	1
जापानबाट ७० स्वयंसेवकले रुसविरुद्ध लड्न युक्रेनलाई सघाउने 	0
क्रिमियालाई रुसबाट अलग्याएर युक्रेनको अङ्गको रुपमा देखाउन थाल्यो एप्पल म्याप्स	0
‘सर्ट ड्रेस’मा जान्हवी कपुरको ‘बोल्ड लुक्स’	1
जोन अब्राहम स्टारर फिल्म ‘अटैक’को ट्रेलर रिलिज	1
माओवादी केन्द्र : निर्वाचनअघि पदाधिकारी चयन संभव छ ?	1
‘महँगीले भान्सा चलाउन गाह्राे भइसक्याे, मूल्य वृद्धि नियन्त्रण गर्न सरकार प्रतिबद्ध छ’	0
भारतबाट महँगो बिजुली किन्दै नेपाल	0
युक्रेन र रुसबीच दोस्रो चरण वार्ता आज, खेरसन रुसी नियन्त्रणमा	2
हाँस्ने खेल्ने उमेरका युक्रेनी किशोरहरू रुसी फोजविरुद्ध लड्न तयार हुँदै	0
चीनमा बढेको कोरोनाका कारण चिनियाँ अर्बपतिलाई अर्बौको घाटा	0
बन्चरेडाँडा ल्यान्डफिल साइट निर्माणमा स्थानीयको अवरोध	0
एउटा कालो भालुका कारण जब पूरै विश्व भयानक विनाशको संघारमा पुग्यो	0
सानिमा बैंकका ग्राहकले खल्ती वालेटमा फण्ड लोड गर्न सक्ने	2
पेट्रोलियम पदार्थबाट चल्ने कारभन्दा विद्युतीय गाडी कम विश्वसनीय !	1
एकवर्षमै मिनि रंगशाला तयार	2
यी सेटिङ गर्नुहोस्, मोबाइलमा आनन्दले चल्छ गेम	2
स्थानीय तहका जनप्रतिनिधिलाई प्रधानमन्त्रीले भने– जनताको मन जित्ने काम गरेर देखाउनूस्	1
रुसले भन्यो- युक्रेनमा करिब ५०० रसियन सेना मारिए	0
देशभर थपिए १५८ संक्रमित, २ जनाको मृत्यु	0
सम्पूर्ण शक्ति स्थानीय तह निर्वाचन केन्द्रीत नेकपा (समाजवादी) को निर्णय	1
आकार लिँदैछ ‘रैथाने विश्वविद्यालय’ को सपना	2
यूक्रेनी आणविक केन्द्रमा ‘कारबाही रोक्न’ रूसलाई आईएईएको आग्रह	0
अनलाईन टेलिभिजनसहित ओटीटी प्लेटफार्म नियमन गर्न कानूनी व्यवस्था , युट्युब पनि दर्ता हुनु पर्ने	1
तियानमेन स्क्वायर आन्दोलनकारी चिनियाँको अमेरिकामा हत्या 	0
राष्ट्रिय महिला भलिबलको उपाधि न्यु डायमन्डलाई	2
मृत्युभन्दा ठ्याक्कै अगाडि मानिसले के सोच्छ ? वैज्ञानिकले यस्तो रेकर्ड गरे	0
सडकमा काम गर्ने मजदुरहरुलाई साइकल उपहार	2
टिकटक र फेसबुकमा आएका आफ्नाबारेको भ्रामक सूचनाबारे नेपाली सेनाको आपत्ति	0
बारा कांग्रेसको चुनाव : कोइराला र सिटौला पक्षको समर्थन राजेशरायलाई	1
टेकबहादुर र जर्ज प्रिन्सको गोलमा आर्मीको अग्रता	1
एमालेले चुनावी कार्ययोजना बनाउँदै, यस्ता छ मंगलबारदेखिका कार्यक्रम	1
प्रदुषण कम गर्न युराे–६ मापदण्डमा जानुपर्ने विज्ञहरुको सुझाव	1
गरिबीले गरायो सामूहिक विष सेवन	0
माओवादीले स्थानीय चुनावमा 'लोकप्रिय' उम्मेदवार उठाउने	2
जीवनको सबैभन्दा ठुलो गुरू 'अनुभव' 	2
नेपाली राष्ट्रिय क्रिकेट श्रीलंका प्रस्थान, ४ अभ्यास खेल खेल्ने	2
रुपवती शहर, आरुका फूलले ढकमक्क	2
टी-२० ब्याटिङमा नेपालका हरेक कीर्तिमान पछ्याइरहेका कुशल	2
अपी पावरलाई धितोपत्र बोर्डबाट हकप्रद शेयर निष्कासनको अनुमति, कति कित्ता जारी गर्दै ?	1
अमेरिकामा पेट्रोलको मूल्य ११ प्रतिशतले बढ्‍यो	0
काँग्रेसमा को कति बलियो (गणितसहित)	1
श्रीलंका नेभी नेपालसँग १११ रनले पराजित	2
यी हुन् ‘घरबाट काम’ गर्नुका फाइदा र हानी	1
कुलमानको काम सम्झँदै अभिनेत्री सुरक्षाले लेखिन्' ‘बादलहरू’	2
साउदीका परराष्ट्रमन्त्री साउद नेपाल भ्रमणमा, मृत्युदण्ड पाएका नेपालीलाई माफी दिन आग्रह गरिने	2
सुरक्षित खानेपानी वितरणमा रूपन्देहीको शंकरनगर उत्कृष्ट	2
संसारको पहिलो घटना : ६ महिनाको बच्चामा एकैपटक नयाँ मुटु र ‘इम्युन ग्ल्याण्ड’ प्रत्यारोपण	1
गुगल म्यापले ठेगाना गलत देखाइरहेको छ ? यसरी सच्याउनुहोस् 	2
गृहमन्त्री र प्रकाण्डबीच सहमति कार्यान्वयनबारे छलफल	1
रुसी आक्रमणका कारण केही मिनेटमै २ हजारभन्दा बढी नागरिक मारिएको युक्रेनको दाबी	0
महिला तथा बालबालिका सेवा केन्द्रमा पीडितहरूको पहुँच	2
मस्कले डिजिटल क्वाइन बिक्री नगर्ने घाेषणा गर्दा बढ्यो क्रिप्टोको मूल्य  	1
अर्थमन्त्रीको अभिव्यक्तिप्रति मोरङ व्यापार संघको आपत्ति	0
यो वर्ष पनि सर्वाधिक मूल्यवान टायर ब्रान्ड बन्यो मिसिलिन	2
मेयरविरुद्ध जातीय छुवाछुत गर्नेलाई दुई महिना कैद	0
नेपालसँग सीमा जोडिएका राज्यका दुई मुख्यमन्त्री: उत्तराखण्डमा सिंह पराजित, यूपीमा योगीको कीर्तिमानी जीत	1
भारतले चिनियाँ एपहरुमा प्रतिबन्ध लगाउनुको कारण यस्तो	0
नेसनल लाइफको बोनस सेयर पारित गर्न कहिले बस्दैछ साधारण सभा ?	1
युक्रेन रुस युद्धको १३ औं दिन : कस्तो छ पछिल्लो अवस्था ?	0
बढ्दो शहरीकरणले पशुपक्षीको बास हरायो	0
रुकुम पूर्वमा नेता छान्न एमालेलाई अझै सकस	1
‘एउटै पात्रबाट सम्पूर्ण प्रेम सम्भव छैन’	1
नोबेल मेडिकल कलेजका विद्यार्थीलाई पढ्ने वातावरण बनाऊ : शिक्षा समिति	1
महाशिवरात्रीमा पशुपतिमा सजाईएका सयपत्री फूल गुर्जो चियाको लागि संकलन (फोटोफिचर)	1
दशैँ बिदा लम्बियो,अरु के–के बिदा थपियो ?	1
गठबन्धनको चित्त नदुखाउनुहोस् : प्रधानमन्त्री देउवा	1
यी हुन् युवतीका लागि उत्कृष्ट पहिरन	2
पनौती सहरका १२ कथा- पढ्नुहोस् एकै ठाउँ	1
कोरोना संक्रमणले त्रस्त हङकङ : शव राख्ने ठाउँको अभाव	0
राप्रपा नेता गणेश शेरचनको निधन	0
श्रद्धाञ्जलि ट्वीटसँगै संसार छाडेका शताब्दी बलर	0
चिनियाँ मुखपत्रमा राष्ट्रपति भण्डारीको अन्तर्वार्ता : बीआरआई कार्यान्वयन नभएकोमा चिन्तित	0
पञ्जाबको नतिजामाथि केजरीवालले भने, ‘म आतंकवादी होइन, सच्चा सपूत हुँ भन्ने कुरा देशले बताइदिएको छ’	1
पुष्पा र दुर्गाबहादुरलाई धरान रनको उपाधि	1
फेदीखोलामा खेलकुद सप्ताह सुरु	2
युद्धकालमा साम्यवादी अभ्यास : ‘कम्युन घर’सँगै भत्किएको सपना	0
वसन्तपुर डबली खनेर झन्डा फहराउने योजना 'अहिलेलाई स्थगित'	0
एक्सन र ड्रामाले भरपूर जोन अब्राहम अभिनित ‘अट्याक’को ट्रेलर	1
सवारी दुर्घटनामा परी अमेरिकामा एक बर्षमा ४६ हजारको मृत्यु	0
रुसी सैनिकका उच्च कमाण्डर मारिएको युक्रेनको दाबी	0
माओवादीमा पदाधिकारी चयनै नगरि चुनावमा जाने प्रचण्डको तयारी	1
रूसी सेना विरुद्ध पोस्ट गर्न फेसबुकको अनुमति 	0
तस्करी गर्न सुपारी, केराउ अत्यधिक आयात	0
प्रकाश सपुतको पिर विरुद्ध माओवादीका चार सङ्गठन एकै ठाउँ, कारबाहीको माग	0
स्वास्थ्य शिविरबाट ४ हजार ७०० बालबालिका लाभान्वित	2
आरसिटीसँग श्री भगवती स्तब्ध	1
पुराना र अनावश्यक ई-मेल डिलिट गर्ने स्मार्ट तरिका	2
भोली सार्वजनिक बिदा, सेयर बजार बन्द हुने	1
को हुन् पुटिनकी ‘गोप्य छोरी’ जसले भर्खरै इन्स्टाग्राम डिलिट गरिन्	1
नयाँ मोबाइल किन्दै हुनुहुन्छ ? थाहा पाइराख्नुहोस् विश्वकै नम्बर वान चिपसेट 	2
विद्युत् नियमन आयोगमा अध्यक्ष र तीन सदस्यका लागि दरखास्त आह्वान	2
बस भाडा बढाउन यातायात व्यवसायीको चर्को दबाब	0
अन्तत: पश्चिमाद्वारा रुसको तेल र ग्याँसमाथि समेत प्रतिबन्ध	0
धितोपत्र बोर्डका अध्यक्षलाई अर्थमन्त्रीको निर्देशन–कतैबाट प्रभावित भएर काम नगर्नू	1
शिक्षामन्त्रीले भने, ‘विश्वविद्यालय आधुनिकीरण नहुँदासम्म उच्च शिक्षा सुधार हुँदैन’	0
एमसीसीबाट छुटेको राष्ट्रवादको तीर	0
क्यासिनो र सरकारबीच तनाव: किन कठिन बन्यो यस व्यवसायबाट राजस्व सङ्कलन?	0
विप्लवको सक्रियता बढ्योः माओवादी नेता प्रकाशसँग छलफल, झलनाथ खनाल र भीम रावल पनि भेट्ने	1
कवि केसीसहित ४ स्रष्टालाई पारिजात सम्मान प्रदान गरिने घोषणा	2
नेपाली राष्ट्रिय क्रिकेट टिमको शानदार जित, ४ खेलाडीले बनाए अर्धशतक	2
नेपाल बैंक लिमिटेडका कर्मचारी तथा ग्राहकलाई स्वास्थ्य सेवामा छुट	2
बुढीगण्डकी जलविद्युत आयोजनाको प्रमुख नियुक्त	1
एमाले रुकुमपूर्वको अध्यक्षमा ओली	1
केयूकेएलको शुल्क पनि अब  ई–सेवामार्फत भुक्तानी गर्न सकिने	2
युक्रेनका राष्ट्रपति भन्छन्- रुसविरुद्ध जंगल, मैदान र समुद्री किनारबाट आक्रमण जारी राख्छौं	0
पुष्पपरागद्वारा वर्ष सम्मान तथा पुरस्कारको घोषणा 	2
भोलि पूर्वराष्ट्रपति र डलर अर्बपति एकै ठाउँमा	1
युद्धग्रस्त क्षेत्रबाट भागेर आश्रय लिइरहेको स्थानमा रुसी सैनिकको आक्रमण, ३५ जनाको मृत्यु	0
महाभियोग लागेका प्रधानन्यायाधीश राणाले टुंग्याउन चाहेको एउटा मुद्दा	0
अभिनेत्री सोनाक्षीविरुद्ध पक्राउ पुर्जी जारी भएकै हो?	0
सोपान फर्मास्यूटिकल्सले बजारमा ल्यायो ६ प्रकारका औषधि	2
अमेरिकाको दाबी- युक्रेनमा अहिलेसम्म करिब ६ हजार रुसी सैनिकको मृत्यु	0
स्थानीय निर्वाचनमा ७९ दलले भाग लिन पाउने  	1
भार्डी चम्कदा लेस्टरको सहज जित	2
भूमिका श्रेष्ठ २०२२ को सहासिक महिला पुरस्कारबाट सम्मानित	2
‘कबड्डी ४’ को रिलिज मिति सर्‍यो, जेठ १३ मा प्रदर्शन हुने	1
एमसीसी’bout बैठकमै दाहालको आलोचना हुने	1
जलवायु परिवर्तनका असरप्रति सबै सचेत हुनु जरुरी छ : मन्त्री रेग्मी	2
रोग लुकाउँदा फैलँदै कुष्ठरोग	0
विजय र निशाको ‘पिपलु’ सार्वजनिक 	1
प्राविधिक समस्या समाधान नभएपछि सेयर कारोबार बन्द	0
‘रुसले चीनसँग सैन्य तथा आर्थिक सहयोग मागिरहेको छ’	0
उपत्यकामा विभिन्न स्थानबाट लागूऔषधसहित १० पक्राउ	0
अन्तर्राष्ट्रिय अदालत जानुपर्ने भयले प्रचण्डले एमसीसीमा सहमति जनाए : विजुक्छे	0
क्रिकेट खेल हेर्न नगरपालिकाले दियो २ दिन सार्वजनिक विदा	1
युवासम्म पुग्नै सकेन युवा परिषद्	0
गुलाबी छाला र कपालको चाया हटाउन यसरी प्रयोग गर्नुहोस् चुकन्दर	2
झापा गोल्डकप : झापाको सानदार जित	2
रुसमाथि थप प्रतिबन्ध लगाउन जेलेन्स्कीको आग्रह	0
प्रदेशसभा सदस्यसँग सहकार्य गर्दै कर्णालीका युवा	2
सैनिक सहचारीहरु नेपाली सेनाको मुख्यालयमा	1
भदौमा सौगात र सृष्टिको ‘द सिक्रेट अफ राधा’	1
सुरु भयो बाघ हेर्ने याम	1
एन्फाले पत्र काटे पनि एनएसएलको अक्सन नरोकिने !	1
आफ्नो मृत्युमा अर्कोलाई नयाँ जुनी	0
‘फास्ट एण्ड फ्युरियस’को दशौं शृंखलामा जेसन मोमोआ ‘भिलेन’ बन्ने	1
१५ लाखको लगानी, ५० करोडको व्यापार	2
नयाँ वर्षसँगै एमडीएमएस पूर्ण रुपमा लागू हुने, नेपालमा अवैध मोबाइलमाथि प्रतिबन्ध लाग्ने	2
युक्रेनकी प्रथम महिलाको खुलापत्र	0
युनिक नेपाल लघुवित्तले कसलाई नियुक्त गर्यो सेयर रजिष्ट्रार ?	1
एमाले सधैँ मधेसको पक्षमा छ : वरिष्ठ उपाध्यक्ष पोखरेल	1
लुम्बिनी अस्पतालको ५ अर्बको ठेक्कामा मिलेमतो, राज्यले डेढ अर्ब गुमाउने	0
पीएसजीलाई लिगमा १५ अंकको अग्रता 	2
युट्युब च्यानल नियमनको बाटो खुल्यो, नेटफ्लिक्स जस्ता सेवाले अनुमतिपत्र लिनुपर्ने	1
स्मार्ट टेलिकमको बक्यौता झन्डै ८ अर्ब पुग्यो, लाइसेन्स खारेज गर्न सोधियो स्पष्टीकरण	1
राम्रो निद्राका लागि मस्तिष्कलाई 'ट्रेन' गर्नु जरुरी, जान्नुहोस् विशेषज्ञका यी ३ सुझाव	1
पन्जाबमा आम आदमीलाई दुई तिहाइ बहुमत !	2
प्याब्सनको महाधिवेशन चैत ९ गतेदेखि हुने	1
बेहाल अवस्थामा तिर्खाएका ढुंगेधाराहरु	0
विदेश त घुम्न जाने मात्रै हो, काम त आफ्नै देशमा गर्नुपर्छः युवा उद्यमी खुशी पाठक (भिडिओसहित)	2
प्रोग्रेशिभ फाइनान्सको साधारण सभा पूनः आह्वान, बोनस र मर्जर सम्बन्धि प्रस्ताव पारित हुने	1
माओवादी कर्णाली प्रदेशको पदाधिकारी सर्वसम्मत, अध्यक्षमा विमला केसी	1
‘दुर्गममा बिमाको पहुँच वृद्धि गर्न बिमा शिक्षाको प्रचार आवश्यक’	2
माओवादी केन्द्र सङ्गठनलाई पूर्णता दिने तयारी, को बन्लान् महासचिव ?	1
कपिलवस्तुमा शान्ति समाजको २४औं राष्ट्रिय परिषद् बैठक प्रारम्भ	2
युक्रेनलाई निशस्त्र गरेरै छाड्छौँ: पुटिन	0
अवसर र लाभ उपलब्ध गराउने बहानामा कुनै गैर बैकिङ कारोबार नगर्न गृहमन्त्रालयको चेतावनी	1
तौल कम गर्न खानपानमा परिवर्तन गरेर मात्रै नहुने	1
गुराँस लाइफले विभिन्न पदमा माग्यो कर्मचारी, ७ दिनभित्र दिनुपर्ने आवेदन/कसरी ?	2
पाँचपोखरी टी-२० को फाइनल आज	1
ईसेवा वालेटबाट अब शुन्य शुल्कमा रेमिट्यान्स पठाउन सकिने	2
भिजिट भिसालाई व्यवस्थित गर्न अध्यागमन विभागलाई गृहको १८ बुँदे निर्देशन	2
हास्य अभिनेतृ पल्पसाको मिर्गौला प्रत्यारोपन सफल	2
कहिले पाउँछन् गाउँका सिंहदरवारले जनशक्ति?	0
खानेपानीका ४०० ट्याङकी किन सञ्चालनमा आएनन् ? मन्त्री चौधरीले बताए यस्तो कारण 	0
उत्तर कोरियाद्वारा व्यालेस्टिक क्षेप्यास्त्रको केही भाग परीक्षण 	0
साउथ सुपरस्टार प्रभाशलाई पछार्यो ‘द कश्मीर फाइल्स’ ले	1
सात महिनामा भित्रियो २७ अर्बको झन्डै ३९ क्विन्टल सुन	0
उद्योगीहरू भन्छन्– बैंकमा भएको अधिकांश पैसा आयातित बस्तुमा खर्च हुँदा आर्थिक संकट निम्तियो	0
यसरी पाएका थिए बेलायती महिलाले मताधिकार	2
कोभिड - १९ को दुई वर्षपछि विश्व चलायमान	0
अन्तर्राष्ट्रिय नारी दिवसमा ‘द ऐला लाउन्ज’द्वारा प्रेरणादायी महिला सम्मानित	2
इतिहास शिरोमणि बाबुराम आचार्यको १३५ औँ जन्मजयन्तीः किन भएनन् ३१ वर्षसम्म खरदारबाट बढुवा ?	1
कांग्रेस धनुषाको सभापतिमा कुनै उम्मेदवारले ल्याएनन् ५१ प्रतिशत, दोस्रो चरणमा मतदान हुँदै	1
विश्वकप लिग टूका लागि १६ सदस्यीय टोली घोषणा, सोमपाल र करण पनि समेटिए	2
एफए कप : मिडल्सब्रोसँग हारेर टोटनहम बाहिरियो	0
इशा गुप्ताको विन्दास फोटोशुट	1
गाउँको विकासका लागि छलफलमा जुटेका स्थानीयवासी	2
आगामी आर्थिक वर्षका लागि स्वास्थ्यले पायो ७४ अर्बको बजेट सिलिङ	2
भारतीय प्रधानमन्त्री नरेन्द्र मोदीले भेटे युक्रेनबाट फर्किएका विद्यार्थीलाई	2
सुकुमेलले गर्छ कब्जियतदेखि मुटुरोगसम्मलाई फाइदा	2
जेलेन्स्कीसँग सिधा कुरा पुटिनलाई मोदीको आग्रह	1
मुख्यमन्त्री शाहीद्वारा कर्णाली डेण्टल क्लिनिक उद्घाटन	1
क्रिकेटको नियम विश्वभर परिवर्तन, ब्याटरलाई घाटा	1
बागमती प्रदेश : ६ महिनाको अवधिमा बजेट खर्च १५ प्रतिशत मात्र	0
भित्ताभरि ‘यो महाअलच्छिना घर हो’ लेखेर किन गरियो सामूहिक आत्महत्याको प्रयास?	0
जापानी सहयोग हचुवामा राेके महासेठले	0
आफ्नै जग्गाको लालपुर्जा लिन ५७ वर्षको मिहिनेत !	0
जाह्नवीलाई डाक्टर बनाउन चाहान्थिन् श्रीदेवी	1
कलेजो खराब गराउने खानेकुरा	0
एप्पलका कर्मचारीहरु किन लुकेर एन्ड्रोइड फोन चलाउँदै छन् ?	1
कानुनी अड्चन संशोधनका लागि पहल गर्ने प्रतिबद्धता	2
शिक्षा र स्वास्थ्यको क्षेत्रमा धनी र गरिबका बीचमा हुने विभेदको अन्त्य हुनुपर्छ : उपराष्ट्रपति 	2
नेपालमा प्रत्येक वर्ष १५ सय औषधि प्राविधिक र पाँच सय फर्मासिस्ट उत्पादन : संघ	2
रूसले युक्रेनमाञि लगायो गम्भीर आरोप	0
अमेरिकी कम्पनीले काट्यो रुस जोड्ने इन्टरनेटको लाइन	0
ला लिगामा इल्चेमाथि बार्सिलोनाको पुनरागमन जित	1
विपद् व्यवस्थापनमा उत्कृष्ट आइडिया दिने १० जनालाई तालिम र लगानीको अवसर	2
न्यू डाँफेलाई जिल्ला लिगको उपाधि	2
कागजमै सीमित योजना, सरकारका योजना भत्ता झ्वाम	0
कञ्चनपुरमा विपन्न एकल महिलालाई बाख्रा वितरण	2
अदिती बुढाथोकीको इन्स्टाग्राममा ‘२ मिलियन’ फ्यान	1
कसैले म पीडित हुँ भन्दा जिम्मेवार समाजले उसकै चरित्रमाथि प्रश्न उठाउनुहुँदैन : प्रियंका कार्की	0
इटहरीमा २५ करोड लागतको कृषि बजार शिलान्यास	2
विश्व बजारमा कच्चा तेलको मूल्य १३ वर्षयताकै उच्च !	0
चार जनाले अर्धशतक बनाउँदा नेपालको सहज जित	2
प्ले स्टोरबाट हट्यो एपहरू अपडेट भएको अन्तिम मिति हेर्ने सुविधा 	1
बढ्यो निर्जीवन बीमा प्रिमियम	2
ओली सरकारको ३.५ वर्षको ७ प्रश्न	2
छोटो समयमै शौर्य सिमेन्ट लोकप्रिय ब्राण्ड बन्दै	2
एनसेल वुमन आइकन २०२१ तथा नेपालको पहिलो महिला कम्प्युटर इन्जिनियर : गुण केशरी प्रधान	2
इन्जिनियर्स एसोसिएसनको मतगणनामा ढिलाई, धाँधली हुन सक्ने आशंका	0
भूमिकालाई अमेरिकाले दियो साहसी महिलाको अवार्ड	2
वर्तमान गठबन्धन संविधानको रक्षा र समृद्धिको लक्ष्य पुरा गर्न : अर्थमन्त्री	1
आईसीसी विश्वकप लिग टूमा युएई विजयी 	1
भरतपुरमा २८ सय टन क्षमताको शीतभण्डार सोमबारबाट सञ्चालनमा आउने	2
काठमाडौं–धादिङ दुबैतर्फ संगसंगै काम	2
अमेरिकी राष्ट्रपति बाइडेनले फ्रान्स, जर्मनी र बेलायतका नेतासँग छलफल गर्ने	2
‘कलेजमा पहिलो ब्वाई हुनु दबाब थियो’	1
संस्थापन विभाजित हँदा मकवानपुर कांग्रेसमा इतर पक्ष हाबी	0
नियमित उडानपछि कोरिया जाने श्रमिक बढ्ने	1
ब्रह्मास्त्रकी इशा अर्थात् आलिया भट्ट	1
मिलान डर्वीको सेमिफाइनलको पहिलो लेग गोलरहित बराबरीमा टुंगियो	1
फिल्म ‘झुण्ड’मा अमिताभ बच्चनले लिए यस्तो कदम, निर्माता परे छक्क	1
भक्तपुरमा महिलामाथि ‘तेजाब’ प्रहार	0
वायु ऊर्जा आयोजना अलपत्र	0
प्रचण्ड भन्छन– अहिले पनि निर्णायक भूमिका हामी नै छौ	1
सेञ्चुरी बैंकले स्थापना दिवसको पूर्वसन्धामा दुई संस्थालाई दियो १ लाखसहित फर्निचर सामान	2
वैदेशिक रोजगारीमा जानेको संख्या ८५ प्रतिशतले घट्यो	1
पोखरा थन्डर्सको मार्की खेलाडी र प्रशिक्षकमा श्रेष्ठ र न्यौपानेलाई नै निरन्तरता	1
नागरिकताविहीनबाट धनुषाको ढल्केवरमा प्रदर्शन	0
ओलीको विश्लेषण : सरकारी पैसा आफन्तलाई बाँडे‍, अर्थतन्त्र बेहाल बनिसक्यो	0
जसपा बैठकः बहुपदीय अस्वीकार	1
आईफोनमा लुकेको एउटा यस्तो ‘ट्रिक’, जसको सहयोगमा नछोएरै खिच्न सकिन्छ फोटो	2
युक्रेनमा पालना भएन युद्धविराम	0
अनिवार्य पीसीआरको व्यवस्था हट्यो	2
विद्युतीय गाडीमा वायरलेस चार्जिङ परिक्षण गर्दै भोल्भो 	2
राष्ट्र बैंकले एक रुपैयाँ दरको सिक्का प्रचलनमा ल्याउने	1
पन्जाबमा आमआदमीको ऐतिहासिक जित  	2
‘कबड्डी ४’को गीत ‘केशरी’मा मिरुनालाई फकाउँदै सौगात	1
निर्वाचनमा केन्द्रबाट हुने गठबन्धन अस्वीकार्य : गुरुङ	0
शाहरुखको कमब्याक फिल्म ‘पठान’ को रिलिज मिति घोषणा	1
स्थानीय तहमा मातृभाषा : कतै उत्साह, कतै सकस	1
अन्तर्राष्ट्रिय साहसी महिलाको पुरस्कार भूमिका श्रेष्ठलाई	2
रातोपाटी ब्रिफिङ : चुनावी गठबन्धनको पक्षमा देउवा, ओलीलाई निर्वाचन आयोगको जवाफ	1
एकीकृत समाजवादीविरुद्धको मुद्दामा २० चैतदेखि अन्तिम सुनुवाइ	1
प्रतिनिधिसभा बैठकअघि कार्यव्यवस्था समितिको बैठक, महाअभियाेग सिफारिस समितिबारे छलफल हुने	1
चेल्सी विक्री गर्नबाट रुसी अर्बपति अब्रामोभिचमाथी बेलायत सरकारको रोक	0
घृणाको राजनीतिक गर्ने सोचको अन्त्य गर्न आवश्यक छ : गगन थापा	1
दुई वर्षपछि मलेसियाको रोजगारी सुचारु	2
सडकमा पाेखिए महिला हिंसाका वेदना	0
फेसबुकको नयाँ प्राइभेसी सेन्टर के हो र कसरी प्रयोग गर्ने ? 	1
औपचारिक रुपमा सुरु भयो ‘नेपालपे क्यूआर’, यस्ता छन् मुख्य विशेषता	2
नबिल बैंक र नेपाल बंगलादेश बैंक मर्ज हुँदै	2
‘सिंगो बुटवलः एक विद्यालय’ को अवधारणा असफलतातर्फ: न रङ्गरोगन, न बिदामै एकरूपता	0
अरूलाई उपदेश दिने, आफ्नो विगत बिर्सिने?	0
नेपाली खेलकुदमा नारी दिवस मनाइयो	2
लिभरपुलले सिटीसँगको अग्रता तीन अंकमा झार्यो	1
कागजरहित स्वास्थ्य सेवा: एक नमुना बयालपाटा अस्पताल  	2
विकासबारे ओली र अर्थमन्त्रीको दोहोरी, आरोप–प्रत्यारोप कायमै	1
एमसीसी कार्यान्वयन : रातमाटेका स्थानीयको जीविकोपार्जन कार्यक्रम अगाडि बढ्यो	1
नेपालमा क्रिप्टोकरेन्सी, बिटक्वाइन लगायत अन्य नेटवर्किङका वेवसाइट बन्द हुने	1
चीन : लकडाउनपछि यी कम्पनीहरूले काम रोके, दुई करोडभन्दा बढी मानिस क्वारेन्टाइनमा	0
संखुवासभा दुर्घटनाका घाइतेलाई उचित उपचारको प्रबन्ध गर्न प्रधानमन्त्रीको निर्देशन	1
छाला हेरचाह दिनचर्या किन महत्वपूर्ण छ? के समावेश गर्नुपर्छ?	1
अपि पावरलाई १ करोड भन्दा बढी कित्ता हकप्रद विक्री गर्न बोर्डको अनुमति	2
संशोधन होइन एमसिसीको व्याख्यात्मक घोषणा भनेको : महासचिव पोखरेल	1
रुस-युक्रेन युद्धमा परेर अभिनेता पाशाको निधन	0
इजरायल जाने प्रतीक्षामा रहेकाको उडानमा ढिलाइ	0
मङ्गलबार ‘सार्वजनिक हुँदै’ अहिलेसम्मकै सस्तो आईफोन, अरु के आउँदैछन् नयाँ ?	2
पञ्जाब चुनावी नतिजा : आम आदमी पार्टी विजयी	1
पाँच युवा खेलाडीले भारतमा विशेष प्रशिक्षण गर्ने	2
तीन सदस्यीय पार्टी मुख्यालय समिति अनुमाेदन हुँदै	1
‘अल रोड्स लिड नर्थ’ ले केलाउँछ नेपाल-चीन अन्तर्सम्बन्ध	1
नेपाल सुगर लिग सहिद स्मारक लिगको विकल्पको रूपमा ल्याइएको प्रतियोगिता होइन	1
क्यानडामा जन्मियो हरियो कुकुर	1
युक्रेनको राजधानीतर्फ अघि बढिरहेको रुसी सेनाको लस्कर कहिले पुग्ला किभमा?	0
शाखा सञ्जालमा अब्बल एनआइसी एशिया, गाउँ–गाउँमा पुर्‍याएको छ वित्तीय सुविधा	2
रुस-युक्रेन युद्ध : लुट्स र नीप्रो सहरमा पहिलो पटक आक्रमण	0
बीपीलाई लागेको राजद्रोहको मुद्दामाथि डकुमेन्ट्री निर्माण	1
पल–समीक्षा प्रकरणमा एलिना भन्छिन्– ढिलो होला तर सत्य लुक्ने छैन 	0
वित्तीय साक्षरताकाे अभावले बजार भाेलाटायल भयाे : रमेश कुमार हमाल	0
पर्सामा सञ्चालित कुखुरा फर्ममा भेटियो बर्डफ्लू	0
प्रिमियर लिगः सिटीसँग हार्‍यो युनाइटेड	1
निशा रावलको खुलासा - म बाइपोलर हुँ	2
सरकारी र निजी क्षेत्रबीच सहकार्य हुन सके राम्रो नतिजा आउँछः ढकाल	2
बीपीको पर्चा लेखनबाट जन्मिएका लेखक कृष्णविक्रम	1
चुनावमा तालमेल हुँदैन : कोइराला	1
एमसीसीको विरोधमा रहेका विप्लवलाई देउवाले भने–विरोधका कार्यक्रम शान्तिपूर्ण होस्	0
करेन्ट चाउचाउ अब नयाँ स्वादमा, चिजबल पनि उपलब्ध	2
युक्रेनमाथि रुसको हमलाका लागि अमेरिका जिम्मेवार : उत्तर कोरिया	0
युक्रेनी प्रयोगकर्ताको डेटा सुरक्षित छ : टेलिग्राम	2
सशस्त्र प्रहरी नै ब्राउन सुगर र्‍याकेटका नाइके, झापामा बसेर काठमाडौँ सप्लाई	0
अब अनलाइन टिभीको इजाजत लिन पाँच लाख 	0
बुक बिल्डिङबाट आइपीओ आउनुपर्छ : निर्देशिका ठीक छ, मात्र नियत खराब हुनु भएन	1
एनएसएल अक्सनमा सर्वाधिक मूल्य प्राप्त गर्ने १८ खेलाडी	2
नेपाली ध्वाजावाहक जहाजले साउदीका तीन शहरमा उडान पायो	2
ठूलो बनाउने नाममा धेरै गल्तीहरू भए, विगतको त्रुटि अब दोहोर्‍याउदिनँ : कमल थापा	0
उज्वेकिस्तानका राष्ट्रपति पाकिस्तान भ्रमणमा	1
एप्पल, गुगल, नाइकीसहित दर्जनौँ कम्पनीले रुससँगको 'सम्बन्ध तोडे'	0
बुढानिलकण्ठमा डिशहोम फाइबरनेटको सह–वितरण सोरुमको उद्घाटन	1
एउटा भालुका कारण सन् १९६२ मा झन्डै परमाणु युद्ध भएको थियो	0
महानगरपालिका र उपमहानगरपालिकामा तालमेलको तयारी	2
क्रिकेटमा काठमाडौं, ब्याटमिन्टनमा चितवन र धादिङलाई उपाधि	2
थप इन्धन किन्न नसक्ने अवस्थामा आयल निगम	0
युद्ध मैदानमा युक्रेनी जोडीको विवाह	0
त्रिविमा प्राध्यापकमै राजनीतिक ध्रुवीकरण : तीन संगठनले मागे त्रिवि पदाधिकारीको राजीनामा 	0
सातदाेबाटाेलाई ४–१ गाेलले हराउँदै आर्मी झापा गाेल्ड कपकाे फाइनलमा	2
पहिलो पटक नेपालमा कृषि कर्जा सम्मेलन हुने, कृषकलाई सहयोग पुग्ने विश्वास 	2
रुस र बेलारुसका राष्ट्रपति बीच शुक्रबार भेटवार्ता हुने	1
बिमस्टेकको पाँचौँ सम्मेलनमा सहभागी  हुन प्रधानमन्त्री देउवा श्रीलंका जाँदै	2
चम्किलो छालाका लागि नरिवलको तेल उत्तम	2
यातायात व्यवस्था कार्यालय रुम्जाटारमा सिभिल बैंकको नयॉ एक्सटेन्सन काउन्टर	2
माओवादी केन्द्रमा फुटको भय	0
बढ्यो गर्मी, यस्ता पहिरनमा ध्यान दिनुहोस्	0
म्याग्दीको रत्नेचौरमा धार्मिक महोत्सव सुरु : समृद्धिको मुख्य आधार पर्यटन– मुख्यमन्त्री पोखरेल	2
हतारमा निःशस्त्रीकरणले युक्रेनको दुःख बन्दै रुस	0
विप्लव बालुवाटारमा, प्रधानमन्त्रीले थाले छलफल	1
यूएई भ्रमणलाई सतप्रतिशत नतिजामा परिणत गर्ने लक्ष्यमा नेपाल	2
गोरखाको आरुघाटमा केएमसी र पिपुल्स डेन्टल कलेजको निःशुल्क स्वास्थ्य शिविर	2
रूसले लियो बदला, अमेरिकी राष्ट्रपति बाइडेनमाथि नै प्रतिबन्ध घोषणा	0
प्रहरीले अनुसन्धान सुरु गरेसँगै दमौलीबाट भागे कथित अभियन्ता र युट्युवर, आरोपी भेट्ने पातलिए	0
पेट्रोल अब लिटरकै १५० रुपैयाँ, कुनमा कति बढ्यो मूल्य?	0
मुलुकमा ६ महिना मात्रै वस्तु आयात धान्न सक्ने राष्ट्र बैंकसँग सञ्चिति	0
भिजिट भिसाका लागि गृहको १८ बुँदे निर्देशन,  खाडी मुलुक जान वार्षिक न्यूनतम ५ लाख करयोग्य आय हुनुपर्ने	0
श्रीमतीमाथि ‘एसिड’ प्रहार, श्रीमान् समातिए	0
आशीषको ह्याट्रिकमा चर्च ब्वाइजले टुसाललाई हरायो	1
बेष्ट फाइनान्सले लेखापरिक्षक नियुक्ती र पारिश्रमीक तोक्न बोलायो सधारण सभा, बुकक्लोज कहिले ?	1
दुबईमा मधेशी एकता समाजको ‘होली रङ्गोत्सव’	1
६ महिनापछि एकदिवसीय अन्तर्राष्ट्रिय क्रिकेट खेल्दै नेपाल	2
एमालेमा एकता छ, हामीमा छैन : देउवा 	0
शुक्रबारदेखि भृकुटीमण्डपमा सातौं ‘नेपाल बिल्डकन इन्टरनेशनल एक्स्पो २०२२’	2
बन्द भयो चर्चित एप ‘युट्युव भ्यान्स्ड’	0
रुसले युक्रेनमा जैविक हतियार प्रयोग गर्न सक्ने, बोल्यो ह्वाइट हाउस	0
अरू दलसँग तालमेल गर्ने कि नगर्ने चैत दोस्रो साता टुंगो लाग्छ: महामन्त्री शर्मा	1
दोस्रो अभ्यासमा नेपाल ८१ रनले विजयी	2
याक्थुङ युवा मञ्चको आयोजनामा 'लिम्बू महिलाहरुको सार्वजनिक उपस्थिति र अवस्था' विषयक अन्तरक्रिया सम्पन्न	1
अब युट्युब च्यानल सञ्चालनका लागि इजाजत लिनुपर्ने, केके छ व्यवस्था ? 	0
देउवाले चुनावी तालमेल गर्न नमाने प्रचण्डले के गर्लान् ?	1
धानमा दाना नलागेर पीडित बनेका किसानलाई तत्काल राहत दिन कृषक समूह महासंघको माग 	2
२ वर्षपछि मलेसियाबाट आउन थाल्यो नेपाली श्रमिकको माग	2
विश्वमै पहिलोपटक मर्दै गरेको मानिसको दिमागको क्रियाकलाप रेकर्डिङ	0
इमरान खान सरकारको विरोधमा पिपिपीको विरोध मार्च	0
क्यान्सरसँग डराउनु पर्दैन : अभिनेत्री मनिषा	2
आज ११२ औँ अन्तराष्ट्रिय महिला दिवस, विभिन्न कार्यक्रम गरि मनाइँदै	2
राजेश हमाल र खेसरीलालसँग झुम्यो रौतहट	2
लिग-२ को तयारीका लागि श्रीलंका जाने १६ सदस्यीय नेपाली टिम घोषणा	1
आलियाको ‘गंगुबाई काठियावाडी’ले ६ दिनमा कति कमायो ?	1
जब अमिताभ बच्चनले ढाका टाेपी लगाए...	1
यूपीमा शानदार जीतपछि योगी आदित्यनाथले के भने ?	1
खप्तड गोल्डकप फुटबल प्रतियोगितामा मनाङको रोमाञ्चक पुनरागमन	2
रूपन्देहीमा प्रो क्लब च्याम्पियनसिप क्रिकेट हुने	2
चुनावी तालमेल’bout कांग्रेसमा दुई धार	1
बेलुकाको खानापछि फलफूल खाँदा हुने बेफाइदाहरू	2
अभिनेत्रीको दर्दनाक कथा : मोटोपनका कारण काम पाइनन्, शल्यक्रिया गर्दा ३१ वर्षको उमेरमा मृत्यु	0
मिर्गौला परीक्षणमा सिटीको प्याकेज	2
एनसेल मुद्दा : हुँदै नभएको हेगको समाचार अनि लोगो चैँ भारतीय कम्पनीको :)	0
रुसी जनतालाई युक्रेनका राष्ट्रपतिको सन्देश : युद्धविरुद्धको आन्दोलन जारी राख	0
इन्सेसेन्ट रेन र दायित्वबीच सार्वजनिक नीति फेलोसिप साझेदारी	2
लगानीकर्ताको डाटा कति सुरक्षित ? : सोमबार रोकिएको कारोबारको जिम्मा लिन कोही छैनन् तयार !	0
सेयरका साना लगानीकर्ताको पक्षमा देखिए धितोपत्र बोर्डका अध्यक्ष	2
रोडिजमा दियाको रौद्र रूप : रिसाउँदै केटाहरूलाई भनिन्' मर्द भन्छन् जा गएर हेर !	0
महाशिवरात्रीमा पशुपतिमा केएमसीको निःशुल्क स्वास्थ्य शिविर	2
ट्रंकलाइन महसुल नतिरे पनि विजुली काटिन्न : गृहमन्त्री	2
लाइभ टीभी कार्यक्रममा युद्धविरुद्ध कडा रूपमा प्रस्तुत भएकी रुसी पत्रकार बेपत्ता 	0
काठमाडौंको मेयरका उम्मेद्वार बालेन शाहले होलीमा भृकुटीमण्डपमा प्रस्तुती दिने	2
युट्युबर र सामाजिक सञ्जाल प्रयोगकर्ताप्रति साइबर ब्युरो आक्रामक : २ जना हिरासतमा, २ दर्जन बढी निगरानीमा	0
सबासँग विवाह गर्ने योजनामा ऋतिक ?	1
यूक्रेनी र रूसी प्रतिनिधिमण्डल पुनः शान्ति वार्तामा	2
आगामी दिनमा के होला कोरोना?	0
मोबाइलमा गेम खेल्न कुन प्रोसेसर राम्रो ?	1
यसरी बन्दैछ बञ्चरेडाँडामा अवस्थित ल्याण्डफिल साडट (फोटो फिचर)	1
उत्कृष्ट क्यामेरा भएको स्मार्टफोन खरिद गर्न थाहा पाउनैपर्ने ८ महत्त्वपूर्ण क्यामेरा सेन्सर	2
स्थानीय निर्वाचन : किन प्रयोगमा आउन सकेन विद्युतीय भोटिङ मसिन ?	0
पाकिस्तानमा खस्यो भारतीय मिसाइल, 'गल्तीले प्रहार भएको' भन्दै भारतले माग्यो माफी	0
चेल्सी र एस्टन भिल्लाको सहज जित	2
भुवन सूर्य नेपाल एनपिजिए गल्फको क्वार्टरफाइनलमा	2
चोरी भएर अमेरिका पुर्‍याइएका मूर्ति र टुँडाल नेपाल ल्याइयो	2
सत्ता-गठबन्धनसँग चुनावी तालमेल गर्ने/नगर्ने निर्णय चैत दोस्रो साता : गगन थापा	1
डाबर नेपालले सार्वजनिक गर्‍यो 'डाबर बाटिका न्याचुरल स्याम्पू'	1
सुस्ता गाउँपालिकामा ‘पशु स्वास्थ्य तथा बाँझोपना निवारण’ शिविर सञ्चालन	2
बेइजिङ शीतकालीन ओलम्पिकमा युक्रेनका खेलाडीले जिते स्वर्ण	1
कमिशनका कारण वीरगन्जमा पेट्रोलियम पदार्थको कृत्तिम अभाव, सर्वसाधारण मर्कामा	0
मुटु, छाला र कपाललाई स्वस्थ राख्न चिया सिड्स	2
चीनमा बढ्न थाल्यो कोरोना संक्रमण, ठूलो सहर लकडाउन	0
महिला र पुरुषको छालाको हेरचाह फरक–फरक	1
२० सेकेण्डमै मुटुरोग पत्ता लगाउने यन्त्र	2
नेपाल बैंकको नयाँ व्याजदर सार्वजनिक, कुन खातामा कति व्याज ?	1
अशनीर ग्रोभरमाथि भारतपेको पैसा हिनामिनाको आरोप, श्रीमति बर्खास्तीपछि दिए राजीनामा	0
आँखामा लाग्ने जस्तोसुकै रोगको उपचार प्रभावकारी : प्रदेश प्रमुख गुरुङ	2
घोडाघोडी सिमसारलाई बर्ड सेन्चुरी घोषणा गरिँदै	2
दलित तथा जनजातिका बालबालिकालाई निःशुल्क शिक्षा प्रदान गर्दै ‘आमाको माया छात्रावास’	2
सगरमाथाको शिखरतर्फ अभिनेत्री दिया	1
एउटै मितिमा भिड्दै 'प्रकाश' र 'पानीफोटो'	1
नेपाल विश्वकप लिग–२ मा सबैभन्दा कम खेल खेल्ने टोली	0
दिपकराज गिरीले लेखे  ‘छक्का पन्जा र समिक्षा’	1
तराई र चुरे क्षेत्रमा गर्मी धेरै, गर्मीबाट जोगिन मौसमविद्को सुझाव	0
रुसले युक्रेनमा ‘केमिकल' हमला गर्न सक्ने चेतावनी	0
निर्विकल्प लाइफलाइनमा हटेन समस्या	0
ह्यारी केनको २ गोलमा टोटनह्यामको फराकिलो जित	1
 नेपालमा पहिलोपटक ओभरसिज एजुकेशन पोर्टल र एपको रुपमा सार्वजनिक भयो सर्च एजुकेशन	2
एनिभर्सरीको खुशी साट्दै जीवन र लक्ष्मी	2
अर्को साता डडेल्धुरामा महोत्सव	2
राधे श्यामको दोस्रो दिनको कलेक्शन : अपेक्षा भन्दा निकै कम	0
दुई वर्षदेखि चीनको नाका नखुल्दा उत्तरी गोरखाका वासिन्दा समस्यामा	0
महिला विश्वकपमा अस्ट्रेलियाको दोस्रो जित	1
साहित्यिक पत्रकार नगेन्द्रराज शर्मालाई विशेष सम्मान	2
ऋषि कट्टेलको नेकपाले स्थानीय चुनावमा भाग लिन नपाउने	0
कोरोनाका कारण कुल मृतक हुनेको संख्या तीन गुण बढी हुन सक्छ : अध्ययन	0
नेपालबाट क्यानडा अध्ययन गर्न जाने विद्यार्थीको संख्या बढ्दो	0
बट्टामा खाँदिएको अचार खाने गर्नुभएको छ ? स्वास्थ्यमा हानि पुर्‍याउन सक्छ	2
विदेशी मुद्राको बढ्दो मागले राष्ट्रिय अर्थतन्त्रमा दबाब सिर्जना गरेको छ : प्रधानमन्त्री देउवा	0
सपुतलाई समर्थन गर्दै युथ फोर्सले भन्यो - ‘धम्कि नरोकिए हामी प्रतिकार गर्छौ ’	1
अनलाइन टिभीका लागि ५ लाख शुल्क राख्दै सरकारले ल्यायाे प्रशारण नियमावली	1
के योगी प्रधानमन्त्री बन्ने खालका छन् ? सोधिएको प्रश्नमा बोलिन् हेमा मालिनी	1
नयनराज पाण्डेको उपन्यास ‘लू’माथि फिल्म बन्ने	1
ग्लोबल आइएमई क्यापिटलले सुरु गर्यो ‘बिजनेश कनसेप्ट टु लिस्टिङ’ सेवा	2
रुसले ग्यास दिन बन्द गर्यो  भने यूरोपमा कस्तो असर पुग्छ ?	0
वास्तुशास्त्र : घर निर्माण गर्नुअघि यी कुरामा ध्यान दिनुपर्छ	2
के निजामती प्रशासन कोमामा पुगेकै हो ?	0
कोरोना संक्रमण : काठमाडौँ उपत्यकामा सबै प्रतिबन्ध हट्यो	2
पन्त, सिंह र धानुक एआईजीमा बढुवा सिफारिस, सुवेदी छुटे	1
माछापुच्छ्रे बैंकद्वारा निर्मित सीसीयू वार्ड शहीद गंगालाल राष्ट्रिय हृदय केन्द्रलाई हस्तान्तरण	1
युक्रेनी राष्ट्रपतिले भने ‘सर्वसाधारणको लागि ६ स्थानमा निकासमार्ग बनाइँदैछ’	0
ह्वाट्सएपले ल्याउँदै यी १० नयाँ फिचर,के के ?	2
‘म चाहाँन्छु बजार १८०० सम्म झरोस्’-निर्मल प्रधान	1
नगरव्यापी पछिमा बाजा प्रतियोगितामा नास हैमा बाजा खलः उत्कृष्ट	1
संक्रमित थपिने संख्या २ अंकमा सीमित, २४ घण्टामा ५८ थपिए	0
बुढासुब्बा गोल्डकप चैत २६ देखि	2
निर्वाचन आयोगले निर्वाचन सामग्री किन्ने टुंगो लगाउँदै, अन्य केके गर्दै गर्दैछ ?	1
दुई भारतीय नागरिक नपाली भूमि प्रयोग गरेर किन जाँदै थिए इरान?	1
चैत तेस्रो साता काठमाडौंमा हिमालयन हाइड्रो एक्स्पो हुने	2
व्याख्यात्मक घोषणाको प्रहारमा संवैधानिक संकल्प र धारा २७९	0
विद्युतीय राहदानी लिने लाइन खेताला, १२ सय पारिश्रमिक दिनुपर्ने !	0
हामीमाथि अझै लाञ्छना लाग्छ, तर बोल्न नछोडौं	1
आफ्नै आलु लीलामीमा किन्न बाध्य	0
यार्सागुम्बा टिप्ने मान्छेको कथा भन्दै  ‘हाम्रो स्वर्ग’	2
भक्तपुर हत्या प्रकरण : सँगै रक्सी सेवन, एक जनासँग मात्र सम्बन्ध राख्न मानेपछि हत्या !	0
पेट्रोल र डिजेलको मूल्य प्रतिलिटर ५–५ रुपैयाँ वृद्धि, निगम कर्मचारीको लुगा धुने भत्ता खारेज, व्यवसायीको कमिसन पनि कटौती	0
सरकारले साथ दिए नेपालको पर्वतीय पर्यटनले लय समात्छ (भिडिओ)	1
बैंक खाता खोल्नासाथ एनआईसी एसियामा ८४ लाखको बीमा, १ खाताले ४ जनालाई सुविधा	2
जसपाको केन्द्रीय समिति बैठक फागुन २९ र ३० मा	1
उपत्यकाको फोहोर व्यवस्थापनमा दैनिकजसो समस्या	0
रुसी सैनिकलाई रोक्न उर्लियो जनसागर : युक्रेनका विदेशमन्त्रीले तस्बिर सेयर गर्दै दाबी	0
‘२ नम्बरी’ मा अटाउलान् त पल शाह ?	1
ओटीटी र अनलाइन टिभीको नयाँ प्रावधान तत्काल खारेज गर्न माग	1
अन्तरराष्ट्रिय बजारमा हुवावेईले ल्यायो ई–रिडर डिभाइस, अमेजनसँग प्रतिस्पर्धा गर्ने लक्ष्य	1
ओमानमाथि नामिबियाको कीर्तिमानी जित, चौथो स्थानमा उक्लियो	2
परस्त्रीको शुभमुहूर्त, नेपाली र हिन्दी भाषामा बन्ने	2
साना उद्यम, ठूलो प्रेरणा	2
गाउँपालिकाको पहलमा मोतियाबिन्दुको उपचार	2
दुवाकोटदेखि चन्द्रागिरीसम्म चल्ने बसमा जीपीएस ट्र्याकिङ, एपबाटै सवारी निगरानी गरिने	2
शिवरात्रिका अवसरमा  पाँच किलोमिटर दौड प्रतियोगितामा	1
चिउरीले चिनिएका गमबहादुर चेपाङ, जो मह बेचेरै कमाउँछन् वर्षको दस लाख	2
‘बोलमाया’ देखि ‘पीर’ सम्म : प्रकाश सपुतका कालजयी ६ गीत	1
हेटौँडामा आँचलको आयोजनामा बृहत् साहित्य महोत्सव	2
‘राति गुडनाइट भन्न ढोकासम्म गएँ, तर जबरजस्ती गरिन’	0
अभिवन्द्य : रोदनको रचनात्मक लेखनशैली	1
फुल कन्ट्याक्टमा शनि र मञ्जु विजेता	2
आसाममा बालक हत्या आरोपित जिउँदै जलाइए	0
राष्ट्रसंघका महासचिव गुटर्रेसद्वारा युक्रेनलाई सहयोगको अपिल	1
स्टार्टअप कम्पनी सजिलो मर्मत सेवामा ट्रु नर्थ एसोसियट्सले १० करोड लगानी गर्ने	2
भिमसेनगोलामा सेञ्चुरी बैंकको नयाँ शाखा	2
मेरो करियरकै खराब खेल	0
बिक्री हुँदै चेल्सी, कसले किन्ला ?	1
देउवालाई अमेरिकी विदेशमन्त्रीको फोन, युक्रेनलाई समर्थन गरेकोबारे चासो	1
एमसीसीबारे प्रधानमन्त्री देउवा र रावलबीच जुहारी, सपुतको 'पिर'बारे मुख खोले प्रचण्डले [२०७८-११-३०]	0
एनसेलले ल्यायो नयाँ डेटा प्याक, १२५ रुपैयाँमा ५ जीबी डेटा	1
राज्यको शैलीले अर्थतन्त्र थप धराशायी	0
शताब्दी पुरुष जोडीको ८३ वर्षे वैवाहिक वर्षगाँठ	2
हात्तीको बथानले सखाप पार्यो दुई बिघाको गहुँ	0
बढ्यो गर्मी, काठमाडौँको तापक्रम ३१ डिग्री पुग्यो	0
चायापोतोले सतायो ? यसरी पाउनुहोस् छुटकारा	1
एनएसएल अक्सन : सबै टोलीले चाहेका लाकेन र शिव	1
कांग्रेस महामन्त्रीद्वयको भूमिका किन फरक ?	1
नेपाल दुरसञ्चार कम्पनीको सर्वाधिक रू. ७ करोड ३४ लाख बराबरको शेयर खरीदविक्री 	2
सशस्त्र प्रहरीको ब्यारेकबाट सामान ल्याउँदा तस्करको आरोप लाग्यो	0
आजदेखि माओवादीको केन्द्रीय कमिटी बैठक	1
एडीबी सहयोगका परियोजनाको समीक्षा	1
राउल र स्टेफानोलाई उछिने बेन्जेमाले	1
सिनेमाको कमेडियनलाई जनताले सत्ता सुम्पेपछि…	1
युट्युब च्यानलका लागि छुट्टै निर्देशिका बन्दै	0
नीति बनाउने, कार्यान्वयन नगर्ने प्रचलन हटाऊ	0
निर्वाचन आयोगमा सर्वदलीय बैठक : एमाले आक्रामक, साना पार्टीको चेतावनी, प्रमुख आयुक्तको ग्रिन सिग्नल	0
काठमाडौंदेखि धनकुटासम्म एकल म्याराथन हुने	2
साइकल सिकेर आत्मविश्वास बढाउँदै महिलाहरु	2
ज्येष्ठ पत्रकारलाई अब मासिक भत्ता, कसले कति पाउँछन्?	2
सन्दीप र कुशलको आईसीसी वरीयातामा सुधार	2
लोसपा पर्साका नेता पटेल एमाले प्रवेश	1
हाइएस्ट अल्टिच्युड डार्टस् टुर्नामेन्ट फाल्गुन २४ गते आयोजना हुँदै	2
महालक्ष्मी विकास बैंकका ग्राहकलाई रेट्रो होटल एन्ड स्पामा विशेष छुट	2
अन्नपूर्ण मिडिया नेटवर्कका महिला कर्मचारीलाई तालिम	2
मादी नगरै शोकमा : बस दुर्घटनामा नगरका ११ सहित १५ को मृत्यु	0
उमङ्ग लघुकथा सङ्ग्रह विमोचन	1
पलबारे वकालत गरिरहेकी पूजा भन्छिन्– ऊ त्यस्तो केटा होइन	0
सुन आयातमा कडाइ : दैनिक ६ लाख ३० हजार डलर जोगिने	2
भारतलाई लगातार १५ औँ घरेलु टेस्ट शृङ्खला	1
युक्रेनकै ठूलो पारमाणविक भट्टी क्षेत्र रुसी नियन्त्रणमा !	0
सुरक्षित स्थानतर्फ जाँदै गरेका एकै परिवारका तीनजनाको रुसी आक्रमणमा मृत्यु	0
गौतम बुद्धले संसारलाई दिए यी १० सन्देश	2
यादवको नेतृत्वमा डिनको १३ सदस्यीय नयाँ कार्यसमिति चयन	1
यसरी सुरक्षित रुपमा प्रयोग गर्नुहोस् सार्वजनिक वाइ–फाइ	2
युक्रेन-रुस युद्धः बन्दरगाह शहर खेअरसन रुसी फौजको नियन्त्रणमा-मेयर	0
राज्य विधिमा नहिँडेमा अर्थतन्त्र बिग्रने र त्यसको भयावह परिणामः अध्यक्ष ओली	0
ग्यास आपूर्ति ठप्प पार्ने व्यवसायीको चेतावनीपछि धमाधम सिलिन्डर भर्दै उपभोक्ता	0
नेशनल हाइड्रोको साधारण सभा स्थगित, चैत्र ८ गतेदेखि आईपीओ निष्कासन गर्ने	0
रापबोर्डमा बेथिति : ६५ प्रतिशत कर्मचारी अस्थायी, करार र ज्यालादारी	0
आफ्नै भोगाईले पेडियाट्रिक नर्सिङ रोजेकी सृजना भोमी	1
नेपाल र दक्षिण अफ्रिकाबीच द्विपक्षीय साझेदारीमा हस्ताक्षर	2
युक्रेन युद्ध: भारतीय डाक्टर जो युक्रेनमा ज्यागुआर र प्यान्थरसँग फसेका छन्	0
आयोग उपाध्यक्ष पौडेलले वडास्तरको योजना संघमा सारे	1
चीन सरकारको द्वैध चरित्र: एकातिर चरम दमन, अर्कोतिर आश्वासन	0
न्युकासल युनाइटेडमाथि चेल्सीको जित	1
बैंकिङ कुसरका फरार प्रतिवादी पक्राउ	1
टिभिएस रेडर १२५ले पायो 'इन्डियन मोटरसाइकल अफ द इयर'को उपाधि	2
२५ वर्ष पुगिन् जाह्रवी	1
एपीएफ क्लबलाई अग्नि ग्रुपको बधाई	1
डीएभीद्वारा शिक्षा क्षेत्रमा समर्पित महिला सम्मानित	2
कोभिड - १९ उच्च सङ्क्रमित भएका ९ देशहरू कुन कुन हुन् ? हेर्नुस् सूचीसहित 	0
चर्च ब्वाइज युनाइटेडको मेडिकल पार्टनरमा अर्थोप्लाष्ट रिह्याब सेन्टर	2
रुसी विदेशमन्त्रीले युक्रेनी समकक्षीसँग बिहीबार भेटवार्ता गर्ने	2
पानी कसरी, कुन बेला पिउने गरेमा शरीर स्वस्थ रहन्छ ?	2
उपेन्द्र यादवको अधिकार कटौती	0
चित्रमा समाजबाट हराउँदै गएका सामाग्रीहरू (फोटोफिचर)	1
पिएसजीको नेइमार मिशन फेल !	0
एभर्टनमाथि टोटनह्यामको शानदार जित	2
मेयर कप क्रिकेट : थालिगडा र देहिमाडौँ विजयी	2
टोटनह्यामलाई पराजित गर्दै मिडल्सब्रोग एफए कपको क्वार्टरफाइनलमा	2
प्रतिनिधिसभाको बैठक बस्दै, यस्तो छ सम्भावित कार्यसूची 	1
रुपन्देही सुपर लिगमा शंकरनगर विजयी	1
नेपाललाई खेलकुदबाट चिनाउने पाँच महिला खेलाडी	2
आज दिनभरका आर्थिक गतिविधि हेर्नुहोस् (भिडियोसहित)	1
भिजिट भिषामा सरकारको नयाँ व्यवस्था: क-कसले जान पाउँछन् उक्त भिषामा ?	1
प्रचण्ड सुर्खेत पुगेकै बेला माओवादी कर्णालीका प्रमुख सचेतकले त्यागे पार्टी, सभामुखलाई बुझाए राजीनामा	0
खाने तेल अनावश्यक मौज्दात नराख्न उपभोक्तालाई संघको आग्रह 	2
सृष्टिको ‘राधा’ र अदितीको 'बाबरी' आगामी भदौमा रिलिज हुने	1
रुसी सैनिक युक्रेनको अर्को आणविक संयन्त्रतर्फ बढ्दैछ : राष्ट्रसंघमा अमेरिकी राजदूत	0
चौधरी ग्रुपले उद्योगका कामदार कर्मचारीको गर्‍यो नि : शुल्क स्वास्थ्य परीक्षण	2
५ देखि १२ वर्षका बालबालिकाका लागि यसै महिना काेराेना खाेप ल्याइन्छ : मन्त्री खतिवडा	2
गलत नियतले सुपारी आयात खुलाइयो : संसदीय समिति	0
अब ह्वाट्सएपमा एकजनालाई भन्दा बढी म्यासेज फर्वाड गर्न नमिल्ने	1
निफमा ३८ देशका ८९ फिल्म	0
सोभियत संघबाट टुक्रिएका देशमा सैन्य केन्द्र नराख्न रूसको चेतावनी	0
५० बढी विद्यालयमा बेलायती आईटी कोर्ष ‘डिजी स्कुल’	1
खानेपानीलाई २ अर्ब सहयोग	2
खलनायकले जितेको समय र सलैजो	1
कस्तो छ अहिले हलमा चलिरहेको 'लप्पन छप्पन-२'?	1
सुनकोशीको सुख्खा क्षेत्रमा ४८ करोडको लागतमा खानेपानी पुर्‍याइँदै	2
भिसा नेटवर्कका प्रयोगकर्ताले अब फोनपेको क्युआर स्क्यान गरी भुक्तानी गर्न सक्ने	2
विनोद चौधरीको आत्मकथा मंगोलियन भाषामा	1
अब २ हजारमै भ्रूणमा वंशाणुगत रोगबारे जानकारी पाउन सकिने, राष्ट्रिय जनस्वास्थ्य प्रयोगशालामा परीक्षण सुरु	2
आमाको दबाबमा गोबिन्दाले तोडेका थिए निलमसँग सम्बन्ध, नायिकाले विवाह टुटेपछि दोस्रो पटक बसाएकी थिइन् घर	0
एनएसएलका कारण विवादमा घरेलु फुटबल, एन्फा मूकदर्शक	0
एक लाख डाउनलोडसँगै “फाइनान्सियल नोटिसेस” एप नयाँ स्वरुपमा, के–के छन् नयाँ सुविधाहरु ?	1
एमसीसी अनुमोदन प्रस्ताव कानुनसम्मत नभएको ओलीको दाबी गलत, आफैंले भनेका थिए– यही प्रस्ताव अघि बढाऔं	1
आर्मीले चाैथाे पटक झापा गाेल्ड कपकाे उपाधि जित्याे, झापा–११ पाँचाैँ पटक उपविजेता बन्याे	2
अमेरिकाले गलत सूचना फैलाइरहेको छ : चीन	0
चीनसँगको व्यापार– ल्हासामा सुन छ, कान मेरो बुच्चै !	0
बायोपिक फिल्मको तयारीमा थिए शेन वार्न	0
पेट्रोलियम पदार्थमा उपभोक्तालाई थरी थरीका कर, के–मा कति ?	0
सुजुकी नारायणीले ल्यायो ‘मेगा होली एक्सचेन्ज अफर’	2
मिल्टन इन्टरनेशन कलेजले मनायो विश्व सामाजिक कार्य दिवस	2
गण्डकी प्रदेश सभाको नवौं अधिवेशन सुरु	2
कार्यसम्पादन मूल्याङ्कनमा महानगरभन्दा गाउँपालिका अगाडि (हेर्नुस् ७५३ वटै तहको विवरण)	2
वेब एपलाई सुरक्षित राख्न ह्वाट्सएपले ल्यायो निःशुल्क ब्राउजर एक्सटेन्सन	2
बाथरूमकाे सरसफाइले देखाउँछ घरको सुन्दरता	2
दोस्रो जितसँगै झापा फाइनलमा	2
‘चिसो एस्ट्रे’बाट सृष्टि श्रेष्ठको फिल्मी क्षेत्रमा होला त ‘पुनर्जन्म’?	1
बिमा कम्पनीहरुले लगानीकर्तालाई यसरी बनाउँदैछन् झन् खुशी	2
नारायणकाजी र विप्लवबीच भेटवार्ता	1
ऋचा शर्माको फिल्म ‘कौसीद’ आगामी जेठ २७ मा रिलिज हुने	1
पाकिस्तानमा भएको पीएटीएस प्रतियोगितामा स्वर्ण जितेका सैनिकहरूलाई सम्मान	2
ड्राइभर बिरामी परेपछि साहु आफैंले हाँकेका थिए संखुवासभामा दुर्घटना भएको बस	0
बजारमा खानेतेलको कृत्रिम अभाव	0
फेरि आक्रमण नहोला भनेर कसरी विश्वास गर्ने ?	0
महालक्ष्मी विकास बैंकका अध्यक्ष राजेश उपाध्यायले लिए सपथ	1
कुन निर्वाचनमा कस्ता रङका मतपत्र थिए ? रापस चुनावदेखि स्थानीय तहसम्मका तस्बिरसहित	1
आम्ची उपचार विधिलाई मान्यता दिए परम्परागत ज्ञान र जैविक विविधता संरक्षण हुने	2
वार्षिकोत्सवको अवसरमा प्रदेश १ मा सेञ्चुरी बैंकद्वारा विविध सामाजिक कार्यको आयोजना	2
सलमान खान र फरहान मेरा क्रस हुन् : अभिनेत्री दिव्या दत्त	1
निजामती कर्मचारी युनियनको उम्मेदवारी घोषणा	1
रामका बाबुको नाम नेमी थियो : ओली	1
स्थानीय चुनावको चर्चामा युवाहरूको विशेष आकर्षण	2
फिल्म रिलिजका लागि जुर्मुराउँदै निर्माता	1
काश्मिरमा चिता हेलिकोप्टर दुर्घटना	0
कांग्रेस धनुषाको सभापति पदमा पुनः निर्वाचन हुने	1
‘गंगुबाई काठियावाडी’पछि आलियाले बलिउडमा राज गर्लिन् ?	1
युक्रेनमा रुसी हमलापछि ताइवानका ‘रिजर्भ सैनिक’लाई तालिम	0
इन्टरकाे सानदार जितमा मार्टिनेजकाे ह्याट्रिक	2
तेस्रो विश्वयुद्ध टार्न युक्रेनलाई मद्दत गर्न विदेशमन्त्रीको माग	0
म्यान्चेस्टर डर्बीः सिटीसँग युनाइटेडको लज्जास्पद हार	0
ग्रीन भेन्चर्सको शेयर रजिष्ट्रार लक्ष्मी क्यापिटल, सर्वसाधारणको लागि शेयर निष्काशन गर्ने	2
रुसी सेना पसेपछि चार लाख युक्रेनी घर छाडेर रोमानिया छिरे	0
रुसमा रहेको युक्रेनको दूतावासबाट झण्डा हटाइयो	0
युक्रेनको पक्षमा मत दिँदा नेपाल अमेरिकी खेमामा गयो भन्न मिल्दैनः अर्जुनबहादुर थापा (अन्तर्वार्ता)	1
गृहमन्त्रीलाई भेटेर महिला सांसदहरुले भने- पल शाह बलात्कार प्रकरणमा पीडितमाथि बढी प्रहार भयो	0
‘आप’को विजय र नेपालमा विकल्पको जिज्ञासा	1
इराकमा रहेको गोप्य इजरायली अड्डामा प्रहार गरेको इरानको दाबी	0
साइबर आक्रमणबाट जापानमा टोयोटाको कार उत्पादन उत्पादन ठप्प	0
नेपाली धावक नारायणले कुवेतमा जिते उपाधी	2
राणाकालीन अभिलेखलाई दुरुस्त पारिँदै	2
यसकारण चाहन्छन् देउवा चुनावी गठबन्धन	1
गिरिजाप्रसाद कोइराला स्मृति हक्की प्रतियोगिता चैत ८ गतेदेखि	2
म्याग्दीको केराखेतीमा गवारोको समस्या, किसान चिन्तित 	0
प्रेममा रहेको सुहानाको संकेत, अनमोल भन्छन्- आज्ञा साथी मात्र 	1
विविध सिर्जनामा पोखिए कलाकार	1
वरिष्ठ रुसी सञ्चारकर्मी भन्छिन्– आफ्नै देशसँग लाज लागिरहेको छ, युक्रेनसँग घुँडा टेकेर माफी चाहन्छु	0
रुसी आक्रमणमा न्युयोर्क टाइम्सका पत्रकारको निधन	0
काठमाडौँ उपत्यकामा अध्ययनरत दुर्गमका विद्यार्थीलाई निःशुल्क इन्डक्सन चुलो	2
पाँचपोखरी टी–२० जिल्लास्तरीय प्रतियोगिताको फाइनल आज हुँदै	1
गुगलको सहारामा ६ हजार ८३६ किलोमिटरको यात्रा	2
युक्रेनबाट पोल्याण्ड पुगेका नेपाली युवाको भारतद्वारा उद्धार	2
हाम्रोपात्रोमा २५ जना विद्यार्थीलाई हाम्रोपात्रोमा फेलोशिप, कोको भए छनौट ?	2
हिमाल पारीको गाउँले बने प्रदिप र दिया, ‘प्रकाश’को फस्टलुक सार्वजनिक	1
कस्तो छ वनस्पतिमा आधारित कोरोनाविरुद्धको पहिलो खोप ?	1
हामीले रुस सामु आत्मसमर्पण गरेका छैनौँ र गर्ने छैनौँ : युक्रेनी विदेशमन्त्री	0
नाम मात्रैको ढुङ्गेधारा (फोटोफिचर)	0
एकीकृत समाजवादीका १५ प्रस्ताव : भ्रष्टाचारीमाथि कारबाहीदेखि मल कारखानासम्म	1
के छ चिनियाँ विदेशमन्त्री वाङ नेपाल आउन लाग्नुको भित्री उद्देश्य ?	1
साना दल र मोर्चाले एमसीसीको विरोधमा थप आन्दोलन गर्ने	0
इंग्लिस प्रिमियर लिग : वेस्ट ह्यामविरुद्ध लिभरपुलको जीत	1
के हो ‘म्यान इन द मिडल अट्याक’, कसरी जोगिने ?	2
अनुहार सुन्दर बनाउने केही घरेलु उपाय	2
रविन तामाङको आवाजमा ‘चिसो एष्ट्रे’को शीर्ष गीत 	1
बेजोड विषय उठान गर्दागर्दै बहकिएका प्रकाश सपुत	0
नेपाल-भारत-बाङ्ग्लादेश बस यात्रा: ‘पाँच-छ महिना’मा सुरु हुनसक्ने	2
सांगीतिक क्षेत्रमा फर्किँदै नितेश जंग कुँवर	2
युक्रेनको समर्थनमा राजदूतहरु बौद्धमा भए भेला, दीप प्रज्वलन गर्दै युद्ध अन्त्यको कामना	2
सुन्ने क्षमता कम हुन नदिन यसरी गर्नुस् कानको सुरक्षा	2
प्रधानन्यायाधीश जबराविरुद्धको महाभियोग प्रस्ताव संसद्मा पेस गर्ने तयारी	0
पाँच विधामा सात नगरपालिका उत्कृष्ट	2
हजारौँ रुसी नागरिक देश छाड्दै, बौद्धिक पलायनले संकट निम्त्याउन सक्ने	0
सिक्किमको आरपी एफसीलाई पराजित गर्दै झापा-११ सेमिफाइनलमा	1
स्थानीय तहका तीन सय जनप्रतिनिधि बलात्कारदेखि भ्रष्टाचारसम्मका मुद्दा खेप्दै	0
युक्रेनले रुससँगकाे युद्ध जित्ने अमेरिकाकाे दावी	0
रुस–युक्रेन आक्रमण १२ औं दिनमा, नझुके नामनिशान मेटाइदिने  पुटिनको धम्की 	0
रुसको निशानामा अस्पताल, विद्यालय र आवासीय क्षेत्र	0
स्पेनिस ला लिगामा बार्सिलोना तेस्रो स्थानमा उक्लियो 	1
एमसीसी ल्यायौँ भन्दा पनि राजनीतिक धारणा बदलियाे	1
मिर्गौला दिवसमा मैत्रीपूर्ण फुटबल	2
नेत्रहीन क्रिकेटरको खेल कौशल (फोटो फिचर)	1
ध्रुवचन्द्रको ‘ह्याङ्गरमा झुण्डिएको आकाश’ विमोचन	1
स्वास्थ्य बेवास्ताका कारण ६० प्रतिशत मानसिक रोगी	0
आफ्नो फेसबुकको स्क्रिनशट कसैले लिन नसकोस् भन्ने चाहनुहुन्छ ? यसो गर्नुहोस्	1
नेपाली फिल्मको प्रचार गर्न बेल्जियमकी हिरोइन क्यारोलिन काठमाडौंमा	1
कांग्रेस धनुषाको नेतृत्व छान्न आज मतदान, सभापतिका लागि तीन जना मैदानमा	1
आगामी निर्वाचनपछि बन्ने सरकार समेत गठबन्धनकै हुनेछ : प्रधानमन्त्री देउवा	0
श्रीलंकाको प्रथम श्रेणी क्रिकेट खेल्ने टोलीविरुद्ध चार नेपाली ब्याट्सम्यानले बनाए अर्धसतक	2
‘मेरो लागि बजेट ठूलो हो, एउटा फिल्मलाई ५० दिनभन्दा बढी समय दिन सकिँदैन ’	1
एमाले निर्णायक, एमाले नै अस्पष्ट	1
पल शाह प्रकरणबारे बोले दीपकराज, भने - उनको आजको नियतिमा आफूलाई पनि दोषी देखिरहेको छु	0
अस्ट्रेलियामा बाढीका कारण ११ जनाको मृत्यु	0
नेविसंघ नेताले मागे जिम्मेवारी, टर्च बालेर खोज्नुपर्ने दिन आएको गुनासो	0
घिमिरेलाई गान्धी नोबेल पिस अवार्ड 	2
स्थानीय तह निर्वाचनमा उम्मेदवारलाई खर्चको ‘सिलिङ’	2
पल प्रकरण : प्रियंकाले भनिन् ‘पीडित हुँ भन्न ठूलै हिम्मत चाहिन्छ ?’	0
एमाले दैलेखको  अधिवेशन १ चैतमा	1
हेटौंडा सिमेन्टको महाप्रबन्धकका लागि १२ जनाको आवेदन (सूचीसहित)	1
लिभरपुलले सिटीसँगको अंक दूरी घटायो, यस्तो छ समग्र अवस्था	1
विनित कुमार बने प्राइम भलिबलको उत्कृष्ट खेलाडी	2
चकचके केटोका कारण उडिरहेको विमानमा हङ्गामा 	0
आत्मघाती गोलले बायर्न रोकियो	0
रुसी आक्रमणले युक्रेनमा पाँच दिनमै कम्तीमा २२७ सर्वसाधारणको मृत्यु	0
कार्यसम्पादन मूल्याङ्कनमा कञ्चनपुरका दुई नगरपालिका उत्कृष्ट	2
बस्ती जोगाउन ढुंगा हटाउँदै सेना	2
२२ वर्षदेखि तरकारी र फलफूल खाएकी छैनन् यी युवतीले	0
रुसले युद्धविराम कार्यान्वयन गरेन : युक्रेन	0
यस्ता छन् चना खानुका फाइदाहरु	2
टिकटकमा १० मिनेटको भिडियो बनाउन मिल्ने, युट्युबसँग प्रतिस्पर्धाको लक्ष्य	1
काठमाडौंमा लाखौ घरजग्गा एकैपटक विक्रीमा ! घट्ला त घरजग्गाको मूल्य ?	1
वाटफोर्डलाई हराउँदै आर्सनल शीर्ष चारमा उक्लियो	1
युक्रेनमा अर्का भारतीय विद्यार्थीको मृत्यु	0
पशुपतिमा अनलाइनबाटै पूजा गर्न सकिने, घर-घरमा प्रसाद डेलिभरी	2
'काम गर्न के को लाज ? सडकमा साग बेचेरै खान लाउन पुगेको छ'	2
अभिनेता दीपकराज गिरीको कटाक्ष – गल्ली गल्लीमा न्यायलय, घर घरमा न्यायाधीश	0
पाकिस्तानलाई भारतले भन्यो: प्राविधिक गडबडीले क्षेप्यास्त्र त्यता गएछ	0
रुसको आक्रमणपछि युक्रेनका १४ लाख जना बालबालिका देश छाड्न बाध्य	0
हारपछि कांग्रेसले सोध्यो, ‘हिन्दु–मुसलमान चल्नेछ वा रचनात्मक राजनीति चल्नेछ ?’	0
रुस- युक्रेन साइबर युद्ध चर्चाः ह्याकरदेखि ह्वाइट हाउससम्म	0
रुस युक्रेन युद्धका कारण यसरी बढ्दैछ क्रिप्टोकरेन्सीको महत्त्व	0
उपभोग्य बस्तुकै आयात नियन्त्रण भइरहेको बेला खुलाइयो केराउ, मरिच र सुपारीको आयात	1
कानूनी कारणले युट्युबले लगायो युट्युब भ्यान्सड सफ्टवेयर माथि प्रतिबन्द 	0
बच्चालाई खुसी बनाउन चाहनुहुन्छ ? १० मिनेटमै बनाएर पिलाउनुहोस् स्ट्रबेरी मिल्कशेक	2
भताभुंग कांग्रेसका भ्रातृ संगठनहरू	0
नयाँ वेब ब्राउजर एक्सटेन्सन सार्वजनिक गरेर वेब च्याटलाई अझै सुरक्षित बनाउँदै ह्वाट्सएप	2
चक्रपथभित्र पाँच सय स्थानमा फायर हाइड्रेन्ट स्थापना गरिने	2
घरमा कहिल्यै नराख्नुहोस् यस्ता वस्तु, वास्तुशास्त्रले यसो भन्छ	1
राजधानी किभ, खार्किभ, मारिपोल, सुमीलगायतका शहरमा युद्धविराम	2
म्याग्दीमा ११ जलविद्युत् आयोजना बन्दै	2
ओछ्यानलाई कसरी बनाउने आकर्षक?	2
कोरोनाको ओरालो यात्रा, २४ घण्टामा ९१ संक्रमित	2
अवरुद्ध संसद् सञ्चालन गर्ने वातावरण मिलाउन एमालेलाई सत्ता गठबन्धनको आग्रह	1
पलको बयान– जबर्जस्ती गरेको होइन, गुडनाइट भनेर फर्किएको हुँ	0
यौनहिंसा ठहरे पललाई १२ वर्षसम्मको कैद	0
स्पोर्ट्स अवार्ड : अरुणा र विराज सर्वोत्कृष्ट	2
श्रममन्त्री खाडी तथा अफ्रिकी मुलुकको भ्रमणमा	1
के हो एफपीएस, अनि कसरी बन्छ ‘स्लोमो’ र ‘टाइम ल्याप्स’ भिडिओ ? यसरी बुझ्नुहोस्	1
भात खान नपाएको निहुँमा जब ठेकेदारहरुबीच हात हालाहालको स्थिति आयो	0
मन्त्रीको गुनासो : अनुदान पाए पनि प्रदेशले द्रुत गतिमा खानेपानी आयोजना सम्पन्न गरेनन्	0
पाँच हजार परीक्षण हुँदा ५८ जनामा कोरोना सङ्क्रमण	0
पारस प्रिमियर स्टीलका ब्रान्ड एम्बास्डर	1
द कश्मिर फाइल्स : कपिल शर्माले अनुपम खेरलाई किन भने धन्यवाद	1
फेसबुक ग्रुपमा अब गलत सूचना पोस्ट भए स्वतः हट्ने	2
राजपुर गाविसका तत्कालीन सचिव घिमिरेसहित तीन जनाविरुद्ध भ्रष्टाचार मुद्दा	0
‘विप्लवहरुको सभामा झलनाथले बोल्ने सम्भावना कम’	1
भोलीबाट आइएमई जनरल इन्स्योरेन्सले ४६ करोड ३० लाख बढिको हकप्रद निष्काशन गर्दै, कति कित्ता ?	2
आइडलमा विश्वासले गाउँदा शुवानी हेरेको हेर्यै, सुनेको सुन्यै	1
अब देशभित्र प्रतिव्यक्ति दिनमा २५ हजारसम्म मात्र पठाउन पाइने	1
महिलाको सर्वाङ्गीण विकासमा सबैको ध्यान जानुपर्छ : उपराष्ट्रपति	2
विराटनगरका विपन्न ३२ मुसहर परिवारलाई आधुनिक घर	2
हामी दाप्सा पेटले यिनलाई कहिले तह लगाउने!	1
कालो धनको धमिलो कथा	1
भारतले ‘दुर्घटनावश’ प्रहार गरेको क्षेप्यास्त्रको संयुक्त रूपमा छानबिन गर्न पाकिस्तानको माग	0
आवासीय भवनमा लुकेर बसेका युक्रेनी सेनामाथि रुसी ट्यांकले गरे प्रहार (भिडियो)	0
युक्रेन आक्रमणपछि रसियनहरुले किन देश छोड्दैछन् ?	0
विराटनगरमा नौदिने व्यापार मेला हुने	2
सिरियाली लडाकु भर्ना गर्दै रुस : अमेरिका	0
यूएई उड्नुअघि अन्तिम अभ्यास खेलमा पराजित भयो नेपाली टोली, अनुभवी श्रीलंकन हावी	0
८० प्रतिशत बीउविजन निजी क्षेत्रबाटै आपूर्ति	2
सबै मतदान केन्द्रमा निःशुल्क वाई-फाई व्यवस्था गर्न माग	2
विश्व कप क्रिकेट लिग 'टु' का लागि नेपाली क्रिकेट टोलीको घोषणा	2
पूजा शर्माले सार्वजनिक गरिन् आफ्नो प्रेमी	1
गुजरात टाइटन्सको जर्सी सार्वजनिक	1
एमसीसीले देशको अर्थतन्त्रलाई चलायमान बनाउँछ- गृहमन्त्री खाण	2
युक्रेन-रुस युद्धः किएभमा टेलिभिजन टावरमाथि हमला, कम्तीमा पाँचजना मारिए	0
च्याम्पियन्स लिगः सानदार जितसहित बायर्न क्वाटरफानलमा	2
नेष्डो समृद्ध लघुवित्तको आईपीओ शुक्रबार बाँडफाँड हुने	1
प्लाइउड उत्पादक संघ गम्भीर	0
विश्वभर आजः यस्ता छन् तपाईंले थाहा पाउनुपर्ने दिनभरका अन्तर्राष्ट्रिय घटनाक्रम	0
फ्रान्सको राष्ट्रपतीय चुनावमा फेरि म्याक्रोँले जित्ने सम्भावना बढी 	1
पाभेल : प्रिय र अविस्मरणीय पात्र	1
रूसी मिडियाका युट्युव च्यानलमाथि युरोपमा प्रतिबन्ध	0
लभिभमा किन गर्‍यो रुसले आक्रमण ?	0
जलवायु परिवर्तन खतराको घण्टी	0
विदेशबाट नेपाल आउँदा खोप कार्ड वा पीसीआर रिपोर्टमध्ये एउटा भए पुग्ने	1
मध्यकमान्ड सेनापति ट्रफीमा २८ नम्बर वाहिनी विजयी	2
आजको मौसम : प्रदेश १ र गण्डकी प्रदेशका केही स्थानमा हल्का वर्षाको सम्भावना	1
प्रभासका फ्यानले ‘राधे श्याम’ हेरेर आत्महत्या गरेकै हुन् ?	0
२०७९ सालका सार्वजनिक विदा कहिले–कहिले ?	1
नेपाल आइडल सिजन–४ : बाहिरिइन् सुमिन (भिडियो)	0
एटलेटिको र म्यानचेस्टर युनाइटेड भिड्दै	1
आजदेखि धनगढीमा नेपाली साहित्य महोत्सव	2
सार्थक चम्कदा पाँचपोखरीको लगातार दोस्रो जित	2
आज नेपालले पपुवा न्युगिनीविरुद्ध खेल्दै	2
खरीद नियमावली यथाशीघ्र कार्यान्वयनमा ल्याउन पहल गर्छु : अध्यक्ष सिंह	2
कैलाली कारागारका एक कैदीको मृत्यु	0
के तिमी मलाई अब स्वीकार्दैनौ त?	1
के तपाईलाई पाइल्स छ ? भुलेर पनि नखानुहोस् यी खानेकुरा	2
वैशाखदेखि पूर्ण रूपमा सञ्चालनमा आउँदै एमडीएसएस, आईएमईआई नम्बर दर्ता नभएका मोबाइल नचल्ने  	2
जोन्टा क्लब अफ काठमाडौंद्वारा 'येलो रोज डे' मा प्रेरणादायक महिलाहरु सम्मानित	2
सामाजिक सञ्जाल र युवा	1
‘सुसाइड’ नोट लेखेर आत्महत्या प्रयास गरेका चारजना अझै अचेत, एकको मृत्यु	0
आयात निरुत्साहीत गरेसँगै विदेशी मुद्रा सञ्चिति माथिको चाप कम, रेमिट्यान्स घट्ने क्रम जारी	1
आफन्त बाहेकले मृगौला दान गर्न नपाउने कानून संशोधन गर्न सरकार तयार	2
डुब्न लागेको भोडाफोन उकास्न १ खर्ब ४५ अर्ब भारु लगानी जुटाइने	1
जैविक मल र विषादीको प्रयोगलाई बढावा दिऔँ : मन्त्री चौधरी	2
पूरा हुँदै खेल मैदान सपना	2
युक्रेनका ठूला शहरमा रुसी सेनाको बमबारी, खार्किभमा २१ जना मारिए	0
एनभिदिया ग्राफिक्स रहेका सबै उपकरण बिटक्वाइन माइनिङ मसिन बनाइदिने ह्याकरको चेतावनी 	0
आईएसएमटी कलेज चितवनमा बेलायतको युनिभर्सिटी अफ सन्डरल्यान्डका शैक्षिक कार्यक्रम	2
बाबुरामको विद्रोहले गले उपेन्द्र : जसपामा कुर्सीको लफडाले भुइँमै बसे नेताहरु	1
एकै महिनामा ५ पटक बढ्यो कुखुराको मासु : उपभोक्ताले ४४० तिर्दा किसानको हातमा २८० मात्रै !	0
खानेपानी व्यवस्थापनका लागि कानून बन्न नसकेको गुनासो	0
आज बैंक तथा वित्तिय संस्था र नेप्से बन्द	0
वाग्मती प्रदेश पुरुष फुटबलः मकवानपुर र रामेछाप विजयी	2
यू-१८ टिमकी कप्तान प्रिती भन्छिन्- भारतबाट उपाधि लिएर फर्कन्छौं	2
प्रभु बैंकले शुरु गर्यो फोन लोन सुविधा, सजिलै २ लाख रुपियाँसम्म पाइने	2
र्‍याप गायन रियालिटी शो ‘नेपहपको श्रीपेच’ मंगलबारदेखि प्रसारण हुने	2
कर्णालीका मन्त्री शाहीको सम्पत्ति एक हल गोरु र १२ ओटा बाख्रा	1
संघीय निजामती सेवा ऐन यथाशीघ्र जारी हुन्छ : प्रधानमन्त्री देउवा	2
विद्यालयको पाठ्यक्रममा अपाङ्‌गता शिक्षा समावेश गर्नुपर्छ	2
‘युक्रेनले इयूको सदस्यता पाउनका लागि युद्ध रोकिनुपर्छ’	1
ओपन सोर्स सफ्टवेयर भनेको के हो ? कसरी फाइदा लिने ?	1
फेन्सिङमा खेलाडी टिकाउनै मुस्किल	0
‘ग्लोबल पर्स्पेक्टिभस् अन जर्नालिज्म इन नेपाल’ प्रकाशित	1
आनन अच्युतको झञ्झावात सार्वजनिक	1
विवाह गरेको ८ वर्षपछि आधिकारिक रुपमा सिंगल बनिन् किम	1
घरेलु मैदानमै बार्सिलोना बराबरीमा रोकियो	1
खप्तड गोल्डकप : मच्छिन्द्र र वाग्मती खेल्दै, नारी दिवसका अवसरमा महिलालाई प्रवेश निःशुल्क	2
